candidate_id,name,age,gender,category,state,district,is_aspirational_district,is_rural,qualification,skills,sector_preference,location_preference,cgpa,past_internship
C0001,Siddharth Ghosh,22,Male,SC,Rajasthan,Jodhpur,False,True,BA,"healthcare,project-management",Manufacturing,Coimbatore,6.5,True
C0002,Shalini Farooqui,23,Female,OBC,Lakshadweep,Agatti,False,True,BBA,"healthcare,javascript,teaching",IT,Kolkata,8.2,False
C0003,Ayaan Agarwal,22,Male,General,Haryana,Faridabad,False,False,MCA,"teamwork,digital-marketing,c++",IT,Kolkata,9.9,False
C0004,Harsh Hegde,22,Male,General,Madhya Pradesh,Singrauli,False,True,MCA,"marketing,project-management",Energy,Any,6.1,False
C0005,Komal Dubey,20,Female,EWS,Arunachal Pradesh,Papum Pare,False,True,B.Com,"teaching,project-management",Education,Kolkata,7.8,False
C0006,Aadhya Das,23,Female,SC,Tamil Nadu,Vellore,False,False,MBA,"data-analysis,graphic-design",IT,Any,6.2,True
C0007,Aadi Verma,25,Male,OBC,Puducherry,Puducherry,True,False,B.Tech,"research,leadership,cad,supply-chain,content-writing",IT,Any,7.9,False
C0008,Sam Mehta,20,Other,General,Nagaland,Kiphire,False,False,MCA,"excel,hr-management,civil",Education,Any,5.1,False
C0009,Navya Khan,23,Female,OBC,Delhi,North East Delhi,False,True,B.Tech,"digital-marketing,java,mechanical",Manufacturing,Bhubaneswar,5.8,False
C0010,Vikram Ali,25,Male,ST,Himachal Pradesh,Mandi,False,True,B.Tech,"agriculture,finance,leadership",Finance,Delhi,5.0,False
C0011,Aarohi Tiwari,21,Female,General,Jharkhand,Pashchimi Singhbhum,True,False,BSc,"data-analysis,healthcare,excel,c++,hr-management",Healthcare,Vadodara,6.5,False
C0012,Swati Ansari,23,Female,OBC,Puducherry,Karaikal,False,False,BSc,"java,agriculture,graphic-design,leadership",Energy,Any,6.8,False
C0013,Pooja Ali,24,Female,General,Tripura,North Tripura,False,False,BBA,"content-writing,digital-marketing",Manufacturing,Ahmedabad,5.6,False
C0014,Meera Hegde,23,Female,OBC,Dadra and Nagar Haveli and Daman and Diu,Diu,False,False,B.Com,"cad,java,project-management",Manufacturing,Any,5.7,False
C0015,Ira Ghosh,20,Female,OBC,Assam,Dhubri,False,True,MCA,"teamwork,content-writing,marketing,data-analysis,leadership",Manufacturing,Bangalore,7.1,False
C0016,Vikram Malhotra,25,Male,ST,Madhya Pradesh,Chhatarpur,True,False,B.Tech,"marketing,problem-solving,digital-marketing,accounting,data-analysis",Education,Gurgaon,8.9,False
C0017,Aanya Sen,24,Other,OBC,Arunachal Pradesh,East Siang,False,True,B.Tech,"javascript,communication,teamwork",Healthcare,Vadodara,5.0,False
C0018,Kabir Nair,23,Male,General,Tripura,South Tripura,False,False,MCA,"marketing,c++",IT,Any,9.4,False
C0019,Aryan Patil,25,Male,General,West Bengal,North 24 Parganas,False,False,B.Tech,"c++,civil,machine-learning,cad",Finance,Chandigarh,7.2,True
C0020,Rekha Patil,20,Female,OBC,Goa,South Goa,False,False,B.Com,"supply-chain,critical-thinking",IT,Vadodara,8.8,False
C0021,Aanya Nair,21,Female,General,Chhattisgarh,Dantewada,True,False,B.Tech,"electrical,accounting,healthcare,mechanical,teaching",Education,Chennai,5.3,False
C0022,Jyoti More,25,Female,EWS,Karnataka,Ballari,False,True,MCA,"finance,marketing,python,problem-solving,civil",Finance,Bhubaneswar,6.1,False
C0023,Pranav Ali,22,Male,OBC,Goa,South Goa,False,False,BSc,"communication,electrical,javascript,project-management,problem-solving",Education,Any,8.7,False
C0024,Arjun Desai,22,Male,EWS,Goa,South Goa,False,True,BSc,"hr-management,data-analysis,project-management",IT,Coimbatore,8.3,False
C0025,Aadhya Hussain,22,Female,OBC,Rajasthan,Kota,False,True,BBA,"electrical,hr-management,leadership",IT,Bhubaneswar,6.9,True
C0026,Aarav Reddy,20,Other,General,Chandigarh,Chandigarh,False,True,MBA,"communication,leadership,civil,data-analysis,supply-chain",Manufacturing,Any,6.0,False
C0027,Avni Bhatia,20,Female,OBC,Assam,Kamrup,False,False,BSc,"supply-chain,civil",Healthcare,Hyderabad,7.4,False
C0028,Diya Jain,23,Female,ST,Chandigarh,Chandigarh,False,False,B.Tech,"research,accounting,python",Education,Any,8.0,False
C0029,Preeti Tiwari,20,Female,General,Mizoram,Kolasib,False,False,B.Tech,"hr-management,teamwork,civil",IT,Bhubaneswar,8.0,False
C0030,Suresh Hussain,25,Male,SC,Jammu and Kashmir,Jammu,False,True,MBA,"project-management,mechanical",IT,Any,8.9,False
C0031,Komal Patil,23,Female,OBC,Telangana,Medchal,False,False,BSc,"graphic-design,hr-management,c++",Manufacturing,Any,6.7,False
C0032,Manish Agarwal,22,Male,OBC,Ladakh,Leh,False,True,BBA,"machine-learning,sql,project-management,healthcare,agriculture",Finance,Lucknow,8.2,False
C0033,Kabir Arora,20,Other,General,Punjab,Jalandhar,False,True,BA,"digital-marketing,data-analysis,content-writing,java,supply-chain",IT,Any,8.5,False
C0034,Ravi Siddiqui,21,Male,General,Assam,Kamrup,False,True,MCA,"healthcare,graphic-design",Energy,Any,9.0,False
C0035,Aarohi Das,22,Female,General,Manipur,Churachandpur,False,False,BA,"digital-marketing,data-analysis,marketing",Agriculture,Any,8.3,False
C0036,Pankaj Hegde,21,Male,OBC,Dadra and Nagar Haveli and Daman and Diu,Diu,True,False,B.Tech,"electrical,teamwork,leadership,sql",Education,Any,8.9,False
C0037,Myra Khanna,20,Female,SC,Mizoram,Aizawl,False,True,B.Tech,"communication,machine-learning,content-writing",Manufacturing,Any,8.1,False
C0038,Shaurya Khanna,22,Male,EWS,West Bengal,Jalpaiguri,False,False,BSc,"leadership,teaching,critical-thinking",Education,Pune,6.7,False
C0039,Karan Chatterjee,20,Male,OBC,Punjab,Ludhiana,False,True,B.Tech,"supply-chain,sql,electrical",IT,Indore,9.8,False
C0040,Anita More,23,Female,General,Jammu and Kashmir,Kupwara,True,True,MBA,"digital-marketing,content-writing,healthcare",Education,Kolkata,7.2,False
C0041,Anika Qureshi,25,Female,OBC,Assam,Guwahati,False,False,BBA,"cad,accounting,graphic-design,mechanical,python",Energy,Delhi,5.9,False
C0042,Anil Khan,20,Male,OBC,Ladakh,Kargil,False,False,BBA,"content-writing,supply-chain,accounting,teamwork",Finance,Kolkata,5.6,False
C0043,Anika Sen,22,Female,General,West Bengal,Maldah,True,True,BSc,"java,hr-management,supply-chain,mechanical,data-analysis",Finance,Bhubaneswar,7.6,False
C0044,Jyoti Mirza,24,Female,General,Maharashtra,Washim,False,True,B.Tech,"healthcare,digital-marketing",IT,Any,7.7,False
C0045,Rohan Sharma,24,Male,OBC,Chhattisgarh,Dantewada,False,False,MCA,"digital-marketing,civil,hr-management,cad",Education,Jaipur,7.5,False
C0046,Anjali Patel,21,Female,SC,Tamil Nadu,Chennai,False,True,B.Com,"c++,graphic-design,content-writing,teaching",Finance,Hyderabad,6.3,False
C0047,Vivek Ghosh,22,Male,SC,Goa,South Goa,False,False,B.Tech,"problem-solving,communication,leadership,finance",Manufacturing,Gurgaon,7.3,False
C0048,Naveen Subramanian,23,Male,OBC,Gujarat,Rajkot,False,True,BSc,"project-management,healthcare,mechanical,excel",IT,Delhi,5.7,False
C0049,Rekha Thakur,24,Female,General,Manipur,Imphal West,False,False,B.Tech,"project-management,teaching,python",Healthcare,Bangalore,6.5,True
C0050,Ananya Farooqui,24,Female,General,Delhi,East Delhi,False,False,BSc,"accounting,mechanical,electrical,marketing,civil",Finance,Vadodara,5.9,False
C0051,Morgan Ansari,23,Other,General,Chandigarh,Chandigarh,False,False,B.Tech,"content-writing,hr-management,leadership,machine-learning",Energy,Delhi,7.2,False
C0052,Manisha Mishra,25,Female,ST,Chandigarh,Chandigarh,False,True,B.Tech,"teamwork,teaching,hr-management",Manufacturing,Indore,5.0,False
C0053,Anita Choudhary,23,Female,General,Maharashtra,Osmanabad,False,True,BSc,"excel,civil",Agriculture,Any,8.2,False
C0054,Abhishek Ahmed,25,Male,SC,Lakshadweep,Minicoy,False,False,B.Tech,"hr-management,civil",Manufacturing,Mumbai,5.6,False
C0055,Aadi Pillai,22,Male,OBC,Andaman and Nicobar Islands,North and Middle Andaman,False,False,B.Tech,"supply-chain,cad,marketing,research,graphic-design",IT,Any,6.3,False
C0056,Aryan Joshi,22,Male,General,Chhattisgarh,Narayanpur,True,False,B.Tech,"teamwork,excel,python",Energy,Hyderabad,8.6,False
C0057,Yash Bose,20,Male,OBC,Maharashtra,Kolhapur,False,True,B.Tech,"leadership,java,mechanical,civil,c++",IT,Any,5.9,False
C0058,Abhishek Thakur,22,Male,General,Odisha,Koraput,False,False,BSc,"excel,graphic-design,critical-thinking,mechanical,electrical",Manufacturing,Gurgaon,7.2,False
C0059,Ravi Ali,20,Male,SC,Meghalaya,West Garo Hills,False,False,BA,"critical-thinking,java,teamwork",IT,Any,7.2,False
C0060,Anjali Gaikwad,25,Female,General,Telangana,Nalgonda,False,False,BA,"leadership,javascript,machine-learning,problem-solving,project-management",IT,Any,6.5,False
C0061,Anika Sen,22,Female,General,Odisha,Nabarangpur,False,True,B.Com,"research,electrical,teamwork,java,healthcare",IT,Coimbatore,6.3,False
C0062,Advik Patel,23,Male,General,Puducherry,Yanam,True,False,BSc,"healthcare,content-writing",Finance,Any,6.2,False
C0063,Sanjay More,24,Male,General,Gujarat,Rajkot,False,False,B.Tech,"content-writing,teaching,research",IT,Pune,6.5,False
C0064,Akash Ahmed,25,Male,General,Rajasthan,Jaipur,False,True,MCA,"project-management,critical-thinking,civil,supply-chain,cad",IT,Jaipur,6.3,False
C0065,Rani Bose,21,Female,OBC,Goa,South Goa,False,False,B.Com,"cad,teaching,critical-thinking,java",IT,Any,5.9,True
C0066,Kavita Singh,20,Female,ST,Uttar Pradesh,Balrampur,True,True,B.Com,"agriculture,research,data-analysis",IT,Any,6.9,False
C0067,Priya Kumar,23,Female,OBC,Manipur,Imphal West,False,True,BSc,"java,cad,leadership",IT,Any,8.1,True
C0068,Ravi Ansari,25,Male,OBC,Puducherry,Puducherry,False,True,MCA,"hr-management,java,content-writing",IT,Coimbatore,7.6,False
C0069,Pranav Arora,20,Male,General,Bihar,Nawada,True,False,BSc,"excel,data-analysis",Finance,Indore,6.8,False
C0070,Rohan Khan,25,Male,OBC,Andaman and Nicobar Islands,Nicobar,False,False,B.Tech,"c++,project-management,content-writing",Finance,Bhubaneswar,6.2,False
C0071,Akash Gaikwad,25,Male,ST,Punjab,Moga,False,False,BSc,"mechanical,java,problem-solving",IT,Any,8.1,True
C0072,Neha Verma,23,Female,OBC,Puducherry,Karaikal,False,False,BA,"sql,research",IT,Ahmedabad,7.8,False
C0073,Navya Mishra,22,Female,OBC,Manipur,Imphal East,False,False,B.Tech,"teaching,hr-management",Finance,Delhi,6.8,False
C0074,Anjali Bhatia,21,Female,OBC,West Bengal,Murshidabad,False,True,B.Com,"electrical,cad",IT,Chandigarh,7.3,False
C0075,Naveen Farooqui,24,Male,OBC,Goa,South Goa,False,False,B.Tech,"agriculture,research,digital-marketing,python",Healthcare,Noida,5.0,False
C0076,Ajay Mukherjee,21,Male,OBC,Mizoram,Lunglei,False,False,BSc,"javascript,mechanical,leadership",Energy,Gurgaon,8.0,False
C0077,Geeta Rao,22,Female,General,Telangana,Khammam,False,False,BA,"java,content-writing,leadership",Energy,Lucknow,9.7,False
C0078,Sonal Agarwal,22,Female,General,Chandigarh,Chandigarh,True,False,BSc,"leadership,finance",Finance,Coimbatore,7.7,False
C0079,Rekha Hegde,24,Female,General,Meghalaya,East Khasi Hills,True,False,BBA,"c++,electrical,content-writing,graphic-design,teaching",Education,Any,8.6,False
C0080,Bhavna Chatterjee,21,Female,SC,Telangana,Nizamabad,False,True,MBA,"javascript,cad,graphic-design,c++,sql",Finance,Bangalore,7.0,False
C0081,Rekha Shetty,23,Female,SC,Manipur,Imphal West,False,False,B.Com,"excel,graphic-design,java,teaching,accounting",Finance,Any,5.0,False
C0082,Pranav Mishra,23,Male,General,Gujarat,Gandhinagar,False,False,B.Com,"content-writing,leadership,agriculture",Healthcare,Noida,7.2,False
C0083,Ishaan Ali,23,Male,General,Jharkhand,Dumka,False,False,MBA,"communication,digital-marketing",Finance,Bangalore,6.3,False
C0084,Pooja Rajan,24,Female,OBC,Gujarat,Surat,False,True,MBA,"python,teamwork",IT,Gurgaon,8.0,False
C0085,Meera Menon,22,Female,OBC,Karnataka,Belagavi,False,False,B.Tech,"data-analysis,content-writing,leadership,problem-solving",IT,Nagpur,5.8,False
C0086,Anika Bhatia,23,Female,ST,Jammu and Kashmir,Kupwara,True,False,MBA,"leadership,project-management,digital-marketing,finance,hr-management",Finance,Noida,7.4,False
C0087,Suresh More,25,Male,ST,Himachal Pradesh,Solan,True,True,MCA,"marketing,graphic-design,finance",Energy,Any,5.1,False
C0088,Veer Ali,22,Male,OBC,Andhra Pradesh,Vizianagaram,True,False,MCA,"data-analysis,project-management,digital-marketing,excel",Education,Any,8.3,False
C0089,Manisha Bhatia,20,Female,General,West Bengal,Howrah,False,True,MBA,"graphic-design,teamwork",IT,Any,8.5,False
C0090,Manoj Arora,25,Male,ST,Uttarakhand,Dehradun,False,True,MBA,"content-writing,problem-solving,sql",IT,Vadodara,8.1,False
C0091,Divya Verma,22,Female,ST,Tamil Nadu,Vellore,False,False,B.Tech,"sql,healthcare,project-management,teamwork",IT,Any,8.4,True
C0092,Swati Joshi,25,Female,OBC,Odisha,Kalahandi,False,False,MBA,"marketing,digital-marketing",IT,Gurgaon,7.6,False
C0093,Nikhil Chatterjee,24,Male,General,Jammu and Kashmir,Baramulla,False,False,B.Com,"cad,javascript,digital-marketing",Healthcare,Bhubaneswar,5.6,False
C0094,Pooja Verma,23,Female,OBC,Sikkim,East District,False,True,B.Tech,"accounting,machine-learning,healthcare",IT,Indore,6.5,False
C0095,Kavya Mirza,25,Female,OBC,Chandigarh,Chandigarh,False,False,B.Tech,"civil,problem-solving,teaching,machine-learning,marketing",Agriculture,Vadodara,9.1,False
C0096,Veer Hegde,20,Male,ST,Delhi,North Delhi,True,True,B.Tech,"sql,problem-solving",Energy,Kolkata,8.7,False
C0097,Abhishek Iyer,21,Male,SC,Rajasthan,Karauli,True,True,BBA,"healthcare,leadership,communication",Education,Any,8.1,False
C0098,Vihaan Kumar,20,Male,General,Uttarakhand,Champawat,False,True,BBA,"graphic-design,machine-learning,problem-solving",Finance,Jaipur,8.3,False
C0099,Riya Choudhary,25,Female,OBC,Tamil Nadu,Virudhunagar,True,False,BA,"agriculture,supply-chain,accounting,sql,teaching",Finance,Any,7.6,False
C0100,Swati More,21,Female,OBC,Andhra Pradesh,Vizianagaram,False,False,BSc,"machine-learning,excel",Education,Lucknow,8.1,False
C0101,Mohit Reddy,25,Male,OBC,Odisha,Gajapati,False,False,B.Tech,"supply-chain,critical-thinking,research",IT,Ahmedabad,7.0,False
C0102,Sunita Rajan,22,Female,OBC,Arunachal Pradesh,Lower Subansiri,False,True,BSc,"agriculture,teaching,project-management",Agriculture,Chandigarh,6.5,False
C0103,Shaurya Hussain,22,Male,General,Arunachal Pradesh,Lower Subansiri,False,False,BBA,"accounting,machine-learning,communication,graphic-design,teamwork",Manufacturing,Any,7.9,False
C0104,Ayaan Sharma,24,Male,General,Goa,North Goa,False,True,BSc,"finance,problem-solving,leadership,agriculture,hr-management",IT,Vadodara,8.0,False
C0105,Sunil Ali,22,Male,General,Dadra and Nagar Haveli and Daman and Diu,Daman,False,False,B.Com,"healthcare,digital-marketing,teaching,python",Manufacturing,Nagpur,8.4,False
C0106,Aanya Choudhary,22,Female,ST,Uttarakhand,Tehri Garhwal,False,True,MCA,"project-management,cad,accounting,teaching,javascript",Manufacturing,Any,7.8,False
C0107,Tanvi Arora,24,Female,General,Arunachal Pradesh,West Kameng,True,False,B.Tech,"excel,healthcare,python,java",Healthcare,Any,6.8,False
C0108,Rudra Subramanian,25,Male,General,Karnataka,Yadgir,False,True,B.Tech,"graphic-design,java,research,communication,cad",Education,Chennai,6.2,False
C0109,Amit Shah,21,Male,ST,Karnataka,Belagavi,False,False,B.Com,"mechanical,excel,marketing,agriculture,c++",Manufacturing,Any,5.0,False
C0110,Ajay Jadhav,21,Male,General,Bihar,Gaya,True,True,B.Tech,"cad,teamwork",Education,Gurgaon,5.6,False
C0111,Aarohi Ahmed,20,Female,General,Dadra and Nagar Haveli and Daman and Diu,Daman,False,False,BSc,"excel,cad,sql,accounting,project-management",Manufacturing,Any,7.2,False
C0112,Usha Mukherjee,21,Female,OBC,Chandigarh,Chandigarh,False,False,BBA,"sql,research,data-analysis,hr-management,c++",IT,Kolkata,5.9,False
C0113,Anita Qureshi,24,Female,ST,Tamil Nadu,Tirunelveli,False,True,B.Tech,"project-management,marketing,supply-chain,c++,accounting",Energy,Kochi,8.2,False
C0114,Ajay Kulkarni,22,Male,ST,Nagaland,Kiphire,True,True,B.Com,"finance,data-analysis,agriculture,teaching,python",Agriculture,Indore,8.8,False
C0115,Shreya Banerjee,23,Female,General,Andhra Pradesh,Chittoor,False,True,B.Com,"electrical,communication",Finance,Noida,7.1,False
C0116,Varun Rao,24,Male,General,Arunachal Pradesh,Namsai,True,False,MBA,"electrical,c++,civil,finance,javascript",IT,Kochi,7.3,True
C0117,Pranav Hegde,25,Male,OBC,Maharashtra,Nashik,False,False,B.Com,"machine-learning,healthcare",Energy,Bhubaneswar,9.0,False
C0118,Laxmi Jadhav,25,Female,General,Meghalaya,East Garo Hills,False,True,B.Tech,"c++,civil,healthcare,python,content-writing",Finance,Any,6.8,False
C0119,Akash Shetty,23,Male,SC,Goa,South Goa,False,True,BA,"data-analysis,java",IT,Any,8.6,False
C0120,Sneha Menon,22,Female,ST,Chhattisgarh,Kanker,True,False,B.Tech,"problem-solving,electrical",IT,Bhubaneswar,8.4,True
C0121,Tanvi Roy,25,Female,SC,Kerala,Kozhikode,False,False,B.Tech,"java,javascript,graphic-design,python",Manufacturing,Any,5.6,False
C0122,Siddharth Desai,20,Male,General,Puducherry,Karaikal,False,False,B.Tech,"accounting,sql,project-management,machine-learning,problem-solving",Manufacturing,Mumbai,7.5,False
C0123,Naveen Iyer,21,Male,OBC,Bihar,Purnia,False,True,BBA,"communication,agriculture",IT,Any,7.8,False
C0124,Yash More,22,Male,EWS,Assam,Sonitpur,False,False,MCA,"javascript,teamwork",IT,Any,6.8,False
C0125,Usha Farooqui,21,Female,OBC,Puducherry,Yanam,False,False,MBA,"javascript,accounting,python",Healthcare,Any,7.1,True
C0126,Arjun Singh,24,Male,OBC,Maharashtra,Nagpur,True,False,B.Com,"excel,teaching",IT,Any,7.5,False
C0127,Aarohi Iyer,24,Female,General,Tripura,Unakoti,False,False,B.Tech,"mechanical,digital-marketing,communication,machine-learning,cad",Healthcare,Any,8.3,False
C0128,Asha Khanna,24,Female,SC,Madhya Pradesh,Jabalpur,False,True,BA,"project-management,sql",IT,Any,8.1,False
C0129,Rakesh Ansari,22,Male,EWS,Bihar,Sheikhpura,True,False,B.Com,"agriculture,healthcare,research,machine-learning",Manufacturing,Coimbatore,7.7,False
C0130,Karan Ahmed,24,Male,ST,Tripura,South Tripura,True,False,BSc,"javascript,problem-solving,machine-learning",IT,Bangalore,6.1,True
C0131,Ajay Nair,24,Male,General,Puducherry,Karaikal,False,False,BSc,"critical-thinking,leadership",Energy,Chennai,8.6,False
C0132,Abhishek Arora,20,Male,ST,Jharkhand,Sahibganj,True,False,B.Com,"machine-learning,critical-thinking,project-management",Manufacturing,Any,7.7,False
C0133,Kavya Shaikh,22,Female,EWS,Maharashtra,Nagpur,False,True,BSc,"mechanical,python",IT,Lucknow,8.3,False
C0134,Avni Ghosh,25,Female,ST,Sikkim,West District,True,True,MCA,"research,leadership,graphic-design",IT,Pune,7.4,False
C0135,Divya Jadhav,25,Female,OBC,Chhattisgarh,Kondagaon,False,False,B.Tech,"leadership,c++,sql",Finance,Vadodara,6.4,False
C0136,Suman Pandey,22,Female,OBC,Madhya Pradesh,Rewa,False,False,B.Tech,"leadership,finance,c++,marketing,civil",Healthcare,Vadodara,7.2,False
C0137,Reyansh More,23,Male,SC,Uttarakhand,Udham Singh Nagar,True,False,B.Tech,"c++,leadership,marketing,python,project-management",Education,Kochi,8.0,False
C0138,Ritu Pandey,20,Female,General,Andaman and Nicobar Islands,Nicobar,False,False,B.Com,"graphic-design,marketing",Healthcare,Any,5.8,False
C0139,Pooja Ghosh,22,Female,OBC,Chhattisgarh,Bijapur,True,False,MBA,"civil,excel",Education,Coimbatore,8.2,False
C0140,Veer Shetty,20,Male,General,Tripura,Gomati,False,False,BBA,"digital-marketing,java,supply-chain,leadership",Manufacturing,Ahmedabad,6.9,True
C0141,Anjali Subramanian,20,Female,General,Madhya Pradesh,Singrauli,True,False,B.Tech,"cad,graphic-design,marketing,supply-chain,python",Education,Any,7.8,False
C0142,Ankit Sharma,22,Male,General,Gujarat,Bhavnagar,False,False,BA,"agriculture,content-writing,leadership",Finance,Any,6.8,False
C0143,Shalini Mukherjee,20,Female,General,Delhi,North Delhi,False,False,B.Com,"research,marketing,python,problem-solving,accounting",Manufacturing,Hyderabad,7.4,False
C0144,Rajesh Kumar,24,Male,EWS,Meghalaya,West Garo Hills,True,True,B.Com,"digital-marketing,javascript",IT,Chandigarh,7.8,False
C0145,Neha Hussain,24,Female,SC,Mizoram,Aizawl,False,True,BBA,"marketing,supply-chain,cad",IT,Indore,6.9,True
C0146,Karan Bhatia,25,Male,EWS,Andaman and Nicobar Islands,Nicobar,False,True,MCA,"accounting,digital-marketing,teamwork,data-analysis,leadership",Manufacturing,Bangalore,5.8,False
C0147,Priya Siddiqui,22,Female,ST,Gujarat,Narmada,False,True,BA,"machine-learning,healthcare,project-management,digital-marketing",IT,Delhi,7.6,False
C0148,Casey Roy,25,Other,OBC,Lakshadweep,Minicoy,False,False,BA,"problem-solving,electrical",Finance,Any,6.6,False
C0149,Manoj Qureshi,21,Male,OBC,Gujarat,Gandhinagar,False,True,BSc,"data-analysis,javascript",Education,Nagpur,7.4,False
C0150,Sunil Desai,24,Male,OBC,Mizoram,Mamit,True,True,B.Tech,"content-writing,cad,agriculture,excel",Finance,Any,8.3,False
C0151,Avni Kulkarni,25,Female,OBC,Telangana,Nizamabad,False,True,B.Com,"research,content-writing,mechanical,hr-management,finance",Agriculture,Kochi,8.9,False
C0152,Vandana Tiwari,21,Female,General,Tamil Nadu,Salem,False,True,BBA,"mechanical,communication,python,leadership,teamwork",IT,Delhi,8.3,False
C0153,Arjun Jain,24,Male,OBC,Manipur,Imphal West,False,True,B.Tech,"sql,marketing",IT,Any,7.8,False
C0154,Atharv Sen,21,Male,OBC,Haryana,Faridabad,False,True,B.Tech,"hr-management,javascript,digital-marketing",IT,Gurgaon,7.5,False
C0155,Sai Sen,22,Male,SC,Telangana,Medchal,False,False,BA,"graphic-design,javascript",IT,Pune,6.8,False
C0156,Ayaan Arora,23,Male,General,Tamil Nadu,Coimbatore,False,False,BSc,"cad,agriculture",Manufacturing,Noida,8.2,False
C0157,Laxmi Shah,23,Female,General,Gujarat,Kutch,False,True,B.Tech,"graphic-design,electrical,java",IT,Lucknow,6.8,False
C0158,Kabir Arora,24,Male,EWS,Meghalaya,Jaintia Hills,False,True,B.Com,"cad,finance,marketing,machine-learning,supply-chain",Energy,Indore,5.4,False
C0159,Dhruv Hussain,22,Male,General,Bihar,Nalanda,False,False,MCA,"excel,accounting,graphic-design,content-writing,data-analysis",Agriculture,Kolkata,7.9,False
C0160,Rani Shaikh,25,Female,General,Dadra and Nagar Haveli and Daman and Diu,Diu,False,False,BA,"cad,teamwork,project-management,mechanical,digital-marketing",IT,Any,5.4,False
C0161,Rudra More,24,Male,ST,Chandigarh,Chandigarh,False,True,BA,"accounting,teaching,python,project-management,marketing",Energy,Any,7.1,True
C0162,Manish Ahmed,24,Male,EWS,Odisha,Balangir,False,True,BSc,"supply-chain,critical-thinking,healthcare",IT,Chennai,7.3,True
C0163,Sachin Hegde,21,Male,General,Tamil Nadu,Tiruchirappalli,False,False,MBA,"accounting,cad",Energy,Any,9.9,False
C0164,Ira Kumar,21,Female,General,Odisha,Cuttack,False,False,MBA,"machine-learning,mechanical,c++,supply-chain",Education,Nagpur,7.2,False
C0165,Krishna Mirza,20,Male,General,Lakshadweep,Agatti,False,True,MBA,"finance,digital-marketing,javascript,teaching,mechanical",Healthcare,Any,6.8,False
C0166,Manoj Rao,24,Male,SC,Ladakh,Kargil,False,False,B.Com,"marketing,content-writing,communication,teamwork,supply-chain",Finance,Any,8.3,False
C0167,Laxmi Pillai,25,Female,OBC,Tripura,Gomati,False,False,B.Com,"cad,project-management",Healthcare,Any,7.7,False
C0168,Aditya Ansari,24,Male,OBC,Gujarat,Vadodara,False,False,BA,"machine-learning,electrical,sql,javascript,content-writing",Manufacturing,Any,6.5,False
C0169,Aarohi Naidu,21,Female,OBC,Chandigarh,Chandigarh,False,True,B.Tech,"leadership,hr-management,finance,agriculture",IT,Chennai,8.5,False
C0170,Sunil Yadav,22,Male,SC,Andaman and Nicobar Islands,North and Middle Andaman,False,True,MCA,"electrical,communication,sql,hr-management",IT,Chandigarh,6.7,True
C0171,Gaurav Yadav,21,Male,General,Puducherry,Karaikal,False,True,MBA,"teamwork,mechanical,hr-management,teaching",IT,Any,6.4,False
C0172,Ayaan Khan,25,Male,ST,Punjab,Mohali,False,False,B.Com,"project-management,digital-marketing,mechanical,research,java",Healthcare,Delhi,5.0,False
C0173,Sonal Khanna,21,Female,General,Tripura,Dhalai,True,False,BSc,"communication,research,machine-learning,digital-marketing,hr-management",IT,Any,7.2,True
C0174,Divya Chopra,23,Female,EWS,Meghalaya,West Garo Hills,False,True,B.Tech,"supply-chain,graphic-design",Healthcare,Any,6.5,False
C0175,Riya Ali,23,Other,General,Madhya Pradesh,Chhatarpur,True,True,MBA,"data-analysis,digital-marketing,javascript,machine-learning,project-management",IT,Bhubaneswar,7.4,False
C0176,Jordan Verma,23,Other,General,Maharashtra,Solapur,False,True,B.Tech,"finance,graphic-design,teaching,machine-learning",IT,Nagpur,8.2,False
C0177,Naveen Bhatia,24,Male,General,Meghalaya,West Garo Hills,False,False,BSc,"teamwork,data-analysis,hr-management,cad,marketing",IT,Jaipur,5.9,False
C0178,Casey Jain,20,Other,General,Dadra and Nagar Haveli and Daman and Diu,Diu,False,False,MBA,"machine-learning,marketing,accounting",IT,Nagpur,9.2,False
C0179,Karan Nair,21,Male,General,Himachal Pradesh,Kangra,False,False,B.Com,"c++,project-management,javascript,excel",IT,Bangalore,5.6,False
C0180,Harsh Thakur,21,Male,OBC,Arunachal Pradesh,Namsai,True,False,B.Tech,"c++,critical-thinking,accounting",Finance,Any,7.1,False
C0181,Gaurav Gupta,21,Male,EWS,Goa,North Goa,False,False,B.Tech,"leadership,accounting,cad,graphic-design",Agriculture,Any,5.8,True
C0182,Rani Kapoor,24,Female,General,Maharashtra,Thane,True,True,BSc,"teamwork,marketing,project-management",IT,Bangalore,5.8,False
C0183,Nikhil Farooqui,22,Male,General,Arunachal Pradesh,Namsai,False,True,BSc,"machine-learning,finance,data-analysis",IT,Any,5.0,False
C0184,Manoj Desai,23,Male,ST,Kerala,Palakkad,False,True,B.Tech,"teamwork,civil,teaching,javascript,graphic-design",IT,Coimbatore,7.3,False
C0185,Rohan Sen,20,Male,OBC,Maharashtra,Satara,False,False,BA,"agriculture,critical-thinking",IT,Any,6.8,True
C0186,Rohan More,22,Male,OBC,Mizoram,Mamit,True,True,BBA,"accounting,teamwork",Manufacturing,Lucknow,7.9,False
C0187,Aditi Malhotra,22,Female,EWS,Nagaland,Mon,False,False,BSc,"python,supply-chain,teaching,excel,marketing",Finance,Any,8.5,False
C0188,Ayaan Bhatia,22,Male,SC,Maharashtra,Pune,False,False,B.Tech,"civil,excel,electrical,graphic-design,finance",IT,Any,7.8,True
C0189,Rekha Patel,25,Female,General,Kerala,Kozhikode,False,True,BBA,"communication,agriculture",Agriculture,Chandigarh,6.3,False
C0190,Naveen Hussain,24,Male,SC,Bihar,Gaya,True,True,B.Tech,"python,accounting,critical-thinking,content-writing,teamwork",Finance,Kolkata,5.9,False
C0191,Ravi Subramanian,22,Male,SC,Nagaland,Kiphire,False,False,BBA,"hr-management,critical-thinking,finance,teamwork,digital-marketing",Finance,Any,7.3,False
C0192,Laxmi Hussain,23,Female,OBC,Goa,South Goa,False,False,BA,"problem-solving,hr-management",Healthcare,Ahmedabad,6.4,False
C0193,Yash Pandey,23,Male,ST,Jammu and Kashmir,Jammu,False,True,B.Com,"content-writing,healthcare",Manufacturing,Kolkata,6.9,False
C0194,Navya Ansari,22,Female,OBC,Dadra and Nagar Haveli and Daman and Diu,Daman,False,False,B.Tech,"cad,excel,hr-management",Healthcare,Ahmedabad,6.1,False
C0195,Navya Dubey,20,Female,General,Delhi,Shahdara,True,False,MBA,"hr-management,healthcare,communication,finance,project-management",Agriculture,Chandigarh,9.1,False
C0196,Pooja Sen,22,Female,OBC,Haryana,Karnal,False,True,BBA,"project-management,critical-thinking,electrical,digital-marketing",Manufacturing,Noida,5.0,False
C0197,Nisha Patel,22,Female,SC,Tamil Nadu,Erode,False,False,BBA,"communication,c++,accounting",Finance,Gurgaon,9.3,False
C0198,Anil Tiwari,21,Male,OBC,Goa,North Goa,False,False,BBA,"finance,content-writing",Agriculture,Kolkata,7.1,False
C0199,Pallavi Reddy,20,Female,EWS,Telangana,Mahabubnagar,False,False,BBA,"excel,graphic-design",Agriculture,Any,6.8,False
C0200,Sonal Das,25,Female,General,Gujarat,Gandhinagar,False,False,MBA,"graphic-design,content-writing,accounting,mechanical",Education,Any,7.4,False
C0201,Rajesh Verma,25,Male,General,Puducherry,Karaikal,False,False,B.Com,"hr-management,teamwork",Finance,Bangalore,6.1,False
C0202,Aditya Patil,22,Male,ST,Chandigarh,Chandigarh,False,False,B.Tech,"critical-thinking,javascript,accounting,healthcare,python",Healthcare,Indore,6.3,False
C0203,Vandana Rao,24,Female,SC,Lakshadweep,Agatti,False,False,B.Com,"digital-marketing,cad,sql",Finance,Any,7.5,False
C0204,Aadi Bose,23,Male,OBC,Arunachal Pradesh,West Kameng,False,True,B.Com,"marketing,javascript,agriculture",Agriculture,Any,7.9,True
C0205,Priya Qureshi,25,Female,OBC,West Bengal,Jalpaiguri,False,True,BBA,"excel,content-writing,cad",Agriculture,Any,6.3,False
C0206,Arjun Roy,20,Male,ST,Odisha,Rayagada,False,False,B.Tech,"data-analysis,problem-solving,healthcare",Energy,Any,7.0,True
C0207,Aanya Kumar,20,Other,General,Tamil Nadu,Salem,False,False,B.Tech,"teamwork,data-analysis,cad",Healthcare,Bangalore,7.9,False
C0208,Saanvi Jain,20,Female,EWS,Jammu and Kashmir,Baramulla,False,True,B.Tech,"c++,excel",IT,Any,5.0,False
C0209,Aadhya Singh,23,Female,EWS,Tripura,South Tripura,False,False,BA,"c++,project-management,teamwork,cad",Healthcare,Nagpur,5.7,False
C0210,Vikram Patil,20,Male,SC,Goa,North Goa,False,False,MCA,"hr-management,teaching,supply-chain,teamwork",Education,Bangalore,5.0,False
C0211,Ajay Menon,22,Male,EWS,Kerala,Wayanad,False,False,BA,"data-analysis,healthcare,digital-marketing,cad",IT,Indore,8.7,False
C0212,Asha Patil,25,Female,EWS,Uttarakhand,Almora,False,False,BA,"project-management,cad",Agriculture,Indore,6.5,True
C0213,Anita Rajan,23,Female,General,Kerala,Kozhikode,False,False,BSc,"hr-management,sql,digital-marketing,java",Education,Jaipur,6.7,False
C0214,Kabir Hussain,24,Male,EWS,Manipur,Chandel,False,True,MCA,"cad,excel,research",IT,Kochi,8.1,True
C0215,Rudra Rao,23,Male,ST,Himachal Pradesh,Solan,False,False,B.Tech,"mechanical,excel,data-analysis",Healthcare,Any,6.8,False
C0216,Sonal Mishra,22,Female,OBC,Chandigarh,Chandigarh,False,False,B.Tech,"critical-thinking,communication",Healthcare,Any,7.5,False
C0217,Sneha Choudhary,23,Female,OBC,Arunachal Pradesh,West Kameng,True,False,BA,"teamwork,javascript,critical-thinking",Energy,Any,6.9,False
C0218,Abhishek Ansari,23,Male,ST,Himachal Pradesh,Hamirpur,False,False,MBA,"c++,research",IT,Any,7.0,False
C0219,Suman Ghosh,25,Female,OBC,Rajasthan,Dholpur,False,False,B.Tech,"agriculture,python",Education,Kochi,7.2,False
C0220,Siddharth Singh,21,Male,OBC,Assam,Barpeta,False,False,BSc,"teaching,civil,critical-thinking,hr-management",Finance,Any,5.6,False
C0221,Rekha Siddiqui,24,Female,OBC,Puducherry,Mahe,False,False,MCA,"civil,sql,machine-learning,hr-management",Agriculture,Any,7.3,False
C0222,Ankit Naidu,21,Male,General,Bihar,Jamui,False,False,MCA,"hr-management,javascript,problem-solving,data-analysis",IT,Nagpur,6.1,False
C0223,Advik Sharma,20,Male,OBC,Tripura,West Tripura,False,False,BA,"communication,critical-thinking",IT,Any,6.6,False
C0224,Akash Subramanian,20,Male,General,Punjab,Patiala,False,False,BSc,"machine-learning,excel,java",Finance,Noida,8.1,False
C0225,Rahul Ali,22,Male,SC,Uttarakhand,Almora,False,True,B.Tech,"data-analysis,cad",IT,Kochi,6.3,False
C0226,Aadi Jain,21,Male,SC,Karnataka,Raichur,True,True,B.Com,"leadership,supply-chain,graphic-design,critical-thinking",Healthcare,Kochi,7.4,False
C0227,Kavya Ahmed,21,Female,ST,Assam,Goalpara,False,False,B.Tech,"critical-thinking,excel",IT,Any,6.9,False
C0228,Vandana Gupta,24,Female,SC,Bihar,Muzaffarpur,True,True,MBA,"machine-learning,java,c++",Finance,Lucknow,8.9,False
C0229,Saanvi Agarwal,21,Female,OBC,Madhya Pradesh,Barwani,False,True,BBA,"excel,graphic-design,leadership,communication",Energy,Bangalore,7.5,False
C0230,Atharv Sharma,21,Male,SC,Uttar Pradesh,Lucknow,False,False,MCA,"excel,agriculture",Energy,Chennai,6.2,False
C0231,Vihaan Arora,23,Male,SC,Nagaland,Kohima,False,False,BA,"cad,content-writing",Healthcare,Any,7.5,False
C0232,Krishna Iyer,20,Male,SC,Haryana,Gurugram,False,False,BA,"digital-marketing,leadership",IT,Lucknow,7.7,True
C0233,Aditi Malhotra,24,Female,ST,Chhattisgarh,Bilaspur,False,False,BA,"content-writing,marketing,leadership",Healthcare,Bhubaneswar,8.1,True
C0234,Rahul Rajan,24,Male,ST,Andhra Pradesh,Visakhapatnam,False,True,BBA,"graphic-design,javascript",IT,Any,5.3,False
C0235,Sara Pillai,22,Female,General,Nagaland,Dimapur,False,False,BBA,"problem-solving,machine-learning",Manufacturing,Jaipur,7.1,False
C0236,Sunil Yadav,24,Male,General,Goa,South Goa,False,False,B.Tech,"research,marketing,problem-solving,data-analysis,javascript",Healthcare,Vadodara,6.8,False
C0237,Meera Ahmed,23,Female,General,Andhra Pradesh,Guntur,False,False,B.Tech,"agriculture,c++,supply-chain,sql,hr-management",Manufacturing,Any,6.3,False
C0238,Dhruv Dubey,25,Male,ST,Madhya Pradesh,Indore,False,True,MBA,"sql,java,digital-marketing,problem-solving,research",Manufacturing,Any,5.9,False
C0239,Manish Chopra,23,Male,ST,Uttarakhand,Dehradun,False,False,BSc,"graphic-design,machine-learning,project-management",IT,Delhi,5.0,False
C0240,Ritu Verma,24,Female,OBC,Meghalaya,East Khasi Hills,False,True,B.Com,"digital-marketing,civil",Energy,Any,6.3,False
C0241,Bhavna Jadhav,23,Female,General,Goa,South Goa,False,True,BA,"leadership,python,java,content-writing",IT,Kochi,6.5,False
C0242,Amit Chopra,22,Male,SC,Karnataka,Bengaluru Urban,False,False,BSc,"leadership,project-management",Finance,Kochi,7.2,False
C0243,Kabir Agarwal,21,Male,OBC,Mizoram,Mamit,True,False,MCA,"civil,mechanical,python",IT,Delhi,5.9,False
C0244,Preeti Mukherjee,25,Female,General,Andaman and Nicobar Islands,Nicobar,False,True,BA,"sql,content-writing,agriculture",Energy,Lucknow,7.3,False
C0245,Manish Khanna,21,Male,ST,Bihar,Sitamarhi,True,True,BSc,"teamwork,finance,healthcare,electrical",IT,Indore,7.4,True
C0246,Manoj Kapoor,22,Male,OBC,Dadra and Nagar Haveli and Daman and Diu,Diu,False,False,BA,"digital-marketing,leadership,project-management,javascript",Finance,Any,8.7,False
C0247,Isha Qureshi,21,Female,SC,Jharkhand,Ranchi,True,False,B.Com,"problem-solving,graphic-design,supply-chain,data-analysis,teamwork",IT,Any,6.5,False
C0248,Saanvi Khan,20,Female,OBC,Arunachal Pradesh,Papum Pare,False,False,B.Com,"machine-learning,excel,sql,cad",Manufacturing,Any,8.7,False
C0249,Krishna Bhatia,25,Male,OBC,Meghalaya,East Khasi Hills,False,False,B.Tech,"healthcare,communication,teaching",Finance,Vadodara,8.9,False
C0250,Sai Sharma,20,Male,SC,Rajasthan,Udaipur,False,True,B.Tech,"c++,accounting,critical-thinking,electrical",IT,Coimbatore,8.5,False
C0251,Meera Pandey,21,Female,ST,Gujarat,Jamnagar,False,False,BBA,"project-management,content-writing,machine-learning,supply-chain,hr-management",IT,Delhi,8.6,False
C0252,Diya Dubey,24,Female,OBC,Lakshadweep,Minicoy,False,False,B.Tech,"healthcare,teamwork,research,graphic-design,critical-thinking",Healthcare,Bhubaneswar,8.2,False
C0253,Varun Agarwal,20,Male,General,Odisha,Koraput,False,False,B.Tech,"finance,content-writing",Energy,Any,7.7,False
C0254,Neha Gupta,21,Female,EWS,Assam,Dhubri,False,True,B.Tech,"finance,critical-thinking,agriculture,python,javascript",Education,Any,8.6,False
C0255,Vikram Ali,20,Male,SC,Goa,South Goa,False,True,BA,"marketing,critical-thinking,project-management,supply-chain,javascript",Healthcare,Any,5.1,False
C0256,Suresh Mishra,22,Male,OBC,Telangana,Medchal,True,False,BSc,"digital-marketing,javascript,content-writing",Manufacturing,Kolkata,9.8,False
C0257,Sachin Rao,22,Male,OBC,Lakshadweep,Minicoy,False,False,MBA,"java,content-writing,data-analysis,supply-chain,problem-solving",Healthcare,Kochi,6.1,False
C0258,Deepa Chatterjee,25,Female,General,Nagaland,Kiphire,True,False,MCA,"communication,leadership,problem-solving,graphic-design,teamwork",Healthcare,Any,9.2,True
C0259,Krishna Agarwal,23,Male,SC,Gujarat,Jamnagar,False,True,B.Tech,"content-writing,project-management,electrical,hr-management,supply-chain",Healthcare,Any,6.0,False
C0260,Neha Mishra,23,Female,OBC,Madhya Pradesh,Barwani,True,False,BSc,"critical-thinking,electrical,graphic-design,excel",Agriculture,Mumbai,8.5,False
C0261,Deepa Jain,23,Female,General,Manipur,Bishnupur,False,False,B.Com,"python,finance,javascript",IT,Any,6.7,True
C0262,Dhruv Gupta,20,Male,General,Dadra and Nagar Haveli and Daman and Diu,Dadra and Nagar Haveli,False,True,BBA,"cad,civil",IT,Chandigarh,6.1,False
C0263,Aarav Verma,21,Male,EWS,Maharashtra,Nashik,False,False,BA,"c++,sql,project-management",IT,Bhubaneswar,5.0,True
C0264,Navya Mehta,22,Female,SC,Maharashtra,Washim,False,False,BA,"sql,python,finance,communication",IT,Chandigarh,5.3,False
C0265,Dhruv Dubey,23,Male,EWS,Karnataka,Raichur,False,False,B.Com,"critical-thinking,teamwork,project-management",Manufacturing,Any,6.4,False
C0266,Rekha Qureshi,24,Female,SC,Odisha,Malkangiri,True,True,B.Tech,"accounting,sql,javascript,content-writing,teaching",Finance,Pune,7.2,False
C0267,Vivaan Khan,23,Male,OBC,Puducherry,Mahe,False,False,BBA,"digital-marketing,problem-solving,java,healthcare,mechanical",IT,Any,6.2,False
C0268,Varun Bhatia,22,Male,OBC,Tamil Nadu,Madurai,False,True,B.Tech,"communication,javascript,project-management",Healthcare,Any,6.8,True
C0269,Sachin Thakur,20,Male,SC,Puducherry,Mahe,False,True,B.Tech,"javascript,civil,marketing",Manufacturing,Hyderabad,7.4,False
C0270,Abhishek Gaikwad,25,Male,OBC,Mizoram,Mamit,True,False,MCA,"finance,c++",Agriculture,Any,7.8,False
C0271,Sara Singh,23,Female,OBC,Uttarakhand,Tehri Garhwal,False,True,BSc,"javascript,supply-chain,sql,civil",IT,Any,8.8,False
C0272,Laxmi Malhotra,20,Female,General,Tamil Nadu,Tiruchirappalli,False,True,B.Tech,"accounting,healthcare",Manufacturing,Hyderabad,7.9,False
C0273,Vihaan Pandey,21,Male,OBC,Tamil Nadu,Tiruchirappalli,False,False,BA,"java,agriculture,problem-solving",Education,Gurgaon,6.2,False
C0274,Priya Mishra,20,Female,OBC,Bihar,Khagaria,True,True,MCA,"electrical,hr-management",Energy,Chennai,8.8,False
C0275,Deepa Mishra,21,Female,General,West Bengal,North 24 Parganas,False,True,MBA,"content-writing,javascript,teamwork",Manufacturing,Mumbai,6.5,False
C0276,Aarav Ali,21,Other,EWS,Tamil Nadu,Salem,False,False,MBA,"electrical,leadership,civil,project-management",Manufacturing,Bangalore,6.8,False
C0277,Riya Hussain,24,Female,ST,Rajasthan,Udaipur,False,True,BA,"accounting,finance,electrical,critical-thinking,project-management",Manufacturing,Lucknow,5.0,False
C0278,Shalini Verma,24,Female,OBC,Delhi,New Delhi,False,False,BSc,"mechanical,marketing,excel",Finance,Hyderabad,8.6,False
C0279,Ravi Subramanian,23,Male,OBC,Karnataka,Tumakuru,False,True,B.Tech,"cad,research,agriculture",Manufacturing,Bangalore,6.7,False
C0280,Pari Ansari,22,Female,General,Madhya Pradesh,Chhatarpur,True,False,B.Tech,"teamwork,research,electrical,content-writing,finance",Manufacturing,Any,6.7,True
C0281,Aanya Jadhav,25,Female,OBC,Odisha,Rayagada,False,True,B.Tech,"java,research,sql,civil",Finance,Pune,5.9,False
C0282,Akash Dubey,24,Male,OBC,Uttarakhand,Champawat,False,False,MBA,"mechanical,project-management",IT,Indore,7.2,False
C0283,Geeta Rao,24,Female,SC,Jharkhand,Purbi Singhbhum,True,False,MBA,"finance,teamwork,content-writing",Finance,Delhi,8.7,False
C0284,Ritu Ansari,20,Female,EWS,Uttarakhand,Nainital,False,False,BSc,"content-writing,problem-solving,agriculture",Agriculture,Any,6.1,True
C0285,Sam Choudhary,20,Other,General,Meghalaya,West Garo Hills,False,True,MBA,"python,mechanical",Energy,Bhubaneswar,8.1,True
C0286,Pooja Gupta,24,Female,OBC,Gujarat,Vadodara,False,False,B.Tech,"mechanical,machine-learning,communication,java",Education,Lucknow,8.8,True
C0287,Pooja Arora,25,Female,ST,Gujarat,Vadodara,False,False,B.Com,"marketing,machine-learning",Energy,Any,5.9,False
C0288,Isha Roy,22,Female,OBC,Jharkhand,Gumla,True,True,BSc,"mechanical,cad,leadership,teamwork,java",Healthcare,Jaipur,5.9,False
C0289,Sneha Patil,20,Female,General,Meghalaya,Jaintia Hills,False,False,B.Tech,"leadership,communication",IT,Bhubaneswar,5.9,False
C0290,Priya Hussain,25,Female,General,Madhya Pradesh,Jabalpur,False,False,B.Com,"finance,leadership,healthcare",IT,Chandigarh,7.7,False
C0291,Aarav Gupta,22,Male,SC,Chandigarh,Chandigarh,False,True,BSc,"graphic-design,communication,javascript,hr-management,research",IT,Lucknow,5.9,False
C0292,Divya Khanna,25,Female,OBC,Telangana,Adilabad,False,False,B.Tech,"digital-marketing,research,agriculture",Finance,Any,7.4,False
C0293,Asha Kapoor,20,Female,EWS,Rajasthan,Jaisalmer,False,False,B.Com,"problem-solving,research,supply-chain,healthcare",IT,Pune,9.9,False
C0294,Ayaan Banerjee,25,Male,OBC,Manipur,Bishnupur,False,True,MBA,"teaching,electrical,content-writing,hr-management",Finance,Gurgaon,8.1,True
C0295,Bhavna Yadav,24,Female,General,Maharashtra,Osmanabad,False,False,BA,"java,excel,problem-solving,electrical,accounting",Finance,Coimbatore,5.9,False
C0296,Rani Qureshi,24,Female,OBC,Goa,North Goa,False,True,BSc,"content-writing,supply-chain,communication,hr-management,cad",Finance,Lucknow,7.2,False
C0297,Pranav Mukherjee,20,Male,EWS,Bihar,Araria,True,False,B.Tech,"agriculture,digital-marketing,critical-thinking,research,civil",Finance,Any,9.6,False
C0298,Vivek Sen,24,Male,OBC,Punjab,Hoshiarpur,False,False,B.Tech,"teamwork,hr-management,accounting,problem-solving",IT,Nagpur,5.0,False
C0299,Pranav Bose,22,Male,General,Tamil Nadu,Salem,False,False,B.Com,"digital-marketing,critical-thinking,javascript,teamwork,project-management",Education,Any,8.3,False
C0300,Rudra Krishnan,22,Male,General,West Bengal,North 24 Parganas,False,False,BBA,"electrical,finance,healthcare",Education,Hyderabad,6.1,False
C0301,Nisha Qureshi,22,Female,SC,Arunachal Pradesh,Lower Subansiri,False,False,B.Com,"sql,java",Energy,Lucknow,5.2,True
C0302,Ayaan Joshi,25,Male,OBC,Ladakh,Kargil,False,True,B.Tech,"digital-marketing,mechanical,excel",IT,Any,8.5,False
C0303,Vihaan Hussain,21,Male,OBC,Arunachal Pradesh,Namsai,True,False,B.Com,"python,c++,javascript,problem-solving,accounting",Energy,Any,7.1,False
C0304,Isha Yadav,22,Female,OBC,Punjab,Bathinda,False,False,MBA,"digital-marketing,python,civil,critical-thinking,problem-solving",Manufacturing,Any,6.4,True
C0305,Jyoti Singh,20,Female,ST,Bihar,Sitamarhi,True,True,BA,"c++,marketing,electrical,hr-management",Finance,Any,7.3,False
C0306,Akash Kapoor,22,Male,OBC,Haryana,Faridabad,True,False,MBA,"cad,python",Energy,Any,8.4,False
C0307,Rahul Khan,23,Male,OBC,Gujarat,Ahmedabad,False,False,B.Tech,"javascript,cad,leadership,sql,research",Energy,Any,6.1,False
C0308,Diya Pandey,20,Female,OBC,Odisha,Ganjam,False,False,B.Tech,"javascript,leadership,sql,graphic-design",Agriculture,Any,8.0,True
C0309,Advik Hussain,24,Male,OBC,Andaman and Nicobar Islands,North and Middle Andaman,False,False,MBA,"sql,teamwork,agriculture,healthcare,critical-thinking",Manufacturing,Hyderabad,5.0,False
C0310,Avni Qureshi,22,Female,OBC,Arunachal Pradesh,East Siang,False,False,B.Tech,"agriculture,excel,graphic-design",Finance,Delhi,6.3,False
C0311,Pooja Naidu,24,Female,OBC,Tamil Nadu,Virudhunagar,False,True,BSc,"digital-marketing,graphic-design",Education,Bangalore,7.3,False
C0312,Meera Yadav,20,Female,General,Uttarakhand,Almora,False,False,B.Com,"research,agriculture,machine-learning,healthcare,digital-marketing",Manufacturing,Chandigarh,5.2,False
C0313,Sonal Khanna,23,Female,OBC,Rajasthan,Dholpur,True,False,MCA,"leadership,communication,teaching,cad",Education,Any,6.3,True
C0314,Sonal Bose,22,Female,General,Madhya Pradesh,Indore,False,True,MBA,"agriculture,javascript,accounting,healthcare,sql",Healthcare,Hyderabad,5.7,True
C0315,Rajesh More,25,Male,OBC,Punjab,Bathinda,False,True,BSc,"supply-chain,cad,electrical",Agriculture,Any,8.5,False
C0316,Kavya Chopra,20,Female,OBC,Manipur,Thoubal,False,False,B.Tech,"machine-learning,mechanical",Finance,Ahmedabad,6.7,False
C0317,Kavita Rao,23,Female,OBC,Ladakh,Leh,False,True,BSc,"teaching,graphic-design,sql",Education,Any,8.2,False
C0318,Geeta Mirza,24,Female,EWS,Maharashtra,Solapur,False,False,BBA,"hr-management,supply-chain,python,sql",Finance,Jaipur,6.7,False
C0319,Abhishek Iyer,25,Male,SC,Jammu and Kashmir,Udhampur,True,False,BSc,"critical-thinking,mechanical,teaching",Healthcare,Hyderabad,5.4,True
C0320,Mohit Jain,23,Male,SC,Rajasthan,Kota,False,False,B.Tech,"cad,teaching,electrical,digital-marketing",IT,Any,8.0,True
C0321,Asha Pillai,21,Female,General,Rajasthan,Dholpur,False,False,BSc,"machine-learning,sql,teaching,graphic-design,java",Finance,Chennai,7.4,False
C0322,Riya Shah,21,Female,General,Ladakh,Kargil,False,True,BA,"graphic-design,cad,teaching,agriculture,hr-management",Agriculture,Any,7.2,False
C0323,Ananya Qureshi,23,Female,OBC,Himachal Pradesh,Kullu,False,True,MCA,"hr-management,critical-thinking,excel,mechanical",IT,Coimbatore,5.7,False
C0324,Nisha Siddiqui,20,Female,EWS,Dadra and Nagar Haveli and Daman and Diu,Dadra and Nagar Haveli,False,True,B.Com,"python,javascript",Education,Any,9.1,False
C0325,Aditi Iyer,21,Female,General,Himachal Pradesh,Kullu,False,False,B.Tech,"project-management,javascript",IT,Any,7.4,False
C0326,Casey Chopra,25,Other,OBC,Uttar Pradesh,Shrawasti,False,True,MCA,"digital-marketing,teamwork,research,python,graphic-design",Energy,Hyderabad,7.0,False
C0327,Aadhya Thakur,23,Female,OBC,Meghalaya,Jaintia Hills,False,True,BBA,"accounting,c++",IT,Any,7.8,False
C0328,Rani Mehta,24,Female,EWS,Odisha,Cuttack,False,False,B.Com,"machine-learning,digital-marketing,teamwork",Agriculture,Jaipur,6.4,False
C0329,Aanya Sharma,24,Female,General,Chhattisgarh,Korba,True,False,BA,"python,research,digital-marketing,c++",IT,Jaipur,7.3,True
C0330,Sonal Rao,24,Female,EWS,Rajasthan,Jaisalmer,True,False,BBA,"supply-chain,teamwork",IT,Any,9.3,False
C0331,Priya Banerjee,20,Female,SC,Jharkhand,Simdega,False,False,BA,"python,teamwork,cad,machine-learning,healthcare",IT,Any,8.6,False
C0332,Aadi Joshi,20,Male,ST,Manipur,Chandel,True,False,BA,"javascript,excel,research,python,electrical",Energy,Any,5.5,False
C0333,Veer Shaikh,22,Male,General,Delhi,North East Delhi,True,False,MBA,"excel,civil,sql,data-analysis,python",Finance,Any,6.0,False
C0334,Aanya Arora,21,Female,EWS,West Bengal,Hooghly,False,True,B.Com,"java,marketing",Agriculture,Any,9.0,False
C0335,Usha Patel,22,Female,OBC,West Bengal,Dakshin Dinajpur,True,True,B.Tech,"machine-learning,problem-solving,communication,accounting",Manufacturing,Any,8.1,False
C0336,Jyoti Desai,23,Female,SC,Ladakh,Leh,False,True,B.Com,"graphic-design,javascript,cad,communication",Manufacturing,Mumbai,7.9,False
C0337,Riya Chatterjee,23,Other,General,Odisha,Nuapada,False,True,B.Tech,"accounting,research,mechanical,hr-management",Agriculture,Any,8.7,False
C0338,Diya Chopra,21,Female,ST,Meghalaya,West Garo Hills,False,True,BA,"mechanical,hr-management",Finance,Chandigarh,6.3,False
C0339,Nikhil Gaikwad,25,Male,SC,Delhi,New Delhi,False,True,MBA,"content-writing,leadership,teaching,graphic-design",Healthcare,Bangalore,7.4,False
C0340,Sunita Das,25,Female,General,Himachal Pradesh,Hamirpur,False,True,BSc,"critical-thinking,javascript,supply-chain,leadership",Healthcare,Any,7.3,False
C0341,Aditi Ansari,20,Female,General,West Bengal,Kolkata,False,False,BSc,"problem-solving,c++",Healthcare,Indore,5.0,False
C0342,Anika Gupta,25,Female,ST,West Bengal,Murshidabad,True,True,B.Com,"java,hr-management",IT,Any,5.0,False
C0343,Kabir Shetty,22,Male,General,Lakshadweep,Minicoy,False,False,B.Tech,"cad,javascript,accounting",IT,Any,5.7,False
C0344,Nisha Kulkarni,24,Female,ST,Haryana,Rohtak,False,False,MCA,"accounting,agriculture,project-management",Manufacturing,Hyderabad,8.2,False
C0345,Aditi Roy,21,Female,ST,Kerala,Kannur,False,False,BA,"hr-management,digital-marketing,critical-thinking,healthcare",IT,Bangalore,7.9,False
C0346,Naveen Dubey,21,Male,General,Punjab,Moga,False,False,BBA,"project-management,machine-learning,marketing",IT,Nagpur,7.0,False
C0347,Aryan Dubey,21,Male,General,Himachal Pradesh,Hamirpur,False,True,BBA,"agriculture,healthcare,graphic-design",Finance,Jaipur,7.2,False
C0348,Sara Pandey,23,Female,EWS,Uttarakhand,Pauri Garhwal,False,True,BA,"content-writing,finance,teamwork",IT,Chandigarh,7.6,False
C0349,Diya Chopra,24,Female,ST,Madhya Pradesh,Indore,False,False,BBA,"problem-solving,graphic-design,excel",Manufacturing,Bangalore,8.4,False
C0350,Sanjay Qureshi,20,Male,OBC,Tamil Nadu,Thanjavur,True,False,B.Com,"graphic-design,supply-chain",IT,Any,7.2,False
C0351,Naveen Singh,23,Male,OBC,Punjab,Mohali,False,False,B.Tech,"leadership,machine-learning,javascript",Agriculture,Mumbai,6.9,False
C0352,Rakesh Mehta,25,Male,General,Gujarat,Dahod,False,True,BBA,"communication,java,supply-chain,finance",IT,Any,6.3,False
C0353,Shalini Pillai,20,Female,EWS,Ladakh,Leh,False,False,B.Com,"accounting,supply-chain,healthcare",Healthcare,Any,5.0,False
C0354,Ritu Kulkarni,21,Female,General,Jharkhand,Godda,True,True,B.Tech,"graphic-design,supply-chain,machine-learning,agriculture",IT,Bhubaneswar,6.7,False
C0355,Rudra Gupta,21,Male,OBC,Arunachal Pradesh,Papum Pare,False,False,B.Tech,"leadership,machine-learning",Finance,Mumbai,8.4,False
C0356,Vandana Das,20,Female,General,Arunachal Pradesh,Papum Pare,False,False,B.Tech,"digital-marketing,machine-learning,electrical",Education,Vadodara,7.5,False
C0357,Aarav Pillai,20,Male,General,Manipur,Imphal East,True,False,BBA,"graphic-design,sql,civil,hr-management,finance",Energy,Lucknow,6.9,False
C0358,Kabir Kumar,23,Other,OBC,Uttar Pradesh,Agra,False,True,MCA,"excel,cad,machine-learning,electrical,leadership",Finance,Any,6.7,False
C0359,Dhruv Khanna,24,Male,SC,Lakshadweep,Agatti,False,False,B.Tech,"python,javascript,mechanical,problem-solving,supply-chain",Education,Any,6.2,False
C0360,Neha Mukherjee,20,Female,General,Jharkhand,Gumla,True,False,MCA,"c++,supply-chain,finance,leadership,java",Education,Mumbai,7.3,False
C0361,Kavya Arora,21,Female,EWS,Assam,Goalpara,False,False,MBA,"accounting,sql,machine-learning,javascript,electrical",IT,Jaipur,5.8,True
C0362,Nisha Reddy,21,Female,SC,Jharkhand,Sahibganj,True,False,BBA,"javascript,communication,machine-learning,agriculture",Agriculture,Indore,6.1,False
C0363,Ajay Malhotra,20,Male,ST,Telangana,Khammam,False,True,BBA,"electrical,c++,mechanical",Agriculture,Any,7.2,False
C0364,Jordan Khanna,20,Other,General,Rajasthan,Udaipur,False,False,BSc,"python,content-writing",Education,Mumbai,7.9,True
C0365,Sara Pandey,24,Female,OBC,Gujarat,Jamnagar,False,False,BA,"electrical,mechanical,project-management",Agriculture,Any,8.5,False
C0366,Jyoti Das,25,Female,General,Arunachal Pradesh,Changlang,False,True,BA,"machine-learning,healthcare,graphic-design",Education,Any,6.1,False
C0367,Kavita Tiwari,21,Female,General,Sikkim,East District,False,True,B.Tech,"civil,supply-chain,project-management,teaching",IT,Hyderabad,7.1,False
C0368,Asha Patel,22,Female,General,Lakshadweep,Agatti,False,True,B.Com,"accounting,digital-marketing",Manufacturing,Any,6.4,False
C0369,Aanya Patel,24,Female,OBC,Odisha,Koraput,False,False,B.Tech,"research,supply-chain",IT,Bhubaneswar,8.2,False
C0370,Shalini Naidu,25,Female,OBC,Himachal Pradesh,Mandi,True,True,B.Com,"hr-management,finance,marketing",IT,Any,8.4,False
C0371,Vihaan Mehta,25,Male,OBC,Assam,Hailakandi,True,False,MBA,"java,javascript",Agriculture,Any,7.4,False
C0372,Aditya Khan,22,Male,ST,Jharkhand,Dumka,True,False,B.Tech,"data-analysis,agriculture",Agriculture,Ahmedabad,7.6,True
C0373,Pooja Chatterjee,20,Female,General,Andaman and Nicobar Islands,Nicobar,False,True,BSc,"civil,content-writing,marketing,teaching",IT,Any,7.7,False
C0374,Ananya Ghosh,22,Female,General,West Bengal,North 24 Parganas,False,False,BBA,"electrical,digital-marketing,teaching",Agriculture,Any,8.5,False
C0375,Kabir Ghosh,24,Male,OBC,Jharkhand,Sahibganj,True,False,MCA,"communication,teamwork",Finance,Any,8.7,False
C0376,Sonal Banerjee,20,Female,EWS,Karnataka,Raichur,False,False,MCA,"accounting,data-analysis,supply-chain,project-management",Agriculture,Any,7.0,False
C0377,Shalini Naidu,21,Female,OBC,Manipur,Churachandpur,False,False,B.Tech,"supply-chain,critical-thinking",IT,Vadodara,8.1,False
C0378,Riya Gaikwad,22,Other,General,Ladakh,Kargil,False,False,BA,"electrical,communication",Healthcare,Bangalore,7.6,False
C0379,Manoj Desai,21,Male,SC,Sikkim,South District,False,True,B.Tech,"digital-marketing,accounting,supply-chain",IT,Nagpur,5.5,True
C0380,Aditya Ansari,25,Male,OBC,Lakshadweep,Agatti,False,False,MBA,"machine-learning,c++,python,accounting,critical-thinking",Agriculture,Delhi,5.6,False
C0381,Usha Das,25,Female,SC,Meghalaya,East Khasi Hills,False,False,MBA,"java,accounting",Finance,Any,6.4,False
C0382,Meera Mukherjee,23,Female,SC,Himachal Pradesh,Solan,False,False,BSc,"digital-marketing,c++,mechanical",Manufacturing,Vadodara,6.3,False
C0383,Nisha Choudhary,23,Female,EWS,Delhi,East Delhi,False,False,MCA,"hr-management,teamwork,sql,java",IT,Ahmedabad,8.2,False
C0384,Aadhya Ahmed,24,Female,General,Himachal Pradesh,Mandi,False,False,MCA,"marketing,javascript,java,civil",Healthcare,Any,8.3,False
C0385,Rohan Agarwal,21,Male,General,Uttar Pradesh,Agra,False,True,BA,"digital-marketing,teaching,graphic-design,finance",Finance,Any,8.6,False
C0386,Deepa Mishra,24,Female,General,Mizoram,Champhai,False,False,BBA,"healthcare,teaching,sql,cad",IT,Any,8.2,False
C0387,Rudra Mirza,22,Male,General,Manipur,Imphal East,False,False,B.Tech,"excel,c++,project-management,python,civil",Agriculture,Ahmedabad,6.9,True
C0388,Rajesh Patil,20,Male,General,Chhattisgarh,Narayanpur,True,False,BSc,"critical-thinking,graphic-design",Education,Any,6.5,False
C0389,Rakesh Mehta,23,Male,General,Rajasthan,Baran,False,False,BSc,"project-management,accounting,problem-solving,supply-chain",Healthcare,Any,7.1,False
C0390,Sneha Yadav,23,Female,General,Assam,Baksa,False,False,B.Com,"sql,python,critical-thinking",IT,Any,6.1,False
C0391,Aryan Khan,20,Male,EWS,Gujarat,Vadodara,False,False,BA,"java,communication,graphic-design,problem-solving",IT,Any,9.4,False
C0392,Bhavna Roy,23,Female,OBC,Tripura,North Tripura,False,True,B.Tech,"healthcare,graphic-design",Healthcare,Any,6.0,False
C0393,Pari Menon,21,Female,SC,Uttar Pradesh,Bahraich,True,True,BA,"accounting,mechanical,python",IT,Any,6.2,False
C0394,Advik Nair,22,Male,OBC,Goa,South Goa,False,True,BA,"teaching,cad,supply-chain,critical-thinking",IT,Any,6.0,False
C0395,Rohan Siddiqui,23,Male,General,Chandigarh,Chandigarh,False,True,B.Tech,"electrical,data-analysis,supply-chain,teamwork",Energy,Lucknow,7.7,False
C0396,Anita Ali,22,Female,SC,Madhya Pradesh,Jabalpur,False,False,MBA,"electrical,finance,critical-thinking,c++,javascript",Education,Mumbai,8.5,False
C0397,Pallavi Nair,24,Female,EWS,Andhra Pradesh,East Godavari,False,False,BA,"healthcare,project-management,python",Finance,Any,7.4,False
C0398,Rekha Verma,21,Female,SC,Haryana,Hisar,False,True,MBA,"problem-solving,python,leadership",Education,Any,5.8,False
C0399,Ajay Khan,24,Male,General,Andhra Pradesh,West Godavari,False,False,BSc,"accounting,civil",Finance,Any,6.3,True
C0400,Ravi Qureshi,20,Male,OBC,Telangana,Medchal,True,True,B.Com,"healthcare,teamwork,python",IT,Pune,5.6,False
C0401,Sachin Chatterjee,25,Male,OBC,Himachal Pradesh,Chamba,True,False,B.Com,"leadership,research,critical-thinking",Agriculture,Kolkata,5.6,False
C0402,Shreya Kapoor,22,Female,General,Kerala,Palakkad,True,False,B.Com,"project-management,hr-management,healthcare,agriculture",Healthcare,Any,7.4,False
C0403,Bhavna Banerjee,20,Female,General,Odisha,Ganjam,False,False,BBA,"sql,leadership,content-writing,communication",IT,Pune,6.7,False
C0404,Tanvi Gupta,22,Female,OBC,Puducherry,Yanam,False,False,BBA,"c++,research",IT,Lucknow,6.2,False
C0405,Myra Arora,21,Female,OBC,Puducherry,Puducherry,False,False,B.Tech,"civil,sql,problem-solving,research,data-analysis",IT,Ahmedabad,6.0,False
C0406,Krishna Nair,23,Male,OBC,Assam,Hailakandi,False,True,B.Com,"javascript,python,communication",Manufacturing,Any,6.3,False
C0407,Sneha Verma,25,Female,OBC,Ladakh,Kargil,False,True,BA,"teamwork,mechanical",IT,Indore,7.6,False
C0408,Tanvi Kulkarni,23,Female,General,Andhra Pradesh,Krishna,False,False,B.Tech,"javascript,python,civil,healthcare",Finance,Jaipur,7.5,False
C0409,Aarohi Khanna,20,Female,SC,Delhi,South West Delhi,False,True,BSc,"electrical,civil,communication",Finance,Kochi,7.3,False
C0410,Neha Patel,21,Female,ST,Haryana,Faridabad,False,True,BBA,"critical-thinking,leadership,teamwork,finance,accounting",Energy,Kolkata,5.0,False
C0411,Anjali Khanna,24,Female,General,Tamil Nadu,Erode,False,False,MCA,"finance,machine-learning,marketing",Agriculture,Chennai,6.9,False
C0412,Sneha Sharma,22,Female,ST,Arunachal Pradesh,Tawang,False,False,B.Tech,"python,accounting",Education,Pune,7.6,False
C0413,Suresh Bhatia,25,Male,General,Nagaland,Mon,False,True,MCA,"java,sql",IT,Pune,6.3,False
C0414,Manoj Mehta,23,Male,OBC,Kerala,Wayanad,False,False,B.Tech,"agriculture,digital-marketing,python",Healthcare,Chennai,6.0,False
C0415,Rekha Farooqui,23,Female,OBC,Meghalaya,West Garo Hills,False,False,BA,"electrical,machine-learning,javascript,problem-solving,excel",Agriculture,Any,7.7,False
C0416,Ira Iyer,22,Female,General,Karnataka,Raichur,True,False,BA,"data-analysis,electrical",Manufacturing,Indore,8.6,False
C0417,Morgan Arora,22,Other,General,Chandigarh,Chandigarh,False,True,B.Tech,"hr-management,problem-solving,teamwork,data-analysis,agriculture",Finance,Noida,6.8,False
C0418,Anita Reddy,21,Female,OBC,Madhya Pradesh,Khandwa,False,True,BSc,"cad,civil,graphic-design",Manufacturing,Any,7.0,False
C0419,Pankaj More,24,Male,OBC,Delhi,North Delhi,False,False,MCA,"cad,supply-chain,civil",IT,Gurgaon,6.8,False
C0420,Pankaj Rao,21,Male,General,Assam,Barpeta,False,True,BSc,"machine-learning,healthcare,sql",Healthcare,Any,7.5,False
C0421,Aditya Farooqui,23,Male,OBC,Mizoram,Aizawl,False,False,B.Tech,"critical-thinking,content-writing,agriculture",Agriculture,Kochi,6.4,False
C0422,Ritu Hegde,24,Female,General,Karnataka,Tumakuru,False,True,B.Com,"data-analysis,healthcare,agriculture,critical-thinking",Finance,Nagpur,8.3,False
C0423,Tanvi Pillai,22,Female,EWS,Odisha,Malkangiri,True,False,BSc,"agriculture,data-analysis",Education,Hyderabad,7.8,False
C0424,Aadi Mukherjee,22,Male,General,Ladakh,Leh,False,False,BBA,"javascript,problem-solving",Energy,Any,6.1,False
C0425,Nisha Mishra,22,Female,General,Bihar,Araria,True,True,BSc,"supply-chain,healthcare",Manufacturing,Gurgaon,7.2,False
C0426,Rani Qureshi,20,Female,EWS,Tamil Nadu,Erode,False,False,MCA,"healthcare,electrical,digital-marketing",Finance,Any,8.2,False
C0427,Sunil Sharma,25,Male,OBC,Chhattisgarh,Raipur,False,True,BA,"hr-management,content-writing,java",Education,Any,5.0,False
C0428,Divya Das,20,Female,OBC,Andhra Pradesh,Chittoor,False,True,MBA,"project-management,java,data-analysis,agriculture",Finance,Coimbatore,9.0,False
C0429,Kiara Sharma,20,Female,ST,Maharashtra,Satara,False,True,B.Com,"machine-learning,communication,graphic-design,problem-solving",Healthcare,Any,6.4,False
C0430,Rudra Shah,20,Male,General,Mizoram,Aizawl,False,True,B.Com,"hr-management,project-management,content-writing,data-analysis,critical-thinking",Agriculture,Any,7.6,False
C0431,Komal Ahmed,24,Female,SC,Mizoram,Aizawl,False,False,B.Com,"finance,graphic-design,leadership",Education,Any,7.2,False
C0432,Ritu Mishra,23,Female,General,Maharashtra,Nandurbar,True,False,BA,"java,accounting",Energy,Any,6.0,False
C0433,Rekha Qureshi,20,Female,General,Uttarakhand,Almora,False,True,MBA,"project-management,sql,research,agriculture",Agriculture,Gurgaon,7.4,False
C0434,Reyansh Pillai,22,Male,OBC,Tamil Nadu,Thanjavur,False,True,MBA,"research,cad,excel,sql,mechanical",IT,Any,7.1,True
C0435,Vikram Sharma,25,Male,General,Jharkhand,Garhwa,False,False,BBA,"cad,c++,content-writing,project-management",Education,Kochi,8.5,False
C0436,Vandana Mukherjee,25,Female,OBC,Uttarakhand,Haridwar,False,True,B.Tech,"supply-chain,communication,finance,sql",Energy,Vadodara,9.2,False
C0437,Vandana Tiwari,21,Female,General,Delhi,South Delhi,False,False,MCA,"c++,graphic-design",Finance,Lucknow,7.5,False
C0438,Divya Pillai,24,Female,EWS,Bihar,Jamui,False,False,B.Tech,"finance,research,c++",Finance,Any,6.4,False
C0439,Atharv Agarwal,24,Male,OBC,Arunachal Pradesh,Lower Subansiri,False,True,BSc,"problem-solving,communication",IT,Any,6.4,True
C0440,Jordan Kumar,24,Other,EWS,Sikkim,West District,True,True,BA,"project-management,electrical,civil,accounting,leadership",Finance,Hyderabad,8.1,True
C0441,Aarohi Malhotra,21,Female,EWS,Puducherry,Yanam,False,False,B.Com,"content-writing,graphic-design",Finance,Any,7.2,False
C0442,Advik Chopra,25,Male,SC,Rajasthan,Sirohi,False,True,BSc,"graphic-design,mechanical,research,cad,supply-chain",Agriculture,Nagpur,5.6,False
C0443,Sneha Patel,20,Female,OBC,Dadra and Nagar Haveli and Daman and Diu,Diu,False,True,B.Tech,"electrical,hr-management,sql",Finance,Any,7.6,True
C0444,Manisha Pillai,21,Female,ST,Karnataka,Bengaluru Urban,False,True,B.Tech,"critical-thinking,mechanical",IT,Hyderabad,5.8,False
C0445,Yash Ali,20,Male,General,West Bengal,North 24 Parganas,False,True,BA,"python,graphic-design",Manufacturing,Jaipur,6.5,False
C0446,Ishaan Jadhav,22,Male,General,Puducherry,Karaikal,False,True,MBA,"project-management,cad,problem-solving,sql,electrical",Finance,Any,8.4,False
C0447,Diya Patil,24,Female,General,Puducherry,Mahe,False,False,B.Tech,"c++,mechanical,hr-management,data-analysis,agriculture",Finance,Delhi,8.2,False
C0448,Aditya Arora,21,Male,EWS,Delhi,East Delhi,False,False,BA,"java,marketing,digital-marketing",IT,Lucknow,6.0,False
C0449,Riya Patil,20,Female,ST,Uttarakhand,Nainital,False,False,BA,"machine-learning,problem-solving,excel",Education,Noida,7.1,False
C0450,Sneha Arora,22,Female,OBC,Rajasthan,Bikaner,False,True,MBA,"problem-solving,graphic-design,cad,communication",IT,Gurgaon,8.1,False
C0451,Vivek Desai,21,Male,OBC,Uttar Pradesh,Lucknow,False,False,BA,"leadership,hr-management,mechanical,research",Agriculture,Coimbatore,8.4,False
C0452,Varun Jadhav,24,Male,SC,Nagaland,Dimapur,True,False,B.Com,"agriculture,excel,critical-thinking,javascript",Energy,Any,6.9,False
C0453,Sanjay Choudhary,22,Male,General,Kerala,Palakkad,False,False,MBA,"finance,digital-marketing,electrical,javascript,critical-thinking",Healthcare,Kochi,8.2,False
C0454,Amit Chatterjee,23,Male,General,Jharkhand,Khunti,True,False,MBA,"supply-chain,teamwork,machine-learning",Finance,Any,9.1,False
C0455,Shalini Ali,22,Female,ST,Kerala,Thiruvananthapuram,False,False,MBA,"mechanical,c++,digital-marketing,cad,project-management",Finance,Any,8.8,False
C0456,Kavita Malhotra,20,Female,OBC,West Bengal,Paschim Bardhaman,False,False,MCA,"civil,healthcare,mechanical",Manufacturing,Any,6.9,False
C0457,Aanya Gaikwad,20,Female,SC,Andaman and Nicobar Islands,Nicobar,False,False,B.Tech,"graphic-design,research,electrical,project-management,java",IT,Any,7.9,False
C0458,Veer Rajan,25,Male,ST,Rajasthan,Jaisalmer,True,False,BBA,"content-writing,finance,research,teaching",IT,Any,9.0,False
C0459,Meera Nair,23,Female,General,Punjab,Firozpur,True,True,BA,"civil,healthcare,teamwork,research",IT,Gurgaon,7.8,False
C0460,Rohan Mukherjee,21,Male,General,Bihar,Aurangabad,True,True,B.Tech,"mechanical,communication,research",Energy,Any,8.3,False
C0461,Sunita Dubey,25,Female,OBC,Uttar Pradesh,Aligarh,False,False,B.Tech,"python,teamwork",IT,Any,9.2,False
C0462,Reyansh Shetty,21,Male,General,Arunachal Pradesh,Changlang,False,False,BBA,"java,leadership,project-management,accounting",Manufacturing,Any,9.3,True
C0463,Pooja Ansari,21,Female,General,Puducherry,Karaikal,False,False,MCA,"cad,python,hr-management,research",Energy,Delhi,6.5,False
C0464,Kabir Mishra,25,Male,OBC,Madhya Pradesh,Chhatarpur,True,False,BSc,"data-analysis,research,cad,python",Finance,Any,8.1,False
C0465,Kabir Pandey,24,Other,EWS,Karnataka,Raichur,True,False,BSc,"javascript,java,excel",Healthcare,Any,7.6,True
C0466,Suresh Das,20,Male,OBC,Puducherry,Karaikal,True,False,B.Tech,"sql,civil,critical-thinking",Agriculture,Ahmedabad,6.8,False
C0467,Shalini Sharma,21,Female,OBC,Madhya Pradesh,Indore,False,True,BBA,"teamwork,graphic-design",Education,Any,7.4,False
C0468,Kabir Iyer,22,Male,EWS,Uttarakhand,Almora,False,False,MBA,"c++,electrical",Manufacturing,Any,7.0,False
C0469,Anjali Gupta,23,Female,OBC,Nagaland,Mon,False,True,BBA,"agriculture,research,teamwork,cad,marketing",Agriculture,Gurgaon,8.2,True
C0470,Siddharth Gupta,21,Male,General,Uttarakhand,Champawat,False,False,BSc,"teamwork,electrical",Manufacturing,Chennai,7.8,False
C0471,Sonal Banerjee,21,Female,General,Arunachal Pradesh,Papum Pare,False,True,BA,"data-analysis,sql,accounting,project-management,content-writing",IT,Indore,6.9,True
C0472,Rajesh Patil,23,Male,General,Himachal Pradesh,Chamba,True,True,MBA,"python,javascript,critical-thinking,healthcare",Education,Any,9.1,False
C0473,Ananya Roy,21,Female,OBC,Madhya Pradesh,Chhatarpur,False,True,B.Com,"marketing,machine-learning,civil,python,accounting",Healthcare,Jaipur,7.2,False
C0474,Kavita Dubey,21,Female,OBC,Tamil Nadu,Coimbatore,False,False,B.Tech,"data-analysis,c++,digital-marketing",Manufacturing,Any,6.5,False
C0475,Asha Krishnan,24,Female,ST,Lakshadweep,Minicoy,False,False,BA,"project-management,python,java",Agriculture,Any,5.0,False
C0476,Anil Patil,22,Male,ST,Nagaland,Mon,False,True,B.Tech,"agriculture,graphic-design",Energy,Jaipur,5.8,False
C0477,Pari Dubey,22,Female,General,Arunachal Pradesh,Papum Pare,False,False,B.Tech,"civil,c++,project-management,content-writing",Finance,Nagpur,5.1,True
C0478,Kiara Kumar,23,Female,EWS,Rajasthan,Alwar,False,True,MBA,"critical-thinking,problem-solving",Healthcare,Hyderabad,5.4,False
C0479,Ishaan Arora,23,Male,SC,Manipur,Churachandpur,False,True,MBA,"sql,civil,leadership,critical-thinking",IT,Any,8.2,False
C0480,Aryan Kapoor,20,Male,SC,Chandigarh,Chandigarh,False,False,MBA,"excel,problem-solving,finance,critical-thinking,sql",Agriculture,Delhi,9.6,False
C0481,Sonal Shah,25,Female,OBC,Ladakh,Leh,False,True,MBA,"electrical,data-analysis",Manufacturing,Kochi,7.4,False
C0482,Harsh Dubey,22,Male,OBC,Uttarakhand,Udham Singh Nagar,True,False,MBA,"graphic-design,mechanical,excel,research,accounting",Finance,Any,7.0,False
C0483,Yash Jadhav,20,Male,OBC,Chhattisgarh,Sukma,False,False,MBA,"digital-marketing,excel,marketing",Finance,Any,7.0,False
C0484,Aadi Desai,21,Male,General,Andaman and Nicobar Islands,South Andaman,False,True,B.Tech,"leadership,problem-solving,agriculture",IT,Mumbai,6.6,False
C0485,Krishna Bhatia,20,Male,EWS,Punjab,Hoshiarpur,False,False,BA,"agriculture,supply-chain,accounting,c++,finance",IT,Indore,5.8,False
C0486,Sachin Jain,20,Male,OBC,Uttarakhand,Champawat,False,False,B.Tech,"java,c++,agriculture,hr-management,javascript",Energy,Chandigarh,6.9,False
C0487,Aadhya Gupta,20,Female,SC,Assam,Baksa,False,True,BA,"agriculture,teaching,c++",Healthcare,Lucknow,7.1,False
C0488,Divya Tiwari,23,Female,SC,Ladakh,Kargil,False,True,B.Com,"graphic-design,critical-thinking,civil,finance",Finance,Any,8.4,False
C0489,Tanvi Subramanian,21,Female,General,Arunachal Pradesh,East Siang,False,True,BSc,"javascript,finance,critical-thinking,civil",Energy,Noida,8.5,False
C0490,Veer Gupta,23,Male,OBC,Chandigarh,Chandigarh,False,True,BBA,"healthcare,digital-marketing,java,graphic-design",Agriculture,Chandigarh,6.1,False
C0491,Advik Bhatia,21,Male,General,Dadra and Nagar Haveli and Daman and Diu,Diu,False,False,MCA,"content-writing,project-management,digital-marketing",IT,Noida,7.1,False
C0492,Ayaan Mehta,24,Male,General,Madhya Pradesh,Bhopal,False,False,MBA,"digital-marketing,cad,data-analysis,marketing,accounting",Manufacturing,Coimbatore,8.6,False
C0493,Avni Verma,25,Female,OBC,Uttar Pradesh,Sonbhadra,True,True,BSc,"electrical,javascript",Agriculture,Hyderabad,5.4,False
C0494,Manish Kapoor,23,Male,OBC,Chhattisgarh,Mahasamund,True,False,B.Com,"problem-solving,java",IT,Any,8.4,False
C0495,Rani Dubey,21,Female,ST,Ladakh,Kargil,False,False,B.Tech,"graphic-design,electrical,data-analysis",Education,Any,7.5,True
C0496,Sunil Rajan,20,Male,SC,Chandigarh,Chandigarh,False,True,B.Com,"marketing,mechanical,project-management,problem-solving,teaching",Education,Bangalore,7.0,False
C0497,Rahul Singh,21,Male,General,Sikkim,North District,False,False,BBA,"sql,electrical,communication",Finance,Any,7.0,False
C0498,Ajay Ahmed,20,Male,OBC,Haryana,Faridabad,False,False,B.Tech,"hr-management,javascript,content-writing",Manufacturing,Any,7.8,True
C0499,Isha Kulkarni,23,Female,General,Karnataka,Bengaluru Urban,False,True,BA,"machine-learning,civil,javascript",Healthcare,Gurgaon,8.7,False
C0500,Advik Agarwal,24,Male,SC,Sikkim,South District,False,True,B.Com,"hr-management,communication,javascript,finance,project-management",IT,Any,6.7,False
C0501,Ira Naidu,22,Female,ST,Haryana,Faridabad,False,False,B.Com,"communication,python,machine-learning,sql",IT,Jaipur,8.0,False
C0502,Kavya Siddiqui,25,Female,OBC,Meghalaya,East Khasi Hills,False,False,BA,"graphic-design,project-management",Manufacturing,Kochi,5.3,False
C0503,Ira Khan,22,Female,ST,Puducherry,Puducherry,False,False,MBA,"machine-learning,excel,python,c++",Agriculture,Any,7.3,False
C0504,Divya Rajan,25,Female,EWS,Arunachal Pradesh,Tawang,False,True,MBA,"finance,problem-solving,machine-learning",Healthcare,Lucknow,9.0,False
C0505,Varun Joshi,24,Male,OBC,Jammu and Kashmir,Udhampur,True,True,B.Tech,"java,machine-learning,content-writing,marketing",Agriculture,Jaipur,9.1,False
C0506,Vivaan Sen,25,Male,OBC,Lakshadweep,Kavaratti,False,False,MBA,"excel,agriculture,javascript",Manufacturing,Pune,7.1,False
C0507,Deepa Ansari,22,Female,OBC,Ladakh,Leh,False,False,BA,"leadership,communication,agriculture,javascript,graphic-design",Education,Bhubaneswar,6.1,False
C0508,Ayaan Khanna,25,Male,General,Telangana,Rangareddy,False,True,B.Com,"agriculture,finance",Education,Any,8.5,False
C0509,Vikram Farooqui,24,Male,ST,Tripura,North Tripura,False,False,BSc,"machine-learning,communication",Agriculture,Any,6.5,False
C0510,Sneha Ghosh,24,Female,OBC,Ladakh,Kargil,False,False,BA,"agriculture,research,healthcare",Finance,Any,8.0,False
C0511,Rudra Reddy,21,Male,OBC,Goa,North Goa,False,False,MBA,"sql,content-writing,research,project-management,critical-thinking",Agriculture,Jaipur,6.0,False
C0512,Suman Chatterjee,20,Female,General,Rajasthan,Alwar,False,True,BA,"python,electrical",IT,Any,9.1,False
C0513,Priya Arora,20,Female,ST,Telangana,Hyderabad,False,False,MBA,"machine-learning,digital-marketing,content-writing,project-management",Education,Pune,6.2,False
C0514,Avni Farooqui,21,Female,OBC,Kerala,Palakkad,False,True,BSc,"python,communication,problem-solving,accounting,research",Agriculture,Any,6.1,False
C0515,Aanya Subramanian,21,Female,SC,Jharkhand,Simdega,True,True,B.Tech,"electrical,machine-learning,agriculture,critical-thinking,python",Agriculture,Any,7.0,False
C0516,Rohan More,23,Male,EWS,Mizoram,Aizawl,False,True,MBA,"python,project-management,teaching,research",Agriculture,Nagpur,6.5,False
C0517,Ravi Patil,20,Male,General,Jammu and Kashmir,Srinagar,False,True,B.Tech,"cad,healthcare,critical-thinking,finance,machine-learning",IT,Chandigarh,5.9,False
C0518,Aditi Shah,25,Female,General,Ladakh,Kargil,True,False,B.Com,"java,python",Healthcare,Any,8.8,False
C0519,Mohit Nair,25,Male,General,Delhi,Shahdara,False,False,MCA,"excel,agriculture,electrical,mechanical,machine-learning",IT,Any,8.8,False
C0520,Myra Kulkarni,20,Female,OBC,Madhya Pradesh,Bhopal,False,False,MCA,"sql,python",Education,Pune,8.0,False
C0521,Swati Patel,23,Female,ST,Telangana,Nizamabad,False,True,B.Com,"java,project-management,c++,agriculture,electrical",Healthcare,Any,8.3,False
C0522,Avni Sen,21,Female,OBC,Jharkhand,Pashchimi Singhbhum,True,False,B.Tech,"graphic-design,agriculture,c++,civil",IT,Pune,6.7,False
C0523,Manoj Gaikwad,22,Male,General,Telangana,Karimnagar,True,True,B.Com,"communication,marketing,teaching,supply-chain",Healthcare,Vadodara,7.0,False
C0524,Sachin Sen,25,Male,EWS,Arunachal Pradesh,Lower Subansiri,False,True,MCA,"agriculture,problem-solving,mechanical,content-writing",Energy,Chennai,8.4,False
C0525,Vivaan Choudhary,22,Male,General,Haryana,Yamunanagar,False,False,BBA,"agriculture,sql,civil,digital-marketing,excel",IT,Coimbatore,5.8,False
C0526,Ananya Chatterjee,21,Female,General,Nagaland,Mokokchung,False,False,MBA,"communication,graphic-design,agriculture,machine-learning,digital-marketing",Education,Noida,7.9,False
C0527,Ira Pillai,25,Female,SC,Jammu and Kashmir,Kathua,False,False,B.Tech,"data-analysis,cad,machine-learning,critical-thinking",Manufacturing,Pune,6.4,False
C0528,Deepak Das,20,Male,General,Jharkhand,Garhwa,True,True,BBA,"cad,digital-marketing,javascript,marketing,teamwork",Education,Any,5.6,False
C0529,Anjali Banerjee,20,Female,OBC,Arunachal Pradesh,Tawang,False,True,BA,"cad,critical-thinking",Energy,Mumbai,7.6,False
C0530,Ananya Iyer,24,Female,EWS,Ladakh,Leh,False,False,BSc,"content-writing,critical-thinking,leadership",Energy,Coimbatore,7.9,False
C0531,Sunil Iyer,23,Male,General,Gujarat,Vadodara,True,False,B.Com,"research,content-writing",Finance,Ahmedabad,7.3,False
C0532,Ritu Gupta,25,Female,ST,Mizoram,Aizawl,False,False,B.Tech,"hr-management,leadership,teamwork,data-analysis",Finance,Any,5.3,False
C0533,Priya Das,21,Female,EWS,Dadra and Nagar Haveli and Daman and Diu,Daman,False,False,B.Tech,"java,project-management",Finance,Chennai,6.2,True
C0534,Kavya Verma,25,Female,EWS,Mizoram,Mamit,True,False,BA,"teaching,data-analysis,sql,project-management,cad",Agriculture,Any,5.0,False
C0535,Avni Jadhav,22,Female,EWS,Madhya Pradesh,Chhatarpur,True,True,B.Tech,"critical-thinking,content-writing,java,digital-marketing",Healthcare,Any,6.4,False
C0536,Riya Subramanian,25,Female,EWS,Andaman and Nicobar Islands,North and Middle Andaman,False,False,BSc,"digital-marketing,data-analysis,teamwork",IT,Any,6.4,False
C0537,Asha Bose,20,Female,General,Tripura,Unakoti,True,False,B.Tech,"electrical,data-analysis,java",Manufacturing,Any,5.4,False
C0538,Shalini Desai,23,Female,General,West Bengal,Jalpaiguri,False,True,MBA,"project-management,research,digital-marketing,content-writing",IT,Pune,7.0,False
C0539,Kiara Kapoor,21,Female,EWS,Jharkhand,Simdega,True,False,MCA,"sql,civil,java,electrical,content-writing",IT,Jaipur,6.5,False
C0540,Aarohi Kumar,25,Female,OBC,Mizoram,Lunglei,False,False,B.Tech,"cad,civil,content-writing,python,graphic-design",Agriculture,Nagpur,6.8,False
C0541,Aadhya Gaikwad,21,Female,EWS,Odisha,Kalahandi,False,False,MBA,"teaching,mechanical,research,hr-management",Healthcare,Kochi,6.1,False
C0542,Suresh Chatterjee,24,Male,OBC,Delhi,New Delhi,False,False,MBA,"digital-marketing,marketing",Agriculture,Hyderabad,6.2,False
C0543,Kiara Das,23,Female,OBC,Himachal Pradesh,Una,False,False,B.Tech,"machine-learning,hr-management,research",IT,Chandigarh,6.8,False
C0544,Deepa Ansari,25,Female,OBC,Meghalaya,East Garo Hills,False,False,BBA,"agriculture,accounting,c++",IT,Kolkata,7.2,False
C0545,Rohan Patel,23,Male,General,Himachal Pradesh,Shimla,False,True,MBA,"problem-solving,excel,data-analysis,graphic-design,sql",IT,Mumbai,5.5,False
C0546,Aditi Sharma,21,Female,EWS,Jammu and Kashmir,Jammu,True,True,MBA,"agriculture,teamwork",Manufacturing,Jaipur,6.2,False
C0547,Manoj Agarwal,21,Male,General,Tripura,North Tripura,False,False,BA,"communication,civil,data-analysis,excel",IT,Noida,6.3,False
C0548,Priya Desai,25,Female,ST,Tripura,South Tripura,False,True,B.Tech,"sql,critical-thinking",Energy,Mumbai,7.9,False
C0549,Rohan Menon,25,Male,ST,Assam,Kamrup,False,False,B.Tech,"sql,data-analysis",Manufacturing,Jaipur,5.0,False
C0550,Abhishek Roy,24,Male,OBC,Madhya Pradesh,Rajgarh,True,False,B.Tech,"problem-solving,research",Finance,Any,6.1,False
C0551,Rohan Krishnan,23,Male,OBC,Tamil Nadu,Kanchipuram,False,True,BSc,"teamwork,finance",Manufacturing,Any,6.3,True
C0552,Arjun Jain,25,Male,General,Dadra and Nagar Haveli and Daman and Diu,Dadra and Nagar Haveli,False,False,B.Tech,"hr-management,teamwork,supply-chain",Finance,Any,6.7,False
C0553,Asha Thakur,21,Female,EWS,Uttarakhand,Champawat,False,False,BSc,"java,civil",Finance,Bhubaneswar,6.4,False
C0554,Karan Nair,20,Male,General,Dadra and Nagar Haveli and Daman and Diu,Dadra and Nagar Haveli,False,True,B.Com,"machine-learning,project-management,marketing,leadership",IT,Noida,8.2,False
C0555,Nikhil Singh,20,Male,ST,Arunachal Pradesh,Changlang,False,False,BA,"project-management,c++,civil,healthcare,teaching",IT,Any,6.4,False
C0556,Vivek Mukherjee,22,Male,EWS,Sikkim,North District,False,False,BA,"project-management,content-writing,javascript,python,research",IT,Gurgaon,7.2,False
C0557,Rajesh Mehta,23,Male,General,Andaman and Nicobar Islands,North and Middle Andaman,False,True,B.Tech,"leadership,content-writing",Education,Jaipur,7.9,False
C0558,Dhruv Hegde,24,Male,OBC,Assam,Udalguri,True,False,B.Tech,"cad,accounting",Healthcare,Chennai,8.4,False
C0559,Tanvi Hussain,25,Female,OBC,Nagaland,Kiphire,True,True,BA,"critical-thinking,healthcare,sql,supply-chain,data-analysis",IT,Gurgaon,6.3,False
C0560,Shalini Yadav,22,Female,OBC,Uttar Pradesh,Moradabad,False,True,MCA,"excel,graphic-design,agriculture",IT,Any,7.4,False
C0561,Dhruv Ali,22,Male,General,West Bengal,Birbhum,True,False,B.Tech,"machine-learning,problem-solving",Education,Nagpur,6.4,False
C0562,Manisha Choudhary,21,Female,OBC,Tamil Nadu,Tiruchirappalli,False,True,B.Com,"excel,content-writing,teamwork,problem-solving,leadership",IT,Bangalore,6.8,False
C0563,Ankit Desai,20,Male,General,Odisha,Sundargarh,False,False,B.Tech,"teamwork,agriculture,communication,healthcare",IT,Any,6.9,False
C0564,Rekha Siddiqui,22,Female,EWS,Madhya Pradesh,Barwani,False,True,B.Tech,"cad,excel,graphic-design,leadership",IT,Gurgaon,6.4,False
C0565,Nikhil Mishra,23,Male,General,Gujarat,Ahmedabad,False,True,B.Tech,"leadership,supply-chain,excel",Education,Chandigarh,5.1,False
C0566,Reyansh Siddiqui,20,Male,General,Mizoram,Mamit,True,True,B.Com,"python,research,cad",IT,Any,7.7,False
C0567,Siddharth Gupta,24,Male,General,Rajasthan,Jaisalmer,True,False,BSc,"digital-marketing,electrical,teaching,c++,machine-learning",Education,Vadodara,6.3,False
C0568,Veer Tiwari,24,Male,General,Tamil Nadu,Tirunelveli,True,True,B.Tech,"sql,graphic-design,agriculture",Energy,Coimbatore,7.4,False
C0569,Rani Nair,24,Female,ST,Karnataka,Yadgir,False,True,B.Tech,"excel,problem-solving",Education,Bangalore,7.3,False
C0570,Jyoti Bose,24,Female,OBC,Sikkim,Gangtok,False,False,B.Com,"supply-chain,leadership",IT,Coimbatore,7.8,False
C0571,Sanjay Banerjee,22,Male,General,Puducherry,Karaikal,False,True,BA,"finance,sql,content-writing",Manufacturing,Mumbai,7.0,False
C0572,Siddharth Farooqui,20,Male,General,Andhra Pradesh,Kurnool,False,False,B.Tech,"cad,java,civil,electrical",Education,Ahmedabad,8.3,False
C0573,Preeti Ghosh,23,Female,OBC,Karnataka,Belagavi,False,True,MCA,"electrical,critical-thinking",IT,Coimbatore,5.9,False
C0574,Arjun Kulkarni,25,Male,EWS,Sikkim,East District,True,False,BA,"digital-marketing,machine-learning",Finance,Any,6.5,False
C0575,Casey Kapoor,23,Other,OBC,Himachal Pradesh,Kullu,False,True,BSc,"cad,healthcare",Energy,Vadodara,7.8,False
C0576,Vivaan Menon,25,Male,General,Andaman and Nicobar Islands,Nicobar,False,False,B.Tech,"electrical,java,communication,finance",Agriculture,Any,5.9,False
C0577,Aadi Chopra,23,Male,OBC,Arunachal Pradesh,East Siang,False,False,BSc,"cad,project-management,teamwork,communication",Education,Mumbai,6.3,False
C0578,Priya Menon,23,Female,General,Chhattisgarh,Rajnandgaon,False,True,B.Tech,"critical-thinking,research,communication,digital-marketing",Energy,Any,7.6,False
C0579,Sachin Shaikh,24,Male,EWS,Kerala,Thrissur,False,True,B.Tech,"healthcare,communication,accounting,graphic-design",Finance,Lucknow,9.3,False
C0580,Varun Banerjee,25,Male,OBC,Delhi,South Delhi,False,False,MCA,"digital-marketing,communication",Healthcare,Noida,6.2,False
C0581,Taylor Banerjee,23,Other,EWS,Madhya Pradesh,Gwalior,False,True,B.Com,"supply-chain,research,problem-solving",Healthcare,Lucknow,6.4,False
C0582,Kavita Naidu,25,Female,General,Jammu and Kashmir,Jammu,False,False,B.Tech,"java,sql,leadership,graphic-design",Education,Any,5.6,False
C0583,Atharv Shah,24,Male,SC,Karnataka,Mysuru,True,False,BA,"c++,communication,accounting,python",IT,Mumbai,7.6,False
C0584,Sachin Naidu,22,Male,OBC,Manipur,Imphal West,True,False,BSc,"data-analysis,marketing,machine-learning",Finance,Hyderabad,7.7,False
C0585,Amit Naidu,23,Male,General,Meghalaya,West Garo Hills,False,True,BSc,"java,sql,accounting,c++",Healthcare,Kolkata,8.5,False
C0586,Alex Ali,25,Other,OBC,Goa,North Goa,False,False,B.Com,"hr-management,leadership,research,digital-marketing,mechanical",Education,Any,8.0,False
C0587,Mohit Hussain,23,Male,ST,Punjab,Firozpur,True,True,B.Tech,"problem-solving,marketing,accounting",Healthcare,Any,7.2,False
C0588,Aarav Roy,20,Male,OBC,Lakshadweep,Kavaratti,False,False,MCA,"excel,javascript",Finance,Any,5.4,True
C0589,Laxmi Khanna,23,Female,General,Puducherry,Puducherry,False,False,BA,"teamwork,data-analysis,hr-management",Energy,Gurgaon,6.5,False
C0590,Riya Ali,23,Female,OBC,Lakshadweep,Agatti,False,False,BA,"electrical,data-analysis,cad",Energy,Indore,8.5,False
C0591,Nikhil Menon,20,Male,OBC,Gujarat,Vadodara,False,False,BA,"mechanical,finance",Education,Vadodara,7.3,False
C0592,Kavya Mukherjee,22,Female,OBC,Himachal Pradesh,Solan,False,False,B.Tech,"content-writing,excel,digital-marketing,graphic-design,problem-solving",Manufacturing,Pune,9.8,False
C0593,Navya Ghosh,25,Female,OBC,Andhra Pradesh,Vizianagaram,True,False,MCA,"healthcare,teamwork",IT,Nagpur,5.0,False
C0594,Ishaan Ahmed,23,Male,OBC,Assam,Hailakandi,False,False,B.Tech,"accounting,sql,electrical,digital-marketing",Finance,Any,9.4,False
C0595,Preeti Hussain,24,Female,OBC,Bihar,Sitamarhi,False,False,BSc,"finance,hr-management,healthcare,data-analysis",Finance,Any,6.1,True
C0596,Anita Jadhav,24,Female,OBC,Madhya Pradesh,Gwalior,False,False,BSc,"accounting,civil,mechanical,marketing,project-management",IT,Any,7.9,False
C0597,Asha Iyer,22,Female,OBC,Kerala,Thrissur,False,True,B.Tech,"communication,content-writing,c++",Finance,Any,8.3,False
C0598,Rahul Chatterjee,21,Male,ST,Nagaland,Mokokchung,False,False,B.Tech,"communication,problem-solving",Finance,Any,7.2,False
C0599,Manisha Agarwal,25,Female,General,Odisha,Rayagada,False,False,MCA,"javascript,communication,python",Manufacturing,Indore,7.4,False
C0600,Suresh Shetty,22,Male,SC,Tripura,Dhalai,False,True,BA,"project-management,problem-solving,teamwork,graphic-design",Finance,Hyderabad,7.1,False
C0601,Aanya Menon,21,Female,OBC,Dadra and Nagar Haveli and Daman and Diu,Daman,False,True,B.Tech,"sql,civil,graphic-design,accounting",Manufacturing,Vadodara,8.7,False
C0602,Laxmi Kulkarni,24,Female,EWS,Tripura,Dhalai,True,False,B.Tech,"teamwork,data-analysis,leadership,teaching,cad",Energy,Any,8.0,False
C0603,Shaurya Dubey,25,Male,General,Gujarat,Bhavnagar,False,False,BSc,"leadership,machine-learning",Healthcare,Coimbatore,6.3,False
C0604,Vandana Menon,24,Female,OBC,Goa,North Goa,False,True,B.Tech,"machine-learning,leadership,agriculture,project-management",Energy,Bangalore,8.7,False
C0605,Krishna Tiwari,21,Male,OBC,Kerala,Ernakulam,False,True,MCA,"marketing,research",Agriculture,Noida,6.5,False
C0606,Deepa Rao,21,Female,OBC,Uttarakhand,Nainital,False,True,B.Tech,"research,content-writing,project-management,excel,electrical",IT,Any,8.0,False
C0607,Dhruv Mishra,21,Male,General,Haryana,Rohtak,False,True,B.Com,"graphic-design,javascript,content-writing,teaching",Agriculture,Bhubaneswar,6.6,False
C0608,Myra Hegde,24,Female,General,Sikkim,West District,True,False,B.Tech,"cad,sql,digital-marketing,supply-chain,c++",IT,Any,5.2,False
C0609,Mohit Krishnan,22,Male,SC,West Bengal,Murshidabad,True,False,B.Tech,"cad,excel",Education,Lucknow,8.9,False
C0610,Vandana Dubey,24,Female,OBC,Karnataka,Davanagere,False,False,BSc,"cad,teaching",Healthcare,Bangalore,7.7,False
C0611,Kiara Bose,25,Female,General,Uttar Pradesh,Lucknow,False,True,MBA,"java,critical-thinking,python,electrical",IT,Vadodara,6.8,True
C0612,Arjun Jain,24,Male,ST,Mizoram,Mamit,True,False,BSc,"data-analysis,c++,agriculture,healthcare,digital-marketing",Finance,Hyderabad,7.0,False
C0613,Varun Yadav,21,Male,EWS,Andaman and Nicobar Islands,South Andaman,False,True,BSc,"mechanical,project-management,finance,excel",Agriculture,Any,7.3,False
C0614,Avni Ansari,22,Female,SC,Manipur,Imphal West,False,False,BSc,"accounting,critical-thinking",Agriculture,Any,8.2,False
C0615,Shaurya Desai,25,Male,OBC,Bihar,Nalanda,False,True,B.Tech,"teaching,teamwork,graphic-design,supply-chain",Finance,Mumbai,8.0,False
C0616,Vivek Roy,24,Male,General,Rajasthan,Udaipur,False,False,B.Tech,"data-analysis,research,leadership",Energy,Bhubaneswar,8.5,False
C0617,Rakesh Shaikh,23,Male,EWS,Manipur,Churachandpur,False,False,B.Tech,"leadership,research,cad,supply-chain",Energy,Any,6.7,True
C0618,Sneha More,20,Female,General,Nagaland,Dimapur,False,True,B.Com,"marketing,python,javascript",IT,Nagpur,5.3,False
C0619,Geeta Patel,20,Female,OBC,Goa,South Goa,False,True,B.Tech,"accounting,research,python",Education,Chandigarh,6.1,False
C0620,Sneha Shah,20,Female,SC,Puducherry,Yanam,False,False,B.Tech,"critical-thinking,agriculture,accounting,c++,electrical",Healthcare,Any,7.4,False
C0621,Ananya Khan,23,Female,OBC,Odisha,Malkangiri,False,False,BBA,"hr-management,critical-thinking,cad,machine-learning,agriculture",Energy,Delhi,7.3,False
C0622,Rahul Patel,20,Male,General,Bihar,Araria,True,False,MBA,"critical-thinking,javascript,hr-management,python",Agriculture,Any,6.7,False
C0623,Ravi Joshi,20,Male,OBC,Meghalaya,East Khasi Hills,False,True,B.Tech,"supply-chain,healthcare",Finance,Hyderabad,6.9,False
C0624,Laxmi Das,24,Female,OBC,Andhra Pradesh,Visakhapatnam,False,False,MBA,"javascript,research,agriculture,sql",Healthcare,Gurgaon,6.3,False
C0625,Veer Singh,20,Male,General,Madhya Pradesh,Rewa,False,False,BSc,"excel,supply-chain",IT,Delhi,5.6,False
C0626,Rohan Roy,21,Male,SC,Manipur,Imphal West,False,True,B.Com,"accounting,javascript,digital-marketing",Energy,Any,6.7,False
C0627,Manisha Dubey,24,Female,OBC,Himachal Pradesh,Kangra,False,True,B.Tech,"teamwork,python",Education,Any,6.9,False
C0628,Arjun Reddy,20,Male,OBC,Bihar,Aurangabad,False,False,BSc,"javascript,civil,cad",Education,Any,7.0,False
C0629,Deepa Singh,24,Female,SC,Tripura,South Tripura,False,True,BBA,"cad,python",Finance,Any,7.6,False
C0630,Casey Mukherjee,21,Other,General,Delhi,West Delhi,False,False,BA,"teaching,cad",Finance,Chandigarh,7.8,False
C0631,Abhishek Ansari,20,Male,OBC,Kerala,Palakkad,False,True,B.Tech,"electrical,teaching,python,teamwork,critical-thinking",Healthcare,Mumbai,6.1,False
C0632,Laxmi Pandey,25,Female,General,Nagaland,Mon,False,True,MBA,"critical-thinking,communication",Energy,Any,7.2,False
C0633,Anita Sen,21,Female,OBC,Uttarakhand,Dehradun,False,True,B.Com,"electrical,data-analysis,machine-learning,project-management",Finance,Ahmedabad,7.6,False
C0634,Veer Choudhary,20,Male,SC,Bihar,Jamui,True,False,B.Tech,"research,project-management",Finance,Any,8.0,False
C0635,Vivek Reddy,20,Male,General,Uttar Pradesh,Prayagraj,False,False,B.Tech,"civil,marketing,hr-management,java",IT,Mumbai,6.3,False
C0636,Rani Bhatia,20,Female,OBC,Lakshadweep,Agatti,False,False,MBA,"digital-marketing,data-analysis,teaching,cad,problem-solving",Healthcare,Bangalore,5.0,False
C0637,Rohan Desai,23,Male,EWS,Dadra and Nagar Haveli and Daman and Diu,Dadra and Nagar Haveli,False,True,BBA,"java,marketing,finance,accounting",IT,Ahmedabad,5.7,False
C0638,Rekha Chopra,23,Female,OBC,Tamil Nadu,Vellore,False,True,BA,"marketing,mechanical,javascript,research,agriculture",Finance,Any,7.9,False
C0639,Vandana Rao,20,Female,General,Tamil Nadu,Kanchipuram,False,True,B.Com,"problem-solving,finance,teaching,hr-management",Education,Any,7.2,False
C0640,Sara Shaikh,21,Female,ST,Haryana,Karnal,False,True,B.Tech,"javascript,java",Energy,Any,6.7,False
C0641,Preeti Das,22,Female,General,Mizoram,Champhai,False,False,BSc,"critical-thinking,electrical,healthcare",IT,Mumbai,8.1,False
C0642,Manish Sen,21,Male,SC,Odisha,Cuttack,False,True,BBA,"electrical,teaching,accounting,communication,critical-thinking",Finance,Any,5.6,True
C0643,Meera Shaikh,24,Female,General,Punjab,Jalandhar,False,False,BSc,"excel,javascript,data-analysis",Education,Ahmedabad,5.3,False
C0644,Aditi Siddiqui,22,Female,General,Dadra and Nagar Haveli and Daman and Diu,Diu,False,True,B.Com,"accounting,c++,leadership,civil",Education,Any,6.4,False
C0645,Vikram Chatterjee,24,Male,ST,Nagaland,Mon,False,False,MCA,"python,research,excel,agriculture",Healthcare,Coimbatore,7.6,False
C0646,Sonal Reddy,22,Female,OBC,Tamil Nadu,Thanjavur,False,False,B.Tech,"agriculture,digital-marketing,marketing,data-analysis,project-management",Energy,Hyderabad,6.7,False
C0647,Riya Mehta,24,Female,General,Andaman and Nicobar Islands,South Andaman,False,True,B.Tech,"c++,teaching",IT,Bhubaneswar,7.1,False
C0648,Vikram Kulkarni,24,Male,ST,Maharashtra,Nagpur,False,False,BSc,"teaching,healthcare,java,problem-solving,teamwork",Finance,Vadodara,7.3,False
C0649,Pallavi Farooqui,24,Female,EWS,Chandigarh,Chandigarh,False,False,MBA,"graphic-design,mechanical,civil,project-management",IT,Coimbatore,7.3,False
C0650,Aryan Agarwal,25,Male,General,Goa,North Goa,False,False,MBA,"problem-solving,python",Energy,Any,6.3,False
C0651,Rekha Shetty,24,Female,General,Lakshadweep,Minicoy,False,False,BBA,"research,problem-solving,leadership,sql,accounting",IT,Kochi,7.4,False
C0652,Siddharth Bose,25,Male,OBC,Arunachal Pradesh,East Siang,False,True,B.Tech,"problem-solving,graphic-design,excel,teaching,digital-marketing",Finance,Chandigarh,7.4,False
C0653,Rudra Sharma,23,Male,General,Sikkim,Gangtok,False,True,BSc,"excel,digital-marketing,agriculture,teaching",Finance,Chandigarh,6.5,False
C0654,Sneha Banerjee,24,Female,General,Delhi,New Delhi,False,False,B.Tech,"graphic-design,communication,healthcare",Education,Any,6.9,False
C0655,Komal Malhotra,23,Female,ST,Sikkim,East District,False,False,B.Tech,"healthcare,electrical",Healthcare,Bangalore,8.4,False
C0656,Anika Banerjee,22,Female,OBC,Himachal Pradesh,Una,False,False,BSc,"finance,teaching,mechanical",IT,Mumbai,7.1,True
C0657,Aditya Naidu,22,Male,General,Kerala,Thrissur,False,False,BSc,"teaching,civil",Healthcare,Hyderabad,9.7,False
C0658,Reyansh Ghosh,25,Male,OBC,Arunachal Pradesh,East Siang,False,False,B.Tech,"data-analysis,project-management,hr-management",IT,Any,6.7,False
C0659,Vikram Agarwal,20,Male,General,Manipur,Bishnupur,False,False,BBA,"excel,supply-chain,research,agriculture,java",IT,Indore,7.1,False
C0660,Shreya Gupta,24,Female,General,Chhattisgarh,Kondagaon,False,False,BSc,"agriculture,leadership,research,healthcare,sql",Agriculture,Jaipur,7.3,False
C0661,Aditya Reddy,23,Male,OBC,Chhattisgarh,Kondagaon,True,True,B.Tech,"electrical,digital-marketing,project-management",IT,Jaipur,5.7,True
C0662,Abhishek Kapoor,23,Male,General,Karnataka,Mysuru,False,False,BA,"machine-learning,teaching,content-writing,agriculture",Agriculture,Gurgaon,7.3,False
C0663,Abhishek Desai,23,Male,OBC,Arunachal Pradesh,West Kameng,True,True,BSc,"digital-marketing,graphic-design,sql,mechanical,teaching",IT,Gurgaon,5.2,False
C0664,Manisha Ahmed,23,Female,General,Bihar,Patna,False,True,MBA,"graphic-design,agriculture,electrical,leadership,teaching",Education,Any,6.9,False
C0665,Harsh Singh,20,Male,OBC,Kerala,Wayanad,False,False,BBA,"agriculture,teamwork,hr-management,excel",Education,Delhi,6.8,False
C0666,Aarav Chopra,21,Male,EWS,Punjab,Bathinda,False,True,MBA,"cad,python,digital-marketing,healthcare,problem-solving",IT,Coimbatore,5.5,False
C0667,Veer Chatterjee,21,Male,OBC,Himachal Pradesh,Una,False,False,BSc,"agriculture,problem-solving,digital-marketing,communication,civil",Healthcare,Any,7.0,False
C0668,Navya Mishra,25,Female,OBC,Maharashtra,Kolhapur,False,False,BBA,"graphic-design,python,accounting,agriculture",Agriculture,Kolkata,7.5,False
C0669,Aditya Dubey,23,Male,General,Tripura,Gomati,False,False,BA,"machine-learning,cad,teaching,java",IT,Any,6.5,False
C0670,Riya Ali,20,Other,SC,Telangana,Rangareddy,False,True,BBA,"mechanical,cad,digital-marketing,javascript",Finance,Any,7.0,False
C0671,Manoj Banerjee,22,Male,General,Manipur,Imphal West,False,False,B.Tech,"supply-chain,research,electrical,machine-learning",Finance,Noida,7.0,True
C0672,Komal Dubey,24,Female,SC,Kerala,Alappuzha,False,False,MCA,"accounting,civil,cad,teaching,marketing",Energy,Chennai,6.4,False
C0673,Ravi Verma,21,Male,General,Delhi,South Delhi,False,False,B.Tech,"communication,accounting,teaching,civil",Finance,Vadodara,6.7,False
C0674,Kiara Patel,24,Female,General,Jharkhand,Garhwa,True,False,BA,"excel,healthcare,sql,agriculture,c++",Agriculture,Any,5.6,True
C0675,Tanvi Qureshi,20,Female,General,Odisha,Cuttack,False,False,BA,"machine-learning,problem-solving",Agriculture,Indore,6.7,False
C0676,Varun Bose,21,Male,General,Himachal Pradesh,Kullu,False,False,BA,"marketing,electrical,supply-chain",Finance,Any,6.6,False
C0677,Jyoti Kulkarni,24,Female,OBC,Andhra Pradesh,East Godavari,False,False,MBA,"electrical,sql",IT,Any,9.1,False
C0678,Harsh Mirza,21,Male,OBC,Himachal Pradesh,Solan,False,False,BSc,"teaching,communication,machine-learning,java",Energy,Any,7.1,False
C0679,Manoj Agarwal,21,Male,OBC,Andaman and Nicobar Islands,North and Middle Andaman,False,False,B.Com,"supply-chain,problem-solving,c++,project-management",Energy,Lucknow,7.2,False
C0680,Sanjay Krishnan,21,Male,EWS,Nagaland,Mon,False,False,B.Tech,"machine-learning,graphic-design,c++",IT,Pune,6.3,True
C0681,Diya Kumar,24,Female,General,Odisha,Kalahandi,False,True,BA,"teaching,project-management,civil,content-writing",Finance,Gurgaon,8.0,False
C0682,Aarav Krishnan,23,Male,General,Goa,North Goa,False,False,B.Tech,"hr-management,critical-thinking,electrical,digital-marketing",IT,Jaipur,6.8,False
C0683,Myra Ahmed,21,Female,OBC,Odisha,Sundargarh,False,False,B.Com,"critical-thinking,leadership,cad",Finance,Any,8.4,False
C0684,Vikram Menon,21,Male,EWS,Delhi,South West Delhi,False,True,BBA,"digital-marketing,machine-learning,javascript,content-writing",Finance,Any,7.9,False
C0685,Isha Krishnan,20,Female,ST,Andaman and Nicobar Islands,Nicobar,False,True,MCA,"data-analysis,teamwork,cad",IT,Any,9.4,False
C0686,Ravi Bhatia,22,Male,ST,Assam,Cachar,False,False,B.Com,"electrical,accounting",IT,Any,7.8,False
C0687,Aarav Mukherjee,20,Other,General,Telangana,Warangal,False,False,BBA,"research,mechanical,leadership",Energy,Kolkata,8.0,False
C0688,Sneha Khan,20,Female,SC,Chandigarh,Chandigarh,False,False,BA,"teamwork,teaching,communication",Education,Pune,6.0,False
C0689,Asha Pillai,22,Female,SC,Chhattisgarh,Narayanpur,True,True,BSc,"problem-solving,civil",IT,Jaipur,6.6,False
C0690,Vihaan Siddiqui,25,Male,OBC,Karnataka,Hubballi-Dharwad,False,True,BBA,"electrical,critical-thinking",Healthcare,Kochi,8.7,False
C0691,Morgan Sen,25,Other,SC,Uttar Pradesh,Siddharthnagar,False,False,B.Tech,"electrical,c++,excel,project-management,hr-management",Healthcare,Any,7.2,False
C0692,Siddharth Tiwari,21,Male,SC,Himachal Pradesh,Solan,False,False,B.Com,"teamwork,leadership,java,project-management",Manufacturing,Any,6.7,False
C0693,Rani Pillai,24,Female,OBC,Meghalaya,East Garo Hills,False,True,B.Tech,"civil,teaching,healthcare,java",IT,Jaipur,7.1,False
C0694,Krishna Khan,20,Male,OBC,Rajasthan,Jaisalmer,True,True,MBA,"problem-solving,finance,research,c++,cad",Manufacturing,Any,6.1,False
C0695,Aditi Mehta,20,Female,ST,Haryana,Gurugram,False,True,BSc,"communication,python,teaching,c++,marketing",Education,Vadodara,6.3,False
C0696,Usha Chopra,20,Female,ST,Punjab,Jalandhar,False,True,BBA,"accounting,python,java,marketing",Agriculture,Indore,7.5,False
C0697,Suresh Agarwal,23,Male,OBC,Ladakh,Leh,False,False,B.Com,"hr-management,graphic-design,c++,content-writing",IT,Any,7.4,False
C0698,Myra Ali,20,Female,General,Haryana,Ambala,False,False,MBA,"machine-learning,data-analysis,agriculture,graphic-design",Education,Kochi,6.3,False
C0699,Siddharth Mukherjee,22,Male,EWS,Ladakh,Leh,False,False,B.Tech,"digital-marketing,javascript,mechanical",IT,Jaipur,6.0,False
C0700,Amit Pillai,22,Male,General,Andhra Pradesh,East Godavari,False,False,B.Com,"excel,finance",Manufacturing,Ahmedabad,5.8,True
C0701,Jyoti Kulkarni,25,Female,OBC,Himachal Pradesh,Kangra,False,False,BA,"project-management,data-analysis,cad,python,hr-management",IT,Any,7.3,False
C0702,Suresh Joshi,23,Male,SC,Tamil Nadu,Kanchipuram,False,False,B.Tech,"excel,marketing,python,healthcare,hr-management",Education,Any,8.4,False
C0703,Nikhil Bhatia,24,Male,OBC,Karnataka,Yadgir,False,True,BA,"data-analysis,content-writing,project-management,machine-learning,research",Agriculture,Jaipur,6.4,False
C0704,Aarohi Patil,22,Female,EWS,Nagaland,Mokokchung,False,False,B.Tech,"excel,hr-management,digital-marketing",Finance,Vadodara,8.2,False
C0705,Shalini Malhotra,21,Female,OBC,Karnataka,Davanagere,True,False,B.Tech,"marketing,supply-chain,teaching,data-analysis,civil",Energy,Any,7.4,False
C0706,Naveen Malhotra,20,Male,OBC,West Bengal,Darjeeling,False,False,B.Tech,"electrical,python",Education,Pune,8.4,False
C0707,Kabir Rao,21,Male,OBC,Bihar,Nalanda,False,True,BSc,"excel,hr-management",Education,Chandigarh,8.3,False
C0708,Myra Das,24,Female,OBC,Odisha,Cuttack,False,False,BSc,"civil,problem-solving",Agriculture,Any,5.4,False
C0709,Aarav Tiwari,21,Male,General,Delhi,Central Delhi,False,False,B.Com,"healthcare,civil,content-writing",Energy,Any,5.5,True
C0710,Akash Patel,22,Male,EWS,Ladakh,Kargil,False,True,BA,"finance,c++",IT,Delhi,7.6,False
C0711,Vivaan Agarwal,25,Male,OBC,Madhya Pradesh,Ujjain,False,True,BBA,"machine-learning,graphic-design,cad,java",Agriculture,Pune,8.5,False
C0712,Usha Mirza,21,Female,OBC,Karnataka,Kalaburagi,False,True,BSc,"content-writing,sql",IT,Mumbai,6.1,True
C0713,Sunil Jadhav,20,Male,OBC,Kerala,Kollam,False,False,BSc,"communication,excel,digital-marketing",Agriculture,Any,7.5,False
C0714,Komal Khan,21,Female,ST,Tripura,Unakoti,False,False,BSc,"marketing,data-analysis,leadership",Manufacturing,Any,7.2,False
C0715,Pooja Desai,25,Female,General,Dadra and Nagar Haveli and Daman and Diu,Dadra and Nagar Haveli,False,True,MCA,"teaching,agriculture,excel,electrical",Education,Bangalore,6.5,False
C0716,Manish Rajan,23,Male,EWS,Arunachal Pradesh,Tawang,False,False,B.Com,"supply-chain,leadership",Finance,Pune,6.2,True
C0717,Asha Singh,20,Female,General,Puducherry,Karaikal,False,False,B.Tech,"java,teamwork",Education,Any,9.5,False
C0718,Sanjay Mishra,22,Male,OBC,Sikkim,East District,False,False,B.Tech,"research,civil",Healthcare,Indore,6.4,False
C0719,Taylor Khanna,21,Other,SC,Assam,Jorhat,False,False,B.Tech,"marketing,graphic-design,python,digital-marketing,teaching",Energy,Any,8.9,False
C0720,Meera Desai,21,Female,General,Goa,South Goa,False,False,MCA,"java,machine-learning",IT,Jaipur,7.1,False
C0721,Suman Jain,23,Female,OBC,Himachal Pradesh,Shimla,False,True,BBA,"python,cad",Healthcare,Any,8.8,False
C0722,Gaurav Siddiqui,25,Male,General,Maharashtra,Ahmednagar,False,True,BSc,"teaching,civil,healthcare,communication,python",Manufacturing,Any,6.5,False
C0723,Sunita Das,20,Female,ST,Haryana,Hisar,False,False,B.Tech,"finance,civil,teamwork",Manufacturing,Any,6.7,False
C0724,Vikram Rajan,22,Male,SC,Andaman and Nicobar Islands,Nicobar,False,False,MBA,"mechanical,machine-learning",Agriculture,Any,6.3,False
C0725,Aanya Farooqui,20,Female,OBC,Tripura,South Tripura,False,False,B.Tech,"teaching,digital-marketing",Energy,Any,7.8,False
C0726,Riya Jain,22,Female,General,Dadra and Nagar Haveli and Daman and Diu,Diu,False,True,BBA,"c++,sql",Education,Any,6.8,False
C0727,Karan Naidu,24,Male,General,Gujarat,Rajkot,True,True,BSc,"agriculture,hr-management,mechanical,digital-marketing,c++",IT,Any,9.6,False
C0728,Rahul Hussain,20,Male,ST,Puducherry,Karaikal,False,True,MBA,"data-analysis,healthcare,project-management",Manufacturing,Delhi,6.3,False
C0729,Krishna Qureshi,24,Male,OBC,Arunachal Pradesh,West Kameng,False,True,MBA,"excel,graphic-design,sql,leadership,healthcare",Finance,Any,5.7,False
C0730,Kavya Nair,23,Female,OBC,Rajasthan,Jaisalmer,False,True,B.Com,"teaching,finance,critical-thinking",Manufacturing,Hyderabad,9.1,False
C0731,Kavita Joshi,22,Female,ST,Punjab,Patiala,False,False,B.Tech,"problem-solving,project-management,c++",Healthcare,Any,7.1,False
C0732,Aditya Chatterjee,23,Male,SC,Madhya Pradesh,Gwalior,False,False,BSc,"finance,sql,java,teaching,machine-learning",Finance,Any,6.1,False
C0733,Arjun Qureshi,22,Male,OBC,Haryana,Rohtak,False,True,BA,"electrical,mechanical,c++",Agriculture,Ahmedabad,5.6,False
C0734,Aadhya Sen,22,Female,OBC,Arunachal Pradesh,West Kameng,False,False,MBA,"agriculture,mechanical",Education,Any,7.7,False
C0735,Pari Subramanian,21,Female,EWS,Uttarakhand,Udham Singh Nagar,True,False,BA,"python,supply-chain,digital-marketing,excel,marketing",Energy,Any,7.0,False
C0736,Aditi Arora,25,Female,ST,Sikkim,South District,True,True,B.Com,"healthcare,agriculture,leadership",Agriculture,Any,7.6,False
C0737,Jyoti Mishra,23,Female,SC,Andhra Pradesh,Vizianagaram,False,False,MBA,"mechanical,problem-solving,marketing,cad",IT,Kochi,6.1,False
C0738,Pranav Patil,25,Male,General,Meghalaya,Jaintia Hills,False,False,BSc,"project-management,electrical",Healthcare,Bangalore,5.2,False
C0739,Tanvi Bose,25,Female,General,Arunachal Pradesh,West Kameng,False,False,BSc,"supply-chain,java,communication,leadership",IT,Pune,8.0,False
C0740,Amit Kulkarni,22,Male,General,Assam,Udalguri,True,True,BSc,"project-management,machine-learning,accounting,problem-solving,research",Education,Any,7.9,False
C0741,Siddharth Pillai,20,Male,OBC,Tamil Nadu,Thanjavur,False,False,B.Tech,"problem-solving,leadership,c++,sql",Energy,Any,8.1,False
C0742,Reyansh Chopra,20,Male,General,Mizoram,Mamit,True,False,B.Tech,"data-analysis,marketing,finance,javascript",Finance,Vadodara,8.0,False
C0743,Myra Singh,22,Female,OBC,Meghalaya,East Khasi Hills,True,False,BSc,"communication,graphic-design,hr-management",IT,Nagpur,7.7,False
C0744,Kabir Jain,24,Other,OBC,Haryana,Yamunanagar,False,True,BSc,"hr-management,cad",Energy,Any,6.8,False
C0745,Diya Arora,20,Female,EWS,Andaman and Nicobar Islands,Nicobar,False,True,BBA,"problem-solving,excel,machine-learning",Energy,Any,9.1,False
C0746,Aryan Das,22,Male,General,Mizoram,Kolasib,False,False,BSc,"critical-thinking,graphic-design,python,communication,digital-marketing",Finance,Any,6.3,False
C0747,Atharv Qureshi,20,Male,General,Tamil Nadu,Madurai,False,True,BSc,"c++,problem-solving,agriculture",IT,Mumbai,7.5,False
C0748,Aditi Bose,25,Female,ST,Dadra and Nagar Haveli and Daman and Diu,Daman,False,True,MBA,"cad,c++",IT,Any,5.3,False
C0749,Rajesh Sen,24,Male,OBC,Uttar Pradesh,Fatehpur,False,False,B.Com,"teamwork,supply-chain,accounting,communication",Manufacturing,Any,8.0,False
C0750,Alex Ghosh,20,Other,OBC,Manipur,Chandel,True,False,BBA,"teamwork,civil,electrical,accounting,mechanical",Education,Bhubaneswar,8.1,False
C0751,Aarav Jadhav,25,Male,General,Arunachal Pradesh,Changlang,True,False,B.Tech,"accounting,research",IT,Gurgaon,8.2,True
C0752,Shreya Kapoor,23,Female,EWS,Goa,North Goa,False,False,MCA,"problem-solving,teaching",IT,Any,8.9,False
C0753,Divya Bose,24,Female,OBC,Dadra and Nagar Haveli and Daman and Diu,Daman,False,True,B.Tech,"machine-learning,finance,teaching",Finance,Any,7.3,False
C0754,Kabir Rajan,22,Male,ST,Delhi,West Delhi,False,False,BA,"agriculture,data-analysis,mechanical,problem-solving",IT,Bangalore,6.4,True
C0755,Abhishek Patel,24,Male,SC,Meghalaya,East Khasi Hills,False,False,BA,"mechanical,python,critical-thinking,accounting,machine-learning",IT,Vadodara,7.1,False
C0756,Amit Menon,20,Male,General,West Bengal,North 24 Parganas,False,True,MCA,"marketing,sql,hr-management,data-analysis,agriculture",Healthcare,Chandigarh,7.2,False
C0757,Sanjay Ali,22,Male,General,Uttar Pradesh,Siddharthnagar,True,False,MCA,"javascript,python,electrical",IT,Kochi,7.5,False
C0758,Kabir Khan,24,Other,EWS,Delhi,North Delhi,False,False,MBA,"healthcare,machine-learning,excel,project-management,java",Manufacturing,Vadodara,8.7,False
C0759,Priya Patel,25,Female,OBC,Mizoram,Kolasib,False,True,MBA,"teaching,content-writing,machine-learning",IT,Chandigarh,9.5,True
C0760,Aadi Arora,24,Male,OBC,Rajasthan,Ajmer,False,True,B.Tech,"accounting,electrical",IT,Lucknow,7.4,False
C0761,Ajay Iyer,22,Male,ST,Punjab,Jalandhar,False,True,BBA,"agriculture,research,marketing",Finance,Ahmedabad,8.9,False
C0762,Aditi Ali,22,Female,General,Haryana,Ambala,False,True,BA,"project-management,c++,research,hr-management",Education,Vadodara,7.6,False
C0763,Suresh More,24,Male,ST,Tripura,Gomati,False,False,MBA,"java,teaching,critical-thinking,finance",Energy,Kochi,7.6,False
C0764,Akash Chopra,24,Male,General,Manipur,Bishnupur,False,False,BSc,"project-management,healthcare",Manufacturing,Any,9.5,False
C0765,Atharv Ahmed,23,Male,EWS,Kerala,Alappuzha,False,False,B.Com,"java,teamwork",Education,Lucknow,6.9,False
C0766,Nikhil Iyer,21,Male,OBC,Madhya Pradesh,Guna,True,True,MBA,"research,machine-learning,project-management",IT,Chandigarh,5.0,False
C0767,Rajesh Agarwal,23,Male,General,Goa,South Goa,False,False,B.Com,"java,critical-thinking,hr-management,electrical",Finance,Lucknow,5.7,False
C0768,Kavya Patel,22,Female,EWS,Madhya Pradesh,Chhatarpur,False,True,B.Tech,"java,healthcare,excel",IT,Pune,8.4,False
C0769,Sonal Patel,21,Female,SC,Nagaland,Dimapur,False,True,B.Tech,"finance,data-analysis",Energy,Noida,8.0,False
C0770,Rani Jadhav,24,Female,General,Chandigarh,Chandigarh,False,True,B.Com,"leadership,teamwork",Finance,Bhubaneswar,5.7,False
C0771,Rani Tiwari,24,Female,SC,Maharashtra,Mumbai,False,False,B.Tech,"machine-learning,accounting,hr-management",IT,Kochi,8.8,False
C0772,Karan Bose,24,Male,General,Odisha,Kandhamal,False,True,BSc,"cad,marketing,teaching,project-management,agriculture",Agriculture,Any,5.4,False
C0773,Kabir Jadhav,22,Male,EWS,Dadra and Nagar Haveli and Daman and Diu,Daman,False,False,B.Tech,"excel,electrical,data-analysis,machine-learning",Agriculture,Kochi,6.1,False
C0774,Shreya Sharma,22,Female,General,Telangana,Mahabubnagar,False,False,B.Com,"mechanical,python",IT,Any,7.9,False
C0775,Gaurav Chopra,24,Male,General,Jammu and Kashmir,Udhampur,False,True,B.Tech,"communication,digital-marketing",IT,Any,5.5,False
C0776,Sunil Krishnan,20,Male,OBC,Uttarakhand,Tehri Garhwal,False,False,B.Tech,"communication,critical-thinking,javascript",Healthcare,Any,6.5,False
C0777,Riya Shetty,21,Female,OBC,Andaman and Nicobar Islands,South Andaman,False,True,B.Tech,"excel,sql,research,agriculture",IT,Any,9.3,False
C0778,Preeti Kulkarni,25,Female,ST,Arunachal Pradesh,Lower Subansiri,False,True,B.Tech,"research,java,communication,graphic-design,javascript",Finance,Gurgaon,5.6,False
C0779,Naveen Naidu,22,Male,OBC,Bihar,Nalanda,False,True,BSc,"finance,problem-solving,supply-chain,content-writing",Education,Any,5.4,False
C0780,Rakesh Kapoor,22,Male,SC,Andaman and Nicobar Islands,Nicobar,True,True,MBA,"c++,finance",IT,Any,6.8,False
C0781,Ira Naidu,23,Female,General,Bihar,Bhagalpur,False,False,BSc,"communication,project-management",Education,Any,6.9,False
C0782,Rajesh Shetty,25,Male,ST,Chandigarh,Chandigarh,False,True,B.Tech,"teamwork,project-management,finance,c++",IT,Any,6.9,False
C0783,Gaurav Subramanian,25,Male,SC,Tripura,South Tripura,False,True,B.Tech,"python,mechanical",Finance,Any,6.4,False
C0784,Shreya Chopra,24,Female,OBC,Bihar,Nawada,True,False,B.Com,"sql,accounting,machine-learning,content-writing,finance",IT,Chandigarh,6.4,False
C0785,Tanvi Kapoor,22,Female,General,Uttarakhand,Almora,False,False,BBA,"c++,civil,machine-learning,excel,accounting",Finance,Coimbatore,7.8,False
C0786,Isha Patil,20,Female,ST,Jharkhand,Chatra,True,True,BA,"sql,javascript,content-writing",Manufacturing,Indore,7.3,False
C0787,Deepa Kumar,22,Female,General,Chhattisgarh,Kanker,False,False,BBA,"graphic-design,hr-management,electrical",Finance,Lucknow,6.6,False
C0788,Atharv Mukherjee,21,Male,ST,Goa,South Goa,False,False,MCA,"machine-learning,excel,teamwork,content-writing,java",Healthcare,Chandigarh,7.1,True
C0789,Aditi Pandey,23,Female,ST,Rajasthan,Dholpur,True,False,BA,"digital-marketing,project-management,java,data-analysis,leadership",Manufacturing,Kochi,7.9,False
C0790,Sanjay Yadav,20,Male,SC,Tamil Nadu,Tiruchirappalli,False,True,B.Tech,"agriculture,critical-thinking,excel",Healthcare,Any,7.1,False
C0791,Rajesh Menon,23,Male,OBC,Gujarat,Jamnagar,False,False,B.Tech,"communication,hr-management",IT,Any,7.5,False
C0792,Anil Das,24,Male,EWS,Andaman and Nicobar Islands,South Andaman,True,False,MCA,"leadership,content-writing",Finance,Chennai,8.2,False
C0793,Harsh Agarwal,21,Male,OBC,Punjab,Patiala,False,False,MBA,"project-management,java,cad,machine-learning,communication",Finance,Ahmedabad,7.0,True
C0794,Reyansh Shah,23,Male,SC,Tripura,Unakoti,False,True,BBA,"cad,python,digital-marketing",Energy,Delhi,6.8,False
C0795,Priya Joshi,23,Female,General,Telangana,Khammam,False,False,BBA,"excel,sql,electrical",Healthcare,Any,7.0,False
C0796,Saanvi Pandey,24,Female,SC,Delhi,North East Delhi,False,False,B.Tech,"c++,communication",Agriculture,Nagpur,7.5,False
C0797,Shalini Rao,23,Female,ST,Tripura,Unakoti,False,False,B.Tech,"excel,python,communication,leadership",Healthcare,Ahmedabad,6.1,False
C0798,Veer Khanna,22,Male,General,Ladakh,Leh,True,False,MBA,"hr-management,problem-solving",Education,Noida,6.2,True
C0799,Vihaan Ahmed,21,Male,SC,Nagaland,Mokokchung,False,False,B.Com,"machine-learning,javascript,project-management,graphic-design,python",Agriculture,Bhubaneswar,7.0,False
C0800,Nisha Ali,20,Female,General,Rajasthan,Bikaner,False,False,BBA,"marketing,data-analysis,finance,communication,healthcare",Manufacturing,Any,8.8,False
C0801,Ritu Hegde,22,Female,ST,Chhattisgarh,Raipur,False,False,B.Com,"hr-management,research,c++,leadership,accounting",Finance,Any,7.7,False
C0802,Swati Hegde,25,Female,General,Arunachal Pradesh,Lower Subansiri,False,False,MBA,"java,mechanical,leadership,c++",Manufacturing,Ahmedabad,7.1,False
C0803,Anita Ahmed,22,Female,OBC,Rajasthan,Karauli,True,True,MBA,"problem-solving,teamwork",Finance,Any,5.7,False
C0804,Aadhya Patil,23,Female,SC,Ladakh,Kargil,False,True,B.Com,"accounting,cad",Education,Jaipur,8.8,False
C0805,Akash Tiwari,20,Male,General,Manipur,Thoubal,False,False,BSc,"sql,civil,agriculture,data-analysis,supply-chain",Finance,Chandigarh,8.0,False
C0806,Vivaan Chopra,21,Male,General,Himachal Pradesh,Solan,False,False,BBA,"project-management,c++,leadership",IT,Chandigarh,7.9,False
C0807,Manisha Ansari,24,Female,OBC,Bihar,Patna,True,False,BBA,"teamwork,python,content-writing",Education,Any,5.0,False
C0808,Veer Tiwari,20,Male,EWS,Telangana,Karimnagar,False,False,B.Tech,"problem-solving,finance,supply-chain,python,mechanical",IT,Nagpur,6.9,True
C0809,Kavita Reddy,21,Female,EWS,Haryana,Karnal,True,True,BA,"java,sql",Energy,Mumbai,6.2,False
C0810,Komal Malhotra,23,Female,OBC,Himachal Pradesh,Kullu,False,False,B.Tech,"problem-solving,java,mechanical,javascript",Finance,Hyderabad,9.2,True
C0811,Nikhil Bose,25,Male,OBC,Maharashtra,Ahmednagar,False,True,B.Tech,"healthcare,teamwork",IT,Ahmedabad,5.9,False
C0812,Riya Agarwal,25,Female,OBC,Dadra and Nagar Haveli and Daman and Diu,Diu,False,False,BSc,"digital-marketing,graphic-design,c++",Agriculture,Any,7.7,True
C0813,Usha Chopra,20,Female,OBC,Ladakh,Kargil,False,False,B.Com,"marketing,c++,machine-learning,java",Manufacturing,Jaipur,6.9,False
C0814,Harsh Ahmed,23,Male,General,Telangana,Nizamabad,False,True,BA,"machine-learning,healthcare,electrical",IT,Any,7.5,True
C0815,Rakesh Subramanian,20,Male,General,Arunachal Pradesh,Changlang,False,True,B.Tech,"mechanical,c++,teaching",Agriculture,Indore,8.7,False
C0816,Jyoti Yadav,21,Female,SC,Odisha,Rayagada,False,False,BBA,"hr-management,machine-learning,supply-chain,digital-marketing",Finance,Kochi,6.0,True
C0817,Ananya Jain,23,Female,General,Goa,South Goa,False,True,MCA,"leadership,supply-chain,javascript,sql,teaching",Agriculture,Any,7.4,False
C0818,Sonal Sen,25,Female,ST,Arunachal Pradesh,Changlang,False,True,B.Com,"critical-thinking,civil,electrical,teaching,supply-chain",Healthcare,Nagpur,8.4,False
C0819,Ira Shetty,24,Female,General,Jharkhand,Latehar,True,True,B.Tech,"data-analysis,teaching",Education,Any,8.3,False
C0820,Amit Arora,22,Male,OBC,Maharashtra,Mumbai,False,True,MBA,"agriculture,healthcare,python,java",Finance,Any,8.3,True
C0821,Suresh Ali,24,Male,General,West Bengal,Jalpaiguri,False,False,B.Com,"sql,project-management,marketing",Energy,Jaipur,7.9,False
C0822,Nisha Hegde,24,Female,OBC,West Bengal,Birbhum,False,True,B.Tech,"problem-solving,machine-learning",Manufacturing,Any,8.4,False
C0823,Veer Mukherjee,22,Male,ST,West Bengal,Murshidabad,True,False,BSc,"accounting,javascript,mechanical,machine-learning,c++",IT,Nagpur,7.6,False
C0824,Alex Sharma,23,Other,EWS,Delhi,West Delhi,False,False,MBA,"teaching,java",Finance,Bhubaneswar,8.9,False
C0825,Priya Hussain,25,Female,General,Gujarat,Gandhinagar,True,True,B.Tech,"content-writing,java,python,javascript,digital-marketing",Healthcare,Any,6.7,False
C0826,Jordan Sen,25,Other,OBC,Ladakh,Leh,False,True,BSc,"communication,sql,c++",IT,Gurgaon,7.0,False
C0827,Varun Agarwal,25,Male,SC,Andaman and Nicobar Islands,South Andaman,False,False,B.Com,"sql,finance",Manufacturing,Ahmedabad,6.6,False
C0828,Rahul Shah,22,Male,General,Delhi,North East Delhi,False,False,BSc,"c++,finance",Agriculture,Hyderabad,7.2,False
C0829,Aditya Qureshi,25,Male,ST,Tamil Nadu,Erode,False,False,MCA,"electrical,civil,java,healthcare,javascript",Finance,Any,9.1,False
C0830,Atharv Patil,24,Male,OBC,Meghalaya,Jaintia Hills,True,True,B.Tech,"agriculture,graphic-design,hr-management",Manufacturing,Any,7.2,False
C0831,Naveen Bhatia,24,Male,EWS,Madhya Pradesh,Guna,False,True,B.Com,"hr-management,electrical",Finance,Chennai,8.8,False
C0832,Jyoti Shah,25,Female,SC,Manipur,Chandel,False,False,B.Com,"supply-chain,civil,leadership",Finance,Any,8.0,False
C0833,Rekha Patel,25,Female,General,Tripura,Gomati,False,False,BBA,"excel,c++,cad,teamwork,accounting",Education,Any,6.6,True
C0834,Aadi Siddiqui,20,Male,OBC,Meghalaya,East Khasi Hills,False,False,MCA,"supply-chain,problem-solving",Agriculture,Chennai,8.4,False
C0835,Navya Mukherjee,22,Female,General,Arunachal Pradesh,Papum Pare,False,True,MBA,"digital-marketing,finance,research,c++",Healthcare,Pune,7.4,False
C0836,Aadi Jain,25,Male,EWS,Karnataka,Yadgir,True,True,B.Tech,"civil,machine-learning,c++,content-writing",Energy,Any,7.0,False
C0837,Sara Reddy,24,Female,General,Chandigarh,Chandigarh,True,False,B.Com,"finance,c++,javascript,agriculture,problem-solving",Finance,Any,8.4,False
C0838,Naveen Siddiqui,21,Male,General,Jharkhand,Lohardaga,False,False,B.Tech,"data-analysis,supply-chain,javascript,content-writing,mechanical",Finance,Any,7.6,False
C0839,Karan Shetty,25,Male,OBC,Chandigarh,Chandigarh,True,True,BSc,"supply-chain,research,mechanical",IT,Delhi,8.3,False
C0840,Suresh Ahmed,23,Male,OBC,Nagaland,Kohima,True,True,MBA,"graphic-design,marketing,project-management,supply-chain",Finance,Any,6.5,False
C0841,Ishaan Shetty,23,Male,General,Manipur,Bishnupur,False,True,B.Tech,"electrical,civil",IT,Any,6.1,False
C0842,Sonal Reddy,24,Female,General,Maharashtra,Nagpur,False,True,B.Tech,"sql,research,python,electrical,problem-solving",Manufacturing,Any,6.3,False
C0843,Anil Ghosh,24,Male,SC,Uttarakhand,Dehradun,False,False,B.Com,"teamwork,finance,sql",IT,Pune,7.1,False
C0844,Rajesh Mukherjee,25,Male,SC,Mizoram,Champhai,False,False,B.Com,"accounting,machine-learning,teamwork,java,c++",Healthcare,Any,6.3,False
C0845,Veer Reddy,22,Male,OBC,Nagaland,Dimapur,False,False,B.Tech,"cad,graphic-design,excel,c++",Education,Any,7.4,False
C0846,Aadhya Rao,25,Female,SC,Andhra Pradesh,Y.S.R. Kadapa,False,True,BA,"critical-thinking,research,c++",Finance,Hyderabad,7.0,False
C0847,Aditi Ansari,21,Female,General,Puducherry,Karaikal,False,False,B.Tech,"mechanical,agriculture",IT,Delhi,5.9,False
C0848,Saanvi Malhotra,22,Female,General,Jammu and Kashmir,Udhampur,False,True,B.Com,"sql,content-writing,python,teaching,teamwork",Finance,Chandigarh,6.8,False
C0849,Advik Choudhary,22,Male,SC,Nagaland,Kohima,False,False,B.Tech,"content-writing,graphic-design",IT,Any,6.2,False
C0850,Siddharth Pillai,25,Male,General,West Bengal,South 24 Parganas,False,False,BSc,"civil,machine-learning,accounting,communication",Education,Chennai,8.2,False
C0851,Naveen Ali,21,Male,OBC,Himachal Pradesh,Hamirpur,False,False,B.Com,"excel,hr-management,accounting,teamwork",IT,Kochi,9.1,False
C0852,Atharv Khan,20,Male,ST,Assam,Goalpara,False,False,B.Tech,"machine-learning,c++",Healthcare,Pune,5.7,False
C0853,Nikhil Mishra,21,Male,General,Ladakh,Leh,False,True,B.Tech,"content-writing,sql,communication,digital-marketing,c++",Agriculture,Any,6.7,False
C0854,Neha Shetty,20,Female,General,Odisha,Khordha,False,False,B.Tech,"digital-marketing,finance",Healthcare,Noida,8.2,False
C0855,Ravi Krishnan,21,Male,General,Uttar Pradesh,Agra,False,True,B.Tech,"content-writing,java,machine-learning,marketing",Healthcare,Kolkata,5.2,False
C0856,Rani Sharma,21,Female,EWS,Uttar Pradesh,Sonbhadra,False,False,B.Tech,"civil,graphic-design",Finance,Delhi,5.3,False
C0857,Usha Menon,20,Female,ST,Madhya Pradesh,Damoh,False,True,B.Com,"marketing,research,sql,project-management",IT,Any,8.0,False
C0858,Deepak Thakur,24,Male,General,Chandigarh,Chandigarh,False,False,MCA,"research,sql",IT,Vadodara,6.6,False
C0859,Naveen Siddiqui,22,Male,ST,Assam,Baksa,False,True,MCA,"cad,mechanical",Education,Any,6.1,False
C0860,Ravi Kumar,21,Male,General,Tamil Nadu,Kanchipuram,False,False,B.Tech,"javascript,accounting,data-analysis,graphic-design,teaching",Healthcare,Any,6.3,False
C0861,Shaurya Desai,24,Male,General,Chandigarh,Chandigarh,False,False,B.Tech,"finance,healthcare,graphic-design,communication,accounting",Agriculture,Nagpur,5.7,False
C0862,Myra Malhotra,20,Female,General,Tripura,South Tripura,True,False,BBA,"agriculture,supply-chain,python,java,excel",IT,Chennai,7.5,False
C0863,Vihaan Rajan,22,Male,General,Karnataka,Yadgir,False,True,B.Com,"problem-solving,digital-marketing,sql,hr-management",IT,Lucknow,5.3,False
C0864,Aditya Reddy,23,Male,General,Arunachal Pradesh,Namsai,False,False,B.Com,"problem-solving,python",IT,Kochi,6.4,False
C0865,Saanvi Mukherjee,21,Female,SC,Andaman and Nicobar Islands,Nicobar,False,False,MCA,"digital-marketing,communication,marketing",Education,Chennai,8.5,True
C0866,Vivek Mukherjee,23,Male,General,Dadra and Nagar Haveli and Daman and Diu,Daman,False,True,BA,"project-management,teamwork,marketing,java,graphic-design",Education,Chennai,9.0,False
C0867,Tanvi Jadhav,20,Female,General,Maharashtra,Gadchiroli,True,False,MCA,"digital-marketing,leadership,machine-learning",IT,Any,6.3,False
C0868,Abhishek Kulkarni,20,Male,ST,Chhattisgarh,Durg,False,True,MBA,"leadership,java,digital-marketing",IT,Any,7.0,False
C0869,Deepa Shaikh,24,Female,ST,Assam,Baksa,True,True,B.Com,"marketing,data-analysis,content-writing",IT,Indore,7.8,False
C0870,Shaurya Qureshi,23,Male,OBC,Kerala,Kollam,False,False,MBA,"javascript,excel,java",Healthcare,Bhubaneswar,6.9,False
C0871,Vandana Mirza,21,Female,OBC,Karnataka,Mysuru,True,False,BSc,"teaching,excel,communication,sql",IT,Any,9.9,True
C0872,Ira Chopra,25,Female,General,Ladakh,Kargil,False,False,MCA,"finance,digital-marketing",Education,Any,7.4,True
C0873,Ananya Siddiqui,20,Female,EWS,Rajasthan,Karauli,True,True,B.Tech,"healthcare,problem-solving,content-writing",Agriculture,Indore,8.9,True
C0874,Yash Subramanian,22,Male,EWS,Madhya Pradesh,Sagar,False,True,B.Com,"agriculture,finance",Agriculture,Any,6.8,False
C0875,Kavya Khan,21,Female,OBC,Mizoram,Aizawl,False,False,BSc,"leadership,electrical,supply-chain,research,machine-learning",Finance,Any,5.6,False
C0876,Deepak Das,21,Male,SC,Kerala,Kozhikode,False,False,B.Tech,"teaching,mechanical,marketing",Energy,Chandigarh,6.2,False
C0877,Navya Malhotra,20,Female,OBC,Himachal Pradesh,Shimla,False,True,BSc,"project-management,graphic-design",Finance,Any,6.9,False
C0878,Reyansh Mirza,22,Male,General,Chandigarh,Chandigarh,False,True,BSc,"supply-chain,agriculture,javascript,leadership",IT,Hyderabad,7.7,False
C0879,Rani Patel,23,Female,SC,Mizoram,Lunglei,False,False,B.Tech,"java,communication,javascript",Healthcare,Mumbai,6.5,False
C0880,Siddharth Roy,20,Male,General,Odisha,Nuapada,False,False,BSc,"healthcare,leadership,research,data-analysis",Finance,Any,7.3,False
C0881,Ishaan Jadhav,22,Male,OBC,Puducherry,Mahe,False,True,BBA,"teaching,java",IT,Vadodara,7.6,False
C0882,Aarav Bhatia,24,Male,General,Kerala,Alappuzha,False,True,BA,"cad,project-management,mechanical,marketing,civil",Finance,Bhubaneswar,5.8,False
C0883,Ravi Hussain,24,Male,OBC,Kerala,Wayanad,False,True,B.Com,"agriculture,java,mechanical,civil,content-writing",IT,Hyderabad,7.1,False
C0884,Pari Chopra,22,Female,General,Meghalaya,Ribhoi,True,True,BA,"leadership,digital-marketing",Finance,Any,7.6,False
C0885,Vivek Hussain,20,Male,SC,Punjab,Gurdaspur,False,False,B.Tech,"teaching,leadership,cad",Finance,Gurgaon,9.6,False
C0886,Ankit Naidu,25,Male,General,Kerala,Kozhikode,False,True,B.Tech,"research,javascript,marketing,project-management",Healthcare,Gurgaon,7.6,False
C0887,Ankit Desai,21,Male,General,Arunachal Pradesh,Lower Subansiri,False,False,BSc,"cad,c++",Education,Bhubaneswar,6.6,False
C0888,Suman Iyer,25,Female,General,Maharashtra,Nashik,False,False,MBA,"machine-learning,graphic-design,problem-solving,marketing",Healthcare,Delhi,7.1,False
C0889,Nikhil Siddiqui,25,Male,OBC,Puducherry,Puducherry,False,True,B.Tech,"marketing,java",Manufacturing,Nagpur,8.5,False
C0890,Ajay Desai,20,Male,OBC,Chandigarh,Chandigarh,False,False,MBA,"hr-management,machine-learning,communication,finance",Agriculture,Bangalore,8.7,False
C0891,Vihaan Shah,24,Male,OBC,Chandigarh,Chandigarh,True,True,BA,"machine-learning,problem-solving",Education,Hyderabad,6.9,False
C0892,Rakesh Rajan,21,Male,General,Goa,South Goa,False,False,BSc,"healthcare,agriculture,python",IT,Any,8.4,False
C0893,Nisha Malhotra,24,Female,OBC,Jammu and Kashmir,Rajouri,False,False,MCA,"data-analysis,sql",Agriculture,Any,6.5,False
C0894,Shreya Joshi,24,Female,SC,Nagaland,Tuensang,False,False,BA,"marketing,python,accounting,communication",IT,Any,5.6,True
C0895,Manisha Sharma,24,Female,General,Maharashtra,Solapur,False,True,B.Com,"research,communication",Agriculture,Any,7.2,False
C0896,Aditi Thakur,22,Female,General,Manipur,Bishnupur,False,False,B.Com,"content-writing,critical-thinking,cad",IT,Any,6.2,False
C0897,Ritu Khan,24,Female,OBC,Andaman and Nicobar Islands,South Andaman,True,True,BSc,"civil,project-management",IT,Pune,8.9,False
C0898,Sachin Kumar,23,Male,OBC,Assam,Darrang,False,True,B.Tech,"supply-chain,machine-learning",Energy,Nagpur,7.2,False
C0899,Shalini Ali,23,Female,EWS,Goa,South Goa,False,False,BSc,"data-analysis,healthcare,accounting,sql,c++",Finance,Jaipur,7.9,False
C0900,Swati Dubey,24,Female,ST,Maharashtra,Mumbai,False,True,BBA,"civil,digital-marketing,content-writing,javascript",Finance,Mumbai,5.0,True
C0901,Anika Subramanian,24,Female,General,Andaman and Nicobar Islands,North and Middle Andaman,False,True,BSc,"mechanical,c++,accounting",Healthcare,Noida,7.2,False
C0902,Pooja Qureshi,25,Female,SC,Karnataka,Hubballi-Dharwad,False,True,MBA,"problem-solving,javascript,excel",IT,Any,8.2,False
C0903,Ajay Krishnan,21,Male,General,Andhra Pradesh,West Godavari,False,True,BBA,"research,cad,critical-thinking",IT,Any,8.7,False
C0904,Morgan Mukherjee,24,Other,ST,Arunachal Pradesh,East Siang,False,False,BSc,"javascript,graphic-design,problem-solving,marketing",Finance,Any,7.7,False
C0905,Sonal Iyer,23,Female,General,Karnataka,Davanagere,False,False,MBA,"graphic-design,project-management,c++,java",IT,Ahmedabad,6.7,False
C0906,Reyansh Sharma,21,Male,General,Andaman and Nicobar Islands,Nicobar,True,True,BA,"electrical,java,agriculture",Finance,Bhubaneswar,5.9,False
C0907,Siddharth Pillai,20,Male,General,Lakshadweep,Agatti,False,True,B.Com,"electrical,research,leadership",Finance,Ahmedabad,6.3,False
C0908,Anita Shaikh,25,Female,OBC,Punjab,Jalandhar,False,False,B.Tech,"java,sql,problem-solving,python,content-writing",Healthcare,Bangalore,6.6,False
C0909,Amit Kulkarni,22,Male,OBC,Odisha,Gajapati,False,False,B.Tech,"hr-management,problem-solving,java,javascript",IT,Any,6.4,False
C0910,Karan Rajan,25,Male,OBC,Lakshadweep,Agatti,False,False,B.Tech,"digital-marketing,hr-management,agriculture,cad",Agriculture,Any,7.2,False
C0911,Anil Rajan,22,Male,SC,Uttarakhand,Nainital,False,True,BA,"leadership,content-writing",Education,Any,6.5,False
C0912,Rekha Iyer,20,Female,EWS,Gujarat,Gandhinagar,False,True,BA,"research,communication,critical-thinking,healthcare",Agriculture,Chandigarh,5.6,False
C0913,Manisha Mirza,20,Female,EWS,Karnataka,Tumakuru,False,True,BBA,"leadership,graphic-design,machine-learning",IT,Chennai,6.8,False
C0914,Pallavi Jain,23,Female,General,Andhra Pradesh,Kurnool,False,False,MBA,"python,finance,hr-management",IT,Bhubaneswar,7.2,True
C0915,Neha Farooqui,20,Female,General,Haryana,Nuh,True,False,MBA,"cad,marketing,data-analysis,teaching,research",Agriculture,Any,7.7,False
C0916,Shreya Joshi,23,Female,ST,Chhattisgarh,Kondagaon,False,False,B.Tech,"python,supply-chain,accounting,critical-thinking,problem-solving",Healthcare,Gurgaon,7.6,True
C0917,Komal Dubey,22,Female,General,Gujarat,Bhavnagar,True,True,BBA,"teaching,civil,javascript,accounting,supply-chain",Agriculture,Nagpur,5.6,False
C0918,Ravi Nair,23,Male,OBC,Rajasthan,Bikaner,True,True,B.Com,"python,critical-thinking,supply-chain,problem-solving",Energy,Kolkata,6.7,False
C0919,Kabir Banerjee,22,Other,ST,Dadra and Nagar Haveli and Daman and Diu,Diu,False,False,BSc,"healthcare,problem-solving",Finance,Kochi,6.7,False
C0920,Ayaan Jain,24,Male,SC,Ladakh,Kargil,False,False,B.Tech,"digital-marketing,teaching,java,graphic-design,critical-thinking",Energy,Jaipur,7.3,False
C0921,Veer Pillai,20,Male,EWS,Arunachal Pradesh,Papum Pare,False,True,BSc,"digital-marketing,supply-chain",IT,Any,7.4,False
C0922,Dhruv Qureshi,25,Male,OBC,Jammu and Kashmir,Pulwama,False,False,B.Tech,"supply-chain,java,javascript,teaching,data-analysis",Finance,Any,8.8,False
C0923,Varun Ahmed,20,Male,SC,Jammu and Kashmir,Baramulla,False,True,B.Tech,"critical-thinking,graphic-design",IT,Any,7.8,False
C0924,Aarav Banerjee,20,Male,General,West Bengal,Nadia,True,False,BA,"teaching,data-analysis,excel,machine-learning",Healthcare,Any,5.7,True
C0925,Reyansh Roy,23,Male,ST,Maharashtra,Nashik,True,False,BSc,"content-writing,teamwork,mechanical,finance",Healthcare,Indore,6.1,False
C0926,Anika Naidu,20,Female,General,West Bengal,Howrah,False,True,MBA,"teaching,hr-management,java,teamwork",IT,Pune,7.3,False
C0927,Abhishek Rajan,21,Male,OBC,Gujarat,Surat,False,True,BSc,"graphic-design,electrical",Energy,Coimbatore,9.5,False
C0928,Usha Chopra,21,Female,General,Delhi,North Delhi,False,True,MCA,"data-analysis,sql,teamwork,communication,marketing",Agriculture,Kolkata,6.4,True
C0929,Rahul Ghosh,23,Male,OBC,Maharashtra,Aurangabad,True,False,MCA,"teamwork,electrical,research,graphic-design",Agriculture,Any,8.3,False
C0930,Usha Naidu,24,Female,OBC,Lakshadweep,Minicoy,False,True,B.Tech,"teaching,cad,accounting,javascript",IT,Bhubaneswar,7.7,True
C0931,Nikhil More,25,Male,General,Maharashtra,Pune,True,True,B.Tech,"c++,teaching,machine-learning",Finance,Any,7.0,False
C0932,Preeti Sen,22,Female,General,Karnataka,Yadgir,True,False,BSc,"sql,agriculture,javascript,mechanical",Manufacturing,Kochi,7.6,False
C0933,Kabir Pillai,25,Male,General,Ladakh,Kargil,False,False,BBA,"mechanical,python,c++,graphic-design",IT,Any,7.6,True
C0934,Morgan Rajan,20,Other,General,Puducherry,Karaikal,False,False,BSc,"research,excel,digital-marketing,healthcare",Finance,Vadodara,5.2,False
C0935,Kavya Hegde,23,Female,EWS,Andaman and Nicobar Islands,Nicobar,False,False,B.Tech,"problem-solving,data-analysis,civil,graphic-design,hr-management",Energy,Hyderabad,8.3,False
C0936,Abhishek Sen,24,Male,General,Odisha,Balangir,False,False,BSc,"python,data-analysis,marketing,machine-learning,java",Manufacturing,Ahmedabad,6.9,False
C0937,Rahul Khanna,23,Male,General,Andhra Pradesh,Anantapur,False,False,BA,"excel,cad,sql,java",IT,Lucknow,8.5,False
C0938,Advik Sen,20,Male,General,Puducherry,Mahe,False,True,BBA,"accounting,electrical,mechanical,finance,hr-management",Education,Mumbai,8.1,False
C0939,Anika Tiwari,20,Female,SC,Dadra and Nagar Haveli and Daman and Diu,Diu,False,True,B.Com,"leadership,graphic-design,problem-solving,agriculture,teaching",IT,Noida,7.5,False
C0940,Mohit Qureshi,21,Male,General,Mizoram,Champhai,False,True,BA,"sql,agriculture,supply-chain,project-management",Education,Gurgaon,7.2,False
C0941,Vandana Mishra,21,Female,EWS,Goa,North Goa,False,True,B.Tech,"content-writing,java",Finance,Indore,5.4,False
C0942,Dhruv Siddiqui,22,Male,General,Chhattisgarh,Durg,False,False,B.Tech,"agriculture,excel,python",Healthcare,Pune,6.1,False
C0943,Varun Kapoor,22,Male,OBC,Punjab,Bathinda,False,False,B.Com,"electrical,hr-management,agriculture,data-analysis",IT,Any,8.7,False
C0944,Kabir Subramanian,21,Male,OBC,Uttar Pradesh,Agra,False,False,B.Com,"excel,accounting,c++,sql",Manufacturing,Any,6.8,False
C0945,Shreya Naidu,20,Female,ST,Sikkim,West District,False,False,BA,"data-analysis,machine-learning,critical-thinking",Agriculture,Jaipur,6.5,False
C0946,Aadhya Shah,24,Female,General,Sikkim,East District,False,True,B.Tech,"digital-marketing,civil,machine-learning",Education,Nagpur,7.5,False
C0947,Krishna Bose,22,Male,SC,Bihar,Sheikhpura,True,True,BSc,"java,marketing",Healthcare,Any,6.6,False
C0948,Kavita Kumar,22,Female,SC,Andhra Pradesh,Anantapur,False,True,BSc,"javascript,research",IT,Any,5.5,False
C0949,Vihaan Khan,24,Male,General,Chhattisgarh,Bastar,True,False,BA,"critical-thinking,javascript,content-writing,digital-marketing,supply-chain",Agriculture,Any,6.3,False
C0950,Suman Siddiqui,25,Female,SC,Nagaland,Dimapur,False,False,MBA,"healthcare,teaching",Manufacturing,Any,8.0,True
C0951,Ritu Rao,21,Female,SC,Tripura,South Tripura,False,True,B.Tech,"sql,civil,communication",IT,Any,6.2,False
C0952,Sai Pillai,23,Male,SC,Mizoram,Champhai,False,False,BSc,"javascript,sql,machine-learning",Manufacturing,Kolkata,7.9,False
C0953,Vivek Siddiqui,20,Male,SC,Odisha,Puri,False,True,B.Com,"javascript,data-analysis,cad",Manufacturing,Any,6.2,False
C0954,Morgan Gupta,20,Other,General,Mizoram,Mamit,False,False,B.Tech,"supply-chain,graphic-design,machine-learning",Finance,Nagpur,7.3,False
C0955,Deepak Menon,20,Male,SC,Andhra Pradesh,Y.S.R. Kadapa,False,False,B.Tech,"electrical,excel,healthcare",Finance,Delhi,7.9,False
C0956,Geeta Ali,25,Female,General,Tripura,Gomati,False,False,B.Tech,"graphic-design,cad",Finance,Chennai,8.9,False
C0957,Anjali Rajan,21,Female,SC,Puducherry,Karaikal,False,False,B.Com,"python,communication,project-management,java,sql",IT,Any,9.5,False
C0958,Shreya Arora,24,Female,General,Goa,South Goa,True,True,MBA,"agriculture,finance,critical-thinking",IT,Coimbatore,7.8,False
C0959,Kavya Krishnan,22,Female,SC,Telangana,Medchal,False,True,B.Tech,"mechanical,finance",IT,Ahmedabad,6.3,False
C0960,Nisha Singh,23,Female,General,Puducherry,Karaikal,True,False,B.Tech,"javascript,marketing",Energy,Delhi,7.4,False
C0961,Divya Yadav,24,Female,General,Sikkim,South District,False,True,B.Com,"data-analysis,sql,content-writing,leadership,communication",Finance,Jaipur,7.2,False
C0962,Morgan Pandey,22,Other,OBC,Karnataka,Belagavi,False,False,B.Tech,"finance,project-management",Education,Any,6.6,False
C0963,Riya Arora,25,Female,General,Assam,Darrang,False,False,MCA,"accounting,java",IT,Delhi,8.7,False
C0964,Sara Farooqui,23,Female,General,Lakshadweep,Minicoy,False,False,B.Tech,"digital-marketing,java,accounting,graphic-design,machine-learning",IT,Any,7.3,False
C0965,Amit Patil,22,Male,EWS,Bihar,Jamui,True,False,B.Com,"teaching,javascript,civil,machine-learning",Education,Chennai,6.6,False
C0966,Alex Ahmed,21,Other,OBC,Himachal Pradesh,Una,False,False,BBA,"finance,hr-management,sql,accounting,excel",Healthcare,Ahmedabad,7.8,False
C0967,Ayaan Malhotra,24,Male,General,Mizoram,Champhai,False,True,MCA,"civil,research,machine-learning",Energy,Delhi,7.2,True
C0968,Sam Farooqui,25,Other,OBC,Puducherry,Puducherry,False,True,B.Tech,"critical-thinking,research,sql,data-analysis",Agriculture,Hyderabad,6.7,False
C0969,Rakesh Gaikwad,25,Male,SC,Mizoram,Kolasib,False,True,BSc,"communication,teamwork,mechanical,content-writing,marketing",Healthcare,Noida,6.7,False
C0970,Amit Patel,22,Male,OBC,Andaman and Nicobar Islands,Nicobar,False,True,MBA,"data-analysis,agriculture",Education,Vadodara,7.7,False
C0971,Rani Das,23,Female,ST,Tamil Nadu,Erode,False,True,B.Tech,"electrical,communication,excel",Healthcare,Lucknow,6.1,False
C0972,Amit Arora,24,Male,General,Jharkhand,Godda,True,False,B.Tech,"hr-management,healthcare,machine-learning,java",Manufacturing,Any,8.4,False
C0973,Vandana Shaikh,24,Female,SC,Chandigarh,Chandigarh,True,False,MBA,"java,data-analysis,c++,cad",Agriculture,Noida,9.3,False
C0974,Swati Kapoor,25,Female,OBC,Himachal Pradesh,Shimla,False,False,B.Com,"marketing,teamwork,excel",Manufacturing,Any,6.1,True
C0975,Harsh Roy,23,Male,EWS,Goa,South Goa,False,True,B.Tech,"supply-chain,python,electrical,mechanical",Energy,Bangalore,6.5,False
C0976,Isha Siddiqui,22,Female,OBC,Puducherry,Puducherry,False,True,BSc,"project-management,supply-chain,hr-management,civil",Education,Bangalore,8.1,False
C0977,Ira Mirza,25,Female,General,Bihar,Nalanda,False,True,BBA,"data-analysis,teamwork,content-writing,agriculture,project-management",IT,Any,8.4,False
C0978,Manoj Bhatia,24,Male,ST,Chandigarh,Chandigarh,False,False,BSc,"sql,teaching,content-writing",Healthcare,Kochi,7.1,True
C0979,Rudra Farooqui,23,Male,OBC,Bihar,Jamui,True,False,MBA,"agriculture,excel,finance,project-management,python",IT,Vadodara,5.2,True
C0980,Shaurya Rao,21,Male,General,Chhattisgarh,Rajnandgaon,False,True,B.Tech,"marketing,mechanical,electrical,teamwork",Healthcare,Any,6.1,False
C0981,Naveen Shetty,25,Male,ST,Haryana,Yamunanagar,False,False,B.Tech,"machine-learning,supply-chain,hr-management,mechanical,javascript",IT,Any,6.6,False
C0982,Vivaan Banerjee,24,Male,General,Nagaland,Mokokchung,False,True,BBA,"critical-thinking,cad,leadership,machine-learning,agriculture",Agriculture,Any,7.5,False
C0983,Taylor Roy,21,Other,General,Assam,Dhubri,True,False,B.Tech,"supply-chain,agriculture,machine-learning,c++,project-management",IT,Bhubaneswar,7.8,False
C0984,Rudra Khan,20,Male,SC,Jharkhand,Garhwa,False,False,B.Tech,"healthcare,agriculture,machine-learning",Manufacturing,Any,8.4,False
C0985,Manisha Desai,25,Female,General,Maharashtra,Nashik,False,True,B.Tech,"python,critical-thinking",Healthcare,Delhi,9.1,False
C0986,Ayaan Arora,23,Male,ST,Karnataka,Belagavi,False,False,BA,"content-writing,research,mechanical",Finance,Any,6.7,True
C0987,Asha Tiwari,21,Female,EWS,Mizoram,Mamit,False,False,B.Com,"teaching,cad,problem-solving",Education,Coimbatore,7.4,False
C0988,Aadhya Hegde,25,Female,OBC,Goa,North Goa,False,False,B.Com,"critical-thinking,mechanical,project-management,communication",IT,Any,7.5,False
C0989,Vivaan Hegde,23,Male,General,Jharkhand,Gumla,True,False,BBA,"teaching,python,teamwork,data-analysis,hr-management",IT,Pune,7.6,False
C0990,Rani Krishnan,25,Female,EWS,Meghalaya,West Garo Hills,False,False,B.Tech,"javascript,project-management,teamwork,marketing,graphic-design",Agriculture,Bangalore,6.4,False
C0991,Siddharth Jadhav,21,Male,General,Sikkim,North District,False,True,BA,"cad,teaching,leadership,critical-thinking,excel",IT,Any,7.8,False
C0992,Kabir Mishra,25,Male,SC,Meghalaya,Jaintia Hills,False,False,B.Com,"critical-thinking,content-writing,excel,data-analysis,supply-chain",Energy,Any,7.4,False
C0993,Reyansh Sharma,21,Male,General,Lakshadweep,Kavaratti,False,True,BSc,"supply-chain,cad,digital-marketing,communication",Manufacturing,Kochi,6.9,False
C0994,Isha Pillai,25,Female,General,Gujarat,Gandhinagar,False,False,B.Com,"electrical,digital-marketing,marketing",IT,Delhi,5.5,False
C0995,Vivaan More,21,Male,OBC,Jammu and Kashmir,Anantnag,False,True,BA,"research,javascript,project-management",Healthcare,Vadodara,9.3,False
C0996,Aadi Hegde,24,Male,OBC,Kerala,Thiruvananthapuram,False,True,BSc,"graphic-design,data-analysis,finance,machine-learning",Manufacturing,Indore,9.4,False
C0997,Pankaj Mehta,23,Male,SC,Haryana,Karnal,False,True,BA,"civil,electrical,critical-thinking,marketing",Agriculture,Pune,6.9,False
C0998,Neha Khan,20,Female,OBC,Goa,North Goa,False,True,MBA,"teaching,supply-chain,problem-solving,civil",Energy,Pune,6.9,True
C0999,Gaurav Das,23,Male,General,Goa,North Goa,False,False,BA,"c++,python,hr-management,graphic-design",Manufacturing,Any,7.4,False
C1000,Kavya Thakur,23,Female,OBC,Haryana,Gurugram,False,True,MCA,"excel,teamwork,problem-solving",Energy,Any,7.4,False
C1001,Suman Nair,20,Female,OBC,Tamil Nadu,Vellore,False,False,B.Tech,"research,excel",Healthcare,Gurgaon,8.7,False
C1002,Avni Naidu,20,Female,OBC,Gujarat,Narmada,True,False,BA,"machine-learning,finance,hr-management,communication,cad",Education,Any,5.8,False
C1003,Rakesh Shah,20,Male,General,Lakshadweep,Agatti,False,False,B.Tech,"communication,cad,electrical,graphic-design,teamwork",Energy,Gurgaon,8.1,False
C1004,Shalini Kulkarni,22,Female,General,Uttarakhand,Udham Singh Nagar,True,False,MCA,"graphic-design,electrical",Finance,Jaipur,7.6,False
C1005,Bhavna Bhatia,21,Female,OBC,Meghalaya,East Garo Hills,False,False,MBA,"marketing,machine-learning",Agriculture,Any,8.1,True
C1006,Nikhil Patel,21,Male,OBC,Nagaland,Mon,False,False,B.Com,"marketing,digital-marketing,accounting,machine-learning",Agriculture,Any,5.7,False
C1007,Komal Iyer,25,Female,General,Gujarat,Kutch,False,True,BBA,"python,cad,hr-management,project-management",Energy,Any,7.9,False
C1008,Aadhya Tiwari,23,Female,General,Uttarakhand,Haridwar,True,False,B.Tech,"marketing,healthcare",IT,Vadodara,8.6,False
C1009,Anita Kapoor,20,Female,ST,Maharashtra,Kolhapur,False,False,B.Com,"machine-learning,c++,healthcare",Healthcare,Mumbai,8.6,False
C1010,Nikhil Joshi,25,Male,SC,Andaman and Nicobar Islands,Nicobar,False,False,MBA,"graphic-design,hr-management",IT,Gurgaon,6.1,False
C1011,Shalini Das,21,Female,OBC,Nagaland,Mon,False,True,B.Tech,"leadership,hr-management,cad,electrical",Finance,Bhubaneswar,7.4,False
C1012,Rahul Yadav,21,Male,SC,Assam,Cachar,False,True,MCA,"critical-thinking,machine-learning,sql,java,hr-management",Healthcare,Chennai,6.2,False
C1013,Pankaj Malhotra,21,Male,OBC,Karnataka,Kalaburagi,False,False,MCA,"finance,agriculture",IT,Jaipur,6.9,True
C1014,Asha Shaikh,21,Female,General,Meghalaya,East Khasi Hills,False,False,MCA,"critical-thinking,marketing,problem-solving,java,digital-marketing",Agriculture,Any,7.8,False
C1015,Pallavi Siddiqui,21,Female,OBC,Goa,South Goa,False,False,B.Tech,"teaching,teamwork,content-writing",IT,Hyderabad,8.3,False
C1016,Aanya Jadhav,21,Other,OBC,Tamil Nadu,Virudhunagar,False,False,MCA,"mechanical,sql",Energy,Vadodara,8.0,False
C1017,Avni Kumar,21,Female,EWS,Assam,Dhubri,True,False,B.Tech,"project-management,content-writing,mechanical",Education,Pune,6.5,False
C1018,Ritu Chopra,24,Female,OBC,Gujarat,Ahmedabad,False,False,BA,"teamwork,supply-chain,marketing,javascript",Agriculture,Noida,8.0,False
C1019,Kavya Iyer,24,Female,SC,Telangana,Adilabad,False,True,BA,"teamwork,sql,javascript,problem-solving,teaching",Energy,Any,6.6,False
C1020,Ravi Reddy,23,Male,General,Andaman and Nicobar Islands,North and Middle Andaman,False,True,BBA,"hr-management,java,python,mechanical",Agriculture,Any,7.9,False
C1021,Rani Khan,24,Female,SC,Himachal Pradesh,Hamirpur,False,True,BBA,"teamwork,cad,critical-thinking",Finance,Any,6.6,False
C1022,Usha Verma,25,Female,General,Assam,Cachar,False,False,MBA,"java,hr-management,accounting",Education,Any,6.6,False
C1023,Deepa Shetty,20,Female,ST,Himachal Pradesh,Solan,False,False,MCA,"finance,machine-learning,cad,java,healthcare",IT,Noida,6.1,False
C1024,Atharv Tiwari,22,Male,General,Bihar,Banka,True,True,MCA,"civil,excel,problem-solving,javascript",Healthcare,Any,5.9,False
C1025,Pallavi Siddiqui,20,Female,SC,Andhra Pradesh,Visakhapatnam,False,False,BSc,"civil,machine-learning,mechanical,finance,agriculture",IT,Mumbai,7.6,True
C1026,Rekha Bhatia,22,Female,General,Chandigarh,Chandigarh,False,False,BSc,"digital-marketing,graphic-design,healthcare",Healthcare,Bhubaneswar,7.2,False
C1027,Nisha Hussain,24,Female,SC,Andaman and Nicobar Islands,South Andaman,False,False,B.Tech,"critical-thinking,digital-marketing,electrical,python",Education,Bangalore,5.9,False
C1028,Kabir Patil,25,Male,OBC,West Bengal,Dakshin Dinajpur,True,False,MBA,"python,sql,supply-chain,teamwork,content-writing",Energy,Chandigarh,7.7,False
C1029,Shreya Ansari,22,Female,OBC,Lakshadweep,Minicoy,False,True,B.Tech,"electrical,teamwork",Energy,Jaipur,8.0,False
C1030,Swati Hussain,25,Female,General,Andhra Pradesh,Chittoor,False,True,B.Tech,"critical-thinking,cad,mechanical",Manufacturing,Chennai,7.0,False
C1031,Siddharth Sharma,25,Male,EWS,Madhya Pradesh,Rewa,False,True,MBA,"teaching,javascript,machine-learning",Education,Any,8.4,False
C1032,Advik Pillai,25,Male,General,Jammu and Kashmir,Kathua,False,False,B.Tech,"research,finance,communication,python,digital-marketing",Finance,Any,6.6,False
C1033,Navya Jain,23,Female,SC,Meghalaya,Ribhoi,True,False,MCA,"c++,mechanical,communication,hr-management",Agriculture,Mumbai,9.1,True
C1034,Kavita Jadhav,21,Female,OBC,Punjab,Jalandhar,False,False,B.Tech,"python,teaching,civil,critical-thinking,research",Manufacturing,Coimbatore,6.8,False
C1035,Aditi Rajan,21,Female,ST,Haryana,Faridabad,False,False,BSc,"accounting,digital-marketing,python,marketing",IT,Gurgaon,5.8,True
C1036,Shreya Qureshi,22,Female,OBC,Uttar Pradesh,Varanasi,False,True,B.Tech,"finance,teaching,teamwork,content-writing",Healthcare,Any,9.1,False
C1037,Karan Kapoor,22,Male,General,Dadra and Nagar Haveli and Daman and Diu,Diu,False,False,BSc,"project-management,cad,excel,mechanical",Agriculture,Mumbai,5.6,False
C1038,Advik Ali,22,Male,General,Bihar,Banka,False,False,B.Tech,"mechanical,healthcare,java,digital-marketing",Manufacturing,Any,6.0,False
C1039,Manish Qureshi,21,Male,OBC,Mizoram,Mamit,True,False,B.Tech,"civil,critical-thinking",Finance,Lucknow,6.7,False
C1040,Krishna Gaikwad,23,Male,OBC,Rajasthan,Jaipur,False,False,B.Tech,"sql,project-management",IT,Chandigarh,8.3,False
C1041,Kavya Siddiqui,22,Female,SC,Delhi,West Delhi,False,True,BBA,"content-writing,civil,critical-thinking,teaching",IT,Vadodara,6.7,False
C1042,Jyoti Banerjee,21,Female,OBC,Tamil Nadu,Tirunelveli,False,False,BSc,"supply-chain,marketing,leadership,research,critical-thinking",Manufacturing,Ahmedabad,9.1,True
C1043,Anita Das,24,Female,ST,Manipur,Churachandpur,False,True,B.Com,"c++,sql,digital-marketing,accounting",Agriculture,Any,7.7,False
C1044,Vivek Mishra,25,Male,ST,Tamil Nadu,Madurai,False,True,BBA,"python,sql,communication,content-writing",Education,Any,8.1,False
C1045,Neha Pillai,20,Female,EWS,Dadra and Nagar Haveli and Daman and Diu,Diu,False,False,B.Tech,"python,hr-management",Finance,Gurgaon,6.3,False
C1046,Mohit Arora,23,Male,SC,Jharkhand,Garhwa,True,True,B.Tech,"javascript,finance,teaching,communication,excel",Manufacturing,Chennai,6.6,False
C1047,Bhavna Kulkarni,21,Female,OBC,Punjab,Gurdaspur,False,True,B.Tech,"supply-chain,research,electrical",Education,Ahmedabad,6.6,False
C1048,Mohit Menon,20,Male,OBC,Lakshadweep,Kavaratti,False,False,MCA,"digital-marketing,python,graphic-design,critical-thinking",IT,Chennai,8.9,False
C1049,Bhavna Sharma,20,Female,SC,Delhi,West Delhi,False,False,MCA,"digital-marketing,sql,communication",Healthcare,Delhi,6.6,False
C1050,Suman Siddiqui,24,Female,OBC,Andhra Pradesh,West Godavari,False,False,B.Com,"finance,research,cad,python,excel",Agriculture,Any,6.6,False
C1051,Aadhya Shaikh,22,Female,ST,Tripura,North Tripura,False,False,BBA,"c++,javascript",Manufacturing,Ahmedabad,6.3,False
C1052,Laxmi Roy,25,Female,ST,Andaman and Nicobar Islands,Nicobar,False,False,B.Tech,"healthcare,civil,finance,digital-marketing,machine-learning",IT,Coimbatore,7.8,False
C1053,Casey Qureshi,24,Other,EWS,Bihar,Bhagalpur,False,False,MBA,"electrical,healthcare,machine-learning,finance,agriculture",Agriculture,Jaipur,8.7,False
C1054,Harsh Patil,21,Male,General,Tripura,West Tripura,False,False,BSc,"project-management,electrical,python,research",Manufacturing,Any,6.9,False
C1055,Saanvi Joshi,20,Female,General,Maharashtra,Pune,False,True,B.Tech,"healthcare,accounting,electrical",Education,Any,6.8,False
C1056,Ravi Gaikwad,23,Male,OBC,Lakshadweep,Kavaratti,False,False,BSc,"excel,mechanical,communication,digital-marketing",IT,Vadodara,6.5,False
C1057,Sara Ali,24,Female,EWS,Chhattisgarh,Bilaspur,False,True,MBA,"data-analysis,java,healthcare",Finance,Kolkata,8.7,False
C1058,Sara Joshi,22,Female,OBC,Madhya Pradesh,Barwani,False,True,MCA,"teamwork,civil",Finance,Gurgaon,5.9,False
C1059,Ankit Hegde,20,Male,SC,West Bengal,Hooghly,False,False,BBA,"data-analysis,project-management,agriculture,healthcare",IT,Ahmedabad,7.5,False
C1060,Karan Qureshi,22,Male,General,Uttarakhand,Tehri Garhwal,False,False,BBA,"supply-chain,data-analysis,excel,graphic-design",Finance,Chandigarh,5.2,False
C1061,Naveen Iyer,23,Male,General,Andaman and Nicobar Islands,Nicobar,False,False,BSc,"accounting,content-writing,research,healthcare",IT,Lucknow,6.3,False
C1062,Advik Mehta,21,Male,OBC,Ladakh,Leh,False,True,MBA,"research,leadership",Energy,Kochi,6.6,False
C1063,Gaurav Rajan,22,Male,SC,Assam,Baksa,True,True,B.Tech,"communication,mechanical,agriculture,javascript,supply-chain",IT,Hyderabad,7.0,False
C1064,Myra Farooqui,24,Female,General,Karnataka,Mangaluru,False,False,B.Tech,"finance,data-analysis",Healthcare,Bangalore,6.3,False
C1065,Bhavna Das,22,Female,OBC,Ladakh,Leh,False,True,MBA,"problem-solving,content-writing",Education,Any,7.3,False
C1066,Reyansh Kapoor,24,Male,OBC,Rajasthan,Jodhpur,False,True,B.Tech,"problem-solving,hr-management",Manufacturing,Kolkata,8.4,False
C1067,Aanya More,21,Female,SC,Mizoram,Kolasib,False,False,BA,"digital-marketing,accounting,c++",Agriculture,Any,7.8,False
C1068,Advik Ansari,22,Male,SC,Ladakh,Kargil,False,False,B.Com,"accounting,teamwork,graphic-design,agriculture,critical-thinking",IT,Any,6.8,False
C1069,Vandana More,22,Female,SC,Dadra and Nagar Haveli and Daman and Diu,Diu,False,False,B.Com,"marketing,teamwork,accounting,agriculture",Finance,Bhubaneswar,7.2,False
C1070,Komal Naidu,25,Female,OBC,Gujarat,Rajkot,False,False,BBA,"civil,digital-marketing,graphic-design,cad,agriculture",Healthcare,Nagpur,8.6,False
C1071,Bhavna Ansari,24,Female,General,Sikkim,South District,False,True,BBA,"javascript,marketing",Finance,Any,6.4,False
C1072,Neha Hussain,21,Female,OBC,Meghalaya,Ribhoi,True,False,B.Tech,"marketing,civil,critical-thinking",Agriculture,Mumbai,6.4,True
C1073,Gaurav Pillai,22,Male,General,Jharkhand,Bokaro,False,False,MCA,"python,sql,leadership,teamwork",Education,Bangalore,6.8,False
C1074,Preeti Ahmed,25,Female,EWS,Madhya Pradesh,Khandwa,True,True,BBA,"javascript,cad",IT,Any,5.0,True
C1075,Geeta Malhotra,24,Female,ST,Chandigarh,Chandigarh,False,False,MBA,"content-writing,agriculture",Education,Kolkata,5.6,False
C1076,Swati Chatterjee,20,Female,OBC,Madhya Pradesh,Vidisha,True,False,B.Com,"python,problem-solving",IT,Any,6.7,True
C1077,Isha Kapoor,20,Female,ST,Sikkim,East District,False,False,BA,"hr-management,cad,communication,problem-solving",IT,Any,7.8,False
C1078,Sunil Malhotra,24,Male,OBC,Meghalaya,West Garo Hills,False,True,BSc,"electrical,project-management,java,healthcare",Agriculture,Noida,9.3,False
C1079,Rani Shah,25,Female,SC,Ladakh,Kargil,True,False,BBA,"agriculture,communication,content-writing,excel",Manufacturing,Mumbai,7.9,False
C1080,Pari Kapoor,25,Female,OBC,Tamil Nadu,Thanjavur,False,True,B.Tech,"python,graphic-design,machine-learning,research,finance",IT,Bhubaneswar,6.7,False
C1081,Sonal Das,23,Female,OBC,Sikkim,East District,False,False,BA,"mechanical,content-writing,hr-management,python,javascript",Healthcare,Any,6.4,False
C1082,Yash Chatterjee,23,Male,OBC,Jharkhand,Bokaro,False,False,BBA,"mechanical,problem-solving,teamwork,electrical",Healthcare,Chandigarh,5.6,False
C1083,Ananya Bhatia,21,Female,General,Himachal Pradesh,Shimla,False,True,B.Tech,"data-analysis,finance,critical-thinking,c++",Education,Any,7.6,False
C1084,Anika Ali,24,Female,General,Manipur,Imphal West,False,True,B.Com,"research,communication",Agriculture,Jaipur,7.1,False
C1085,Komal Patil,24,Female,General,Assam,Guwahati,False,True,B.Tech,"communication,hr-management,project-management,c++,graphic-design",Manufacturing,Ahmedabad,7.9,True
C1086,Deepak Jain,20,Male,General,Madhya Pradesh,Sagar,False,True,BBA,"java,project-management",Manufacturing,Gurgaon,7.2,False
C1087,Deepa Farooqui,24,Female,General,Tripura,Dhalai,False,True,BSc,"excel,sql,agriculture,civil,healthcare",IT,Hyderabad,7.5,False
C1088,Preeti Patil,24,Female,General,Haryana,Sonipat,False,False,B.Tech,"finance,marketing,hr-management",Finance,Delhi,7.3,False
C1089,Anika Subramanian,21,Female,General,Uttar Pradesh,Aligarh,False,False,B.Tech,"content-writing,cad,data-analysis,leadership,teamwork",IT,Delhi,7.9,False
C1090,Morgan Gupta,25,Other,EWS,Bihar,Gaya,False,True,B.Com,"machine-learning,finance,accounting",IT,Any,8.5,False
C1091,Aditi Mukherjee,22,Female,OBC,Telangana,Medchal,False,False,BA,"electrical,critical-thinking,excel",IT,Any,7.9,False
C1092,Ira Agarwal,20,Female,General,Tripura,Unakoti,False,True,B.Com,"data-analysis,electrical,agriculture,marketing",Agriculture,Indore,8.9,False
C1093,Vandana Mehta,22,Female,SC,Ladakh,Kargil,False,False,B.Com,"civil,research,finance,supply-chain",Finance,Noida,5.0,False
C1094,Suman Reddy,24,Female,OBC,Chandigarh,Chandigarh,False,True,BBA,"communication,javascript,agriculture",Finance,Gurgaon,6.9,True
C1095,Reyansh Das,22,Male,General,Delhi,Shahdara,False,True,B.Com,"python,hr-management,healthcare,civil",Energy,Any,6.4,False
C1096,Suman Shaikh,23,Female,EWS,Gujarat,Narmada,False,True,B.Tech,"problem-solving,healthcare,agriculture",Agriculture,Hyderabad,7.3,False
C1097,Gaurav Thakur,20,Male,General,West Bengal,South 24 Parganas,False,False,BA,"project-management,content-writing,healthcare",Healthcare,Any,9.0,False
C1098,Geeta Rao,23,Female,ST,Dadra and Nagar Haveli and Daman and Diu,Diu,False,False,MBA,"teamwork,civil,content-writing,python",Finance,Coimbatore,7.6,False
C1099,Myra Pandey,20,Female,OBC,Haryana,Karnal,False,False,BSc,"communication,graphic-design,teaching,mechanical",Education,Any,6.3,False
C1100,Anita Pillai,24,Female,OBC,Dadra and Nagar Haveli and Daman and Diu,Dadra and Nagar Haveli,False,False,B.Tech,"hr-management,graphic-design,agriculture",IT,Any,8.1,False
C1101,Navya More,24,Female,General,Dadra and Nagar Haveli and Daman and Diu,Diu,False,False,BSc,"finance,hr-management,data-analysis",Energy,Kochi,6.4,False
C1102,Swati Bhatia,21,Female,EWS,Dadra and Nagar Haveli and Daman and Diu,Diu,False,True,BSc,"content-writing,graphic-design",Manufacturing,Indore,6.4,False
C1103,Myra More,22,Female,OBC,Haryana,Rohtak,False,False,B.Com,"teamwork,problem-solving,teaching,digital-marketing",IT,Indore,8.9,True
C1104,Vihaan Agarwal,23,Male,General,Delhi,West Delhi,False,True,B.Tech,"accounting,communication,teamwork,content-writing",Finance,Any,7.9,False
C1105,Rakesh Rajan,24,Male,OBC,Assam,Dhubri,False,True,BSc,"accounting,finance",IT,Indore,7.0,False
C1106,Reyansh Desai,20,Male,OBC,Chandigarh,Chandigarh,False,False,BSc,"python,communication,critical-thinking",Healthcare,Noida,6.6,False
C1107,Vandana Thakur,22,Female,EWS,Rajasthan,Alwar,False,False,BA,"c++,machine-learning,teaching,marketing,electrical",Healthcare,Noida,6.6,False
C1108,Rohan Nair,23,Male,EWS,Manipur,Bishnupur,False,False,MBA,"hr-management,javascript,leadership",Healthcare,Any,5.9,False
C1109,Arjun Joshi,24,Male,OBC,Madhya Pradesh,Indore,False,False,MBA,"mechanical,cad,communication,civil",Finance,Bhubaneswar,8.0,False
C1110,Aanya Pillai,22,Female,General,Kerala,Thiruvananthapuram,False,False,B.Tech,"marketing,content-writing,finance,project-management,excel",Manufacturing,Mumbai,8.5,False
C1111,Siddharth Ali,24,Male,General,Goa,North Goa,False,False,BA,"electrical,project-management,graphic-design",IT,Jaipur,6.7,False
C1112,Komal Roy,20,Female,OBC,Nagaland,Kiphire,True,True,B.Tech,"mechanical,finance,hr-management",Manufacturing,Nagpur,7.2,False
C1113,Deepak Ali,22,Male,General,Assam,Guwahati,False,True,MBA,"hr-management,digital-marketing,leadership,critical-thinking",IT,Kochi,5.8,False
C1114,Aanya Jadhav,25,Female,SC,Meghalaya,Jaintia Hills,False,True,B.Tech,"digital-marketing,electrical,mechanical",IT,Any,7.2,False
C1115,Alex Khan,23,Other,SC,Meghalaya,Ribhoi,False,True,B.Tech,"cad,teamwork,research",Healthcare,Indore,6.3,False
C1116,Jyoti Desai,20,Female,General,Himachal Pradesh,Kullu,False,False,B.Tech,"sql,hr-management,graphic-design,communication,leadership",Manufacturing,Ahmedabad,7.6,False
C1117,Varun Kapoor,25,Male,General,Uttarakhand,Dehradun,True,True,BBA,"digital-marketing,agriculture,machine-learning,supply-chain",IT,Mumbai,7.1,False
C1118,Ravi Bhatia,24,Male,OBC,Ladakh,Kargil,False,False,B.Com,"problem-solving,project-management,finance,javascript",Energy,Noida,8.1,False
C1119,Ritu Rajan,25,Female,General,Arunachal Pradesh,Tawang,False,True,BA,"marketing,agriculture,problem-solving",Education,Kolkata,7.4,False
C1120,Nisha Kapoor,20,Female,ST,Meghalaya,Ribhoi,False,False,B.Com,"excel,supply-chain,javascript,accounting,python",Energy,Any,7.9,False
C1121,Aarohi Hussain,20,Female,General,Assam,Sonitpur,False,False,BSc,"agriculture,excel,javascript,communication,leadership",Healthcare,Mumbai,7.3,False
C1122,Riya Iyer,21,Other,General,Mizoram,Aizawl,False,True,MCA,"content-writing,excel,supply-chain,finance",Energy,Noida,8.3,False
C1123,Saanvi Tiwari,24,Female,General,Goa,South Goa,False,False,B.Tech,"research,civil,healthcare,accounting,project-management",Finance,Nagpur,6.9,False
C1124,Aadi Pandey,21,Male,General,Rajasthan,Dholpur,True,True,B.Tech,"project-management,java,teaching",Healthcare,Delhi,7.5,False
C1125,Saanvi Rao,25,Female,General,Andaman and Nicobar Islands,Nicobar,False,True,BBA,"supply-chain,digital-marketing",Manufacturing,Hyderabad,7.8,False
C1126,Sonal Bhatia,22,Female,OBC,Bihar,Jamui,True,False,B.Tech,"civil,graphic-design,finance",Manufacturing,Delhi,6.9,False
C1127,Sneha Roy,21,Female,EWS,Uttarakhand,Dehradun,False,False,MCA,"javascript,teamwork",Manufacturing,Any,6.8,False
C1128,Isha Gaikwad,22,Female,General,Goa,South Goa,False,False,B.Com,"content-writing,cad,hr-management,data-analysis",Manufacturing,Chandigarh,7.8,False
C1129,Meera Shah,20,Female,OBC,Andaman and Nicobar Islands,North and Middle Andaman,False,False,BSc,"problem-solving,python,agriculture,electrical,critical-thinking",Energy,Any,6.6,False
C1130,Laxmi Khanna,25,Female,General,Telangana,Warangal,False,False,B.Tech,"excel,leadership,research,critical-thinking",Agriculture,Lucknow,7.7,False
C1131,Pallavi Shaikh,21,Female,OBC,Goa,North Goa,False,True,BA,"cad,digital-marketing,civil,healthcare",Energy,Coimbatore,6.9,False
C1132,Shreya Khan,22,Female,OBC,Rajasthan,Dholpur,True,True,BBA,"c++,hr-management",Education,Pune,6.0,False
C1133,Ayaan Pillai,20,Male,EWS,Manipur,Churachandpur,False,False,B.Com,"content-writing,communication,critical-thinking",IT,Bhubaneswar,6.6,False
C1134,Abhishek Ghosh,20,Male,SC,Arunachal Pradesh,Papum Pare,False,False,B.Tech,"research,teaching,javascript",Finance,Lucknow,8.2,False
C1135,Preeti Gaikwad,20,Female,OBC,Himachal Pradesh,Hamirpur,False,False,BA,"electrical,python,excel,cad",IT,Any,6.5,False
C1136,Sunita Siddiqui,24,Female,General,Rajasthan,Karauli,False,False,BA,"electrical,teamwork,teaching,communication,content-writing",Agriculture,Any,9.2,False
C1137,Navya Patil,21,Female,SC,Nagaland,Kohima,False,True,B.Tech,"leadership,content-writing,healthcare,teaching",Manufacturing,Delhi,8.1,False
C1138,Pallavi Dubey,21,Female,General,Sikkim,North District,False,True,MBA,"javascript,machine-learning",IT,Any,6.1,False
C1139,Dhruv Gupta,20,Male,ST,Jammu and Kashmir,Kupwara,True,False,BSc,"javascript,accounting,healthcare,teaching",Agriculture,Any,5.2,False
C1140,Shalini Joshi,22,Female,OBC,Uttar Pradesh,Meerut,False,False,BSc,"javascript,machine-learning,project-management,excel,marketing",Education,Bangalore,7.2,False
C1141,Jyoti Thakur,25,Female,ST,Lakshadweep,Kavaratti,False,True,B.Com,"project-management,teaching,cad,finance",IT,Mumbai,7.5,False
C1142,Aditya Jain,23,Male,EWS,Maharashtra,Nandurbar,False,True,B.Tech,"healthcare,finance,machine-learning",Manufacturing,Chennai,6.4,True
C1143,Alex Naidu,21,Other,OBC,Telangana,Medchal,False,True,B.Tech,"electrical,agriculture,research,problem-solving",Manufacturing,Hyderabad,9.9,False
C1144,Ishaan Agarwal,21,Male,ST,Gujarat,Ahmedabad,False,False,BSc,"leadership,research,civil,supply-chain",Finance,Any,7.0,False
C1145,Tanvi Farooqui,20,Female,General,Haryana,Yamunanagar,False,True,B.Com,"javascript,communication,graphic-design,leadership,teamwork",Healthcare,Any,8.0,False
C1146,Navya Chatterjee,21,Female,OBC,Chhattisgarh,Bilaspur,False,True,B.Tech,"healthcare,excel",Energy,Gurgaon,8.2,False
C1147,Priya Mirza,23,Female,General,Jharkhand,Pakur,False,False,BBA,"finance,project-management,digital-marketing,excel",IT,Pune,8.3,False
C1148,Ira Chopra,22,Female,General,Gujarat,Rajkot,False,False,MBA,"supply-chain,c++,accounting,digital-marketing,leadership",IT,Coimbatore,7.8,False
C1149,Aryan Farooqui,25,Male,General,Nagaland,Mon,False,False,B.Tech,"electrical,marketing",Healthcare,Chandigarh,5.3,False
C1150,Shreya Reddy,23,Female,OBC,Chandigarh,Chandigarh,False,False,MBA,"java,supply-chain,sql,leadership,digital-marketing",Healthcare,Vadodara,6.7,False
C1151,Ananya Sharma,22,Female,General,Arunachal Pradesh,Tawang,False,True,B.Tech,"c++,data-analysis",Healthcare,Any,8.7,False
C1152,Deepak Ali,22,Male,General,West Bengal,Nadia,False,True,BBA,"teaching,healthcare",Finance,Any,8.7,True
C1153,Sonal Patel,25,Female,General,Himachal Pradesh,Solan,False,True,BA,"supply-chain,data-analysis",Finance,Noida,5.0,False
C1154,Dhruv Menon,25,Male,OBC,Odisha,Puri,False,True,B.Com,"project-management,critical-thinking,c++,agriculture",Education,Jaipur,6.7,False
C1155,Shalini Hussain,21,Female,General,Uttarakhand,Almora,False,False,B.Tech,"agriculture,excel,marketing,finance",Finance,Any,5.6,False
C1156,Anita Singh,20,Female,SC,Ladakh,Kargil,False,True,B.Tech,"healthcare,teamwork,problem-solving",IT,Any,8.5,False
C1157,Rajesh Khan,25,Male,OBC,Dadra and Nagar Haveli and Daman and Diu,Diu,False,False,MBA,"marketing,hr-management,problem-solving,teamwork",Healthcare,Any,8.5,False
C1158,Dhruv Hegde,24,Male,General,Goa,South Goa,False,False,B.Tech,"project-management,research,supply-chain",IT,Any,8.7,False
C1159,Priya Patil,21,Female,General,Haryana,Nuh,False,False,BSc,"hr-management,problem-solving,supply-chain,content-writing",Manufacturing,Delhi,7.8,False
C1160,Jyoti Ghosh,22,Female,ST,Kerala,Kottayam,False,False,B.Tech,"communication,cad",Energy,Chennai,8.4,False
C1161,Geeta Malhotra,24,Female,EWS,West Bengal,Maldah,False,False,BSc,"content-writing,c++,cad,leadership,mechanical",Manufacturing,Any,5.5,False
C1162,Vandana Khan,20,Female,General,Dadra and Nagar Haveli and Daman and Diu,Diu,False,True,MBA,"graphic-design,agriculture,hr-management",Energy,Chennai,7.3,False
C1163,Sam Thakur,22,Other,General,Punjab,Bathinda,False,False,BA,"accounting,electrical,excel",IT,Hyderabad,7.3,False
C1164,Saanvi Pillai,25,Female,OBC,Delhi,South West Delhi,False,True,B.Tech,"leadership,supply-chain,cad",Finance,Noida,7.0,False
C1165,Aadhya Bhatia,24,Female,General,Rajasthan,Jodhpur,False,True,BA,"python,accounting,marketing",IT,Indore,6.5,False
C1166,Advik Hegde,20,Male,General,Lakshadweep,Agatti,False,False,B.Tech,"critical-thinking,project-management,java,data-analysis,excel",IT,Mumbai,7.3,False
C1167,Laxmi Joshi,21,Female,OBC,Mizoram,Mamit,False,True,BA,"leadership,civil",Education,Any,6.9,False
C1168,Rudra Banerjee,20,Male,OBC,Meghalaya,West Garo Hills,False,True,BSc,"python,electrical",IT,Any,7.3,False
C1169,Kabir Agarwal,20,Other,OBC,Goa,South Goa,False,True,B.Tech,"civil,mechanical,accounting,leadership",Finance,Noida,7.9,False
C1170,Sneha Khanna,21,Female,SC,Jharkhand,Chatra,False,False,B.Tech,"data-analysis,finance,excel,content-writing",Finance,Chandigarh,7.0,False
C1171,Komal Khanna,25,Female,SC,Dadra and Nagar Haveli and Daman and Diu,Dadra and Nagar Haveli,False,True,B.Com,"healthcare,civil,digital-marketing,javascript,excel",Education,Chennai,7.1,False
C1172,Varun Qureshi,20,Male,General,Odisha,Nuapada,True,True,BBA,"digital-marketing,machine-learning",Finance,Kolkata,7.2,False
C1173,Pooja Hegde,20,Female,SC,Bihar,Gaya,True,False,B.Tech,"project-management,leadership,javascript,problem-solving,content-writing",IT,Bangalore,9.3,False
C1174,Manisha Khan,21,Female,SC,Delhi,New Delhi,False,False,BSc,"leadership,agriculture,civil,finance",Education,Any,6.3,True
C1175,Reyansh Agarwal,25,Male,SC,Assam,Darrang,True,False,BA,"teaching,sql",IT,Any,8.9,False
C1176,Meera Patil,20,Female,OBC,Chhattisgarh,Mahasamund,True,False,B.Com,"finance,content-writing,data-analysis,agriculture,leadership",Finance,Any,5.9,False
C1177,Manoj Mishra,21,Male,General,Assam,Dhubri,True,False,BBA,"agriculture,supply-chain",Healthcare,Any,8.1,False
C1178,Rahul Bose,20,Male,OBC,Telangana,Nizamabad,False,False,B.Tech,"research,data-analysis,supply-chain,content-writing",Finance,Chandigarh,5.7,True
C1179,Swati Yadav,25,Female,SC,Bihar,Sitamarhi,False,False,BA,"marketing,cad,sql",Finance,Bangalore,7.2,False
C1180,Komal Pandey,21,Female,SC,Gujarat,Kutch,False,True,BBA,"civil,agriculture,leadership,problem-solving",Manufacturing,Bhubaneswar,6.7,False
C1181,Naveen Shah,23,Male,OBC,West Bengal,Darjeeling,False,False,BSc,"electrical,finance",Healthcare,Vadodara,7.0,False
C1182,Abhishek Qureshi,23,Male,General,Manipur,Ukhrul,False,False,B.Tech,"agriculture,critical-thinking,python,civil",Education,Gurgaon,6.7,False
C1183,Harsh Bhatia,25,Male,OBC,Maharashtra,Nashik,False,False,BA,"civil,graphic-design,healthcare,teaching",Energy,Any,6.2,False
C1184,Komal Ali,24,Female,General,Puducherry,Yanam,False,False,BA,"cad,c++,supply-chain,graphic-design,finance",Agriculture,Any,8.4,False
C1185,Anjali Ali,20,Female,ST,Sikkim,West District,False,False,B.Tech,"critical-thinking,accounting,project-management,teaching,javascript",Healthcare,Vadodara,6.7,False
C1186,Rudra Shaikh,21,Male,EWS,Andhra Pradesh,Visakhapatnam,True,False,BSc,"finance,mechanical",Education,Kolkata,7.1,False
C1187,Rohan Mirza,21,Male,SC,Manipur,Imphal East,False,False,BBA,"teamwork,javascript,finance,problem-solving,hr-management",Finance,Any,8.7,True
C1188,Deepak Ahmed,22,Male,General,West Bengal,Jalpaiguri,True,False,B.Tech,"java,critical-thinking",Energy,Mumbai,6.2,False
C1189,Rani Mukherjee,22,Female,OBC,Uttar Pradesh,Aligarh,False,True,MCA,"accounting,civil",IT,Any,8.2,False
C1190,Aryan Gupta,22,Male,SC,Karnataka,Raichur,True,True,B.Tech,"accounting,java,teaching,hr-management,mechanical",Manufacturing,Any,8.7,False
C1191,Nisha Iyer,24,Female,OBC,Goa,South Goa,False,True,B.Tech,"javascript,research",IT,Any,6.7,False
C1192,Sam Desai,24,Other,OBC,Arunachal Pradesh,Namsai,True,False,B.Tech,"agriculture,civil,machine-learning",Energy,Delhi,5.0,False
C1193,Asha Mukherjee,21,Female,ST,Himachal Pradesh,Kangra,True,False,MCA,"accounting,graphic-design,javascript,content-writing",Manufacturing,Pune,5.0,True
C1194,Reyansh Roy,25,Male,OBC,Assam,Sonitpur,False,True,B.Com,"machine-learning,problem-solving",Agriculture,Bhubaneswar,8.2,False
C1195,Komal Joshi,25,Female,OBC,Andaman and Nicobar Islands,South Andaman,False,False,MBA,"electrical,communication",IT,Nagpur,5.9,False
C1196,Ritu Farooqui,23,Female,General,Punjab,Hoshiarpur,False,True,BSc,"cad,agriculture",Healthcare,Ahmedabad,6.6,False
C1197,Aadi Bhatia,25,Male,General,Assam,Udalguri,False,False,MBA,"teaching,javascript",Energy,Any,6.5,True
C1198,Aditya Pillai,24,Male,OBC,Chandigarh,Chandigarh,False,False,MCA,"mechanical,communication,leadership",Education,Mumbai,7.1,True
C1199,Rakesh Roy,23,Male,OBC,Telangana,Nizamabad,False,False,B.Com,"c++,teaching,cad,python,agriculture",Finance,Chennai,6.8,False
C1200,Atharv Qureshi,20,Male,OBC,Ladakh,Leh,False,False,B.Tech,"leadership,mechanical,civil,cad,healthcare",IT,Any,8.1,False
C1201,Ananya Patel,23,Female,SC,Delhi,East Delhi,False,True,BBA,"critical-thinking,leadership,healthcare,communication",Agriculture,Any,7.0,False
C1202,Preeti Kapoor,21,Female,SC,Jammu and Kashmir,Jammu,False,False,MCA,"data-analysis,accounting,critical-thinking",Healthcare,Bangalore,7.9,False
C1203,Priya Banerjee,21,Female,SC,Kerala,Kollam,False,False,B.Com,"project-management,content-writing,javascript,sql",IT,Hyderabad,6.4,False
C1204,Deepa Kapoor,24,Female,EWS,Uttarakhand,Almora,False,False,BBA,"teamwork,cad",IT,Bangalore,6.0,False
C1205,Harsh Subramanian,24,Male,EWS,Bihar,Aurangabad,True,False,BA,"excel,supply-chain,healthcare,finance,agriculture",Agriculture,Lucknow,7.7,False
C1206,Harsh Patel,20,Male,OBC,Chandigarh,Chandigarh,False,False,BSc,"teaching,c++,teamwork",Manufacturing,Bangalore,7.1,False
C1207,Aarohi Khanna,20,Female,General,Delhi,West Delhi,False,False,B.Tech,"communication,sql,excel",IT,Bhubaneswar,7.0,False
C1208,Ajay Verma,22,Male,EWS,Tripura,Dhalai,True,True,BBA,"marketing,healthcare",IT,Ahmedabad,7.6,False
C1209,Anil Chatterjee,21,Male,SC,Odisha,Khordha,False,True,B.Tech,"graphic-design,cad,leadership,java,machine-learning",Agriculture,Bangalore,8.7,False
C1210,Siddharth Ali,20,Male,SC,Bihar,Araria,False,True,B.Tech,"project-management,mechanical,sql",IT,Jaipur,9.2,False
C1211,Navya Iyer,25,Female,General,Uttar Pradesh,Prayagraj,False,False,BSc,"hr-management,problem-solving,electrical",Energy,Hyderabad,7.6,False
C1212,Yash Hegde,22,Male,EWS,Odisha,Puri,False,False,B.Com,"accounting,java,marketing,python",Healthcare,Kochi,8.1,False
C1213,Naveen Reddy,22,Male,General,Nagaland,Dimapur,False,False,B.Tech,"teamwork,research",Agriculture,Any,7.2,False
C1214,Deepa Ghosh,22,Female,SC,Bihar,Patna,False,False,B.Com,"digital-marketing,healthcare,teaching,python,c++",Finance,Indore,9.4,False
C1215,Mohit Hussain,25,Male,OBC,Assam,Guwahati,False,False,BSc,"communication,electrical",Finance,Vadodara,7.1,False
C1216,Komal Reddy,21,Female,General,Arunachal Pradesh,Tawang,False,True,BA,"accounting,leadership",IT,Any,8.3,False
C1217,Pooja Qureshi,21,Female,General,Himachal Pradesh,Kullu,False,False,BA,"c++,cad,javascript,excel",Finance,Any,7.0,False
C1218,Harsh Mirza,24,Male,EWS,Telangana,Mahabubnagar,False,True,BBA,"machine-learning,content-writing,healthcare,mechanical",IT,Noida,7.5,True
C1219,Kavya Ansari,24,Female,ST,Tamil Nadu,Kanchipuram,False,False,B.Tech,"civil,machine-learning",Finance,Vadodara,7.4,False
C1220,Avni Gaikwad,21,Female,General,Delhi,South West Delhi,False,False,BSc,"mechanical,sql",Healthcare,Delhi,8.8,False
C1221,Ishaan Dubey,21,Male,EWS,Meghalaya,Jaintia Hills,False,True,MCA,"teaching,hr-management,digital-marketing",Education,Mumbai,6.9,False
C1222,Arjun Qureshi,21,Male,OBC,Jharkhand,Godda,True,False,MBA,"accounting,communication,leadership,content-writing,critical-thinking",IT,Any,6.1,False
C1223,Laxmi Shaikh,22,Female,OBC,Manipur,Ukhrul,False,False,MCA,"project-management,leadership,content-writing,teamwork,supply-chain",Energy,Any,6.9,False
C1224,Sanjay Arora,20,Male,General,Ladakh,Kargil,False,False,BBA,"cad,critical-thinking,communication",IT,Any,8.8,False
C1225,Nikhil Kapoor,23,Male,OBC,Jharkhand,Palamu,True,True,BA,"hr-management,research,cad,sql,agriculture",IT,Any,7.4,False
C1226,Pallavi Shaikh,21,Female,General,Bihar,Khagaria,False,False,BBA,"machine-learning,mechanical,sql,finance,marketing",IT,Nagpur,7.3,False
C1227,Saanvi Sharma,22,Female,OBC,Mizoram,Lunglei,True,True,MCA,"java,accounting,machine-learning,civil",Finance,Chennai,6.2,False
C1228,Dhruv Rajan,25,Male,OBC,Punjab,Hoshiarpur,False,False,MBA,"excel,machine-learning",Agriculture,Chennai,7.1,True
C1229,Suresh Chopra,25,Male,EWS,Jammu and Kashmir,Srinagar,False,False,B.Com,"c++,electrical,teamwork,civil",Education,Nagpur,6.7,False
C1230,Vivaan Banerjee,22,Male,OBC,Gujarat,Narmada,False,False,B.Tech,"problem-solving,project-management,sql,accounting",Finance,Ahmedabad,5.7,True
C1231,Aarav Jain,25,Male,General,Ladakh,Leh,True,False,B.Com,"critical-thinking,digital-marketing,javascript",Education,Chandigarh,6.5,False
C1232,Kavya Pillai,20,Female,OBC,Tamil Nadu,Madurai,False,False,B.Tech,"python,electrical,problem-solving,research",Education,Indore,5.7,True
C1233,Vikram Khanna,21,Male,General,Chhattisgarh,Kanker,False,True,MBA,"teaching,python,sql,finance,problem-solving",Agriculture,Nagpur,8.2,False
C1234,Diya Desai,21,Female,OBC,Himachal Pradesh,Shimla,False,True,MCA,"marketing,python,graphic-design",Finance,Any,9.7,False
C1235,Ankit Sharma,21,Male,EWS,Sikkim,West District,True,True,MCA,"data-analysis,digital-marketing,marketing,research,sql",Manufacturing,Kochi,5.9,False
C1236,Shaurya Joshi,20,Male,General,Arunachal Pradesh,West Kameng,False,True,B.Tech,"agriculture,leadership,mechanical",Finance,Delhi,5.9,False
C1237,Shreya Ghosh,23,Female,General,Tamil Nadu,Virudhunagar,False,False,MBA,"data-analysis,hr-management,civil",Finance,Lucknow,6.8,False
C1238,Ritu Patil,25,Female,General,Bihar,Muzaffarpur,False,False,BA,"python,communication",Finance,Vadodara,8.3,False
C1239,Reyansh Nair,20,Male,General,Meghalaya,East Khasi Hills,True,False,B.Tech,"civil,content-writing,hr-management",IT,Jaipur,7.6,False
C1240,Siddharth Naidu,22,Male,SC,Uttar Pradesh,Kanpur Nagar,False,False,BA,"graphic-design,teaching,agriculture",Healthcare,Nagpur,7.3,False
C1241,Taylor Menon,21,Other,EWS,Telangana,Karimnagar,True,True,B.Tech,"accounting,c++,supply-chain",IT,Any,8.0,False
C1242,Ankit Krishnan,23,Male,EWS,Puducherry,Karaikal,False,True,MCA,"cad,javascript,python",Healthcare,Coimbatore,5.7,True
C1243,Meera Verma,24,Female,OBC,Lakshadweep,Minicoy,False,False,B.Com,"excel,digital-marketing,machine-learning",IT,Ahmedabad,5.4,False
C1244,Rohan Agarwal,20,Male,OBC,Chhattisgarh,Rajnandgaon,True,False,MCA,"problem-solving,supply-chain,communication",IT,Chandigarh,8.4,False
C1245,Nikhil Rao,20,Male,General,Madhya Pradesh,Bhopal,False,False,B.Tech,"accounting,mechanical,c++,finance",Finance,Any,6.6,False
C1246,Anita Gupta,21,Female,OBC,Punjab,Jalandhar,False,True,B.Tech,"excel,cad,sql",Energy,Any,8.4,False
C1247,Aarav Chopra,25,Male,General,Tripura,Dhalai,False,True,B.Com,"healthcare,mechanical,project-management,electrical,marketing",Education,Lucknow,7.4,False
C1248,Rani Kulkarni,24,Female,OBC,Sikkim,East District,False,False,B.Com,"finance,mechanical,java",Finance,Chandigarh,5.8,False
C1249,Deepak Jadhav,24,Male,General,Assam,Udalguri,False,False,BA,"cad,teaching,healthcare,research,python",IT,Bangalore,7.7,False
C1250,Nisha Shah,22,Female,SC,Chandigarh,Chandigarh,False,False,B.Tech,"finance,critical-thinking,excel,machine-learning,c++",IT,Any,7.6,False
C1251,Swati Bhatia,24,Female,OBC,Goa,North Goa,True,False,BA,"accounting,supply-chain",Healthcare,Any,7.6,False
C1252,Arjun Iyer,24,Male,General,Uttarakhand,Champawat,True,False,B.Tech,"data-analysis,communication,agriculture,cad,graphic-design",Finance,Hyderabad,6.1,False
C1253,Riya Tiwari,24,Female,General,Uttar Pradesh,Meerut,False,False,B.Tech,"finance,project-management",Education,Hyderabad,6.2,False
C1254,Vandana Malhotra,20,Female,OBC,Jharkhand,Godda,False,False,B.Tech,"content-writing,excel,java,project-management,mechanical",IT,Any,7.4,False
C1255,Manisha Roy,22,Female,ST,Gujarat,Bhavnagar,False,False,BSc,"teaching,leadership,communication,electrical,critical-thinking",IT,Any,7.2,False
C1256,Ajay Menon,25,Male,SC,Uttar Pradesh,Bahraich,True,False,MCA,"communication,python,problem-solving,critical-thinking,agriculture",IT,Any,6.4,False
C1257,Rahul Mukherjee,21,Male,OBC,Mizoram,Mamit,False,False,B.Tech,"civil,excel,research,electrical",Energy,Any,5.7,False
C1258,Deepa Ghosh,24,Female,OBC,Dadra and Nagar Haveli and Daman and Diu,Diu,False,True,B.Tech,"hr-management,civil,agriculture",Finance,Nagpur,5.6,False
C1259,Anika Kapoor,22,Female,General,Telangana,Warangal,False,True,BSc,"accounting,research",Agriculture,Any,8.4,False
C1260,Priya Kumar,20,Female,ST,Himachal Pradesh,Shimla,False,False,B.Com,"hr-management,marketing,civil,supply-chain,content-writing",Finance,Any,5.7,False
C1261,Vivaan Bose,23,Male,ST,Tamil Nadu,Madurai,False,False,BBA,"sql,supply-chain,javascript,leadership,project-management",Healthcare,Any,7.5,False
C1262,Gaurav Arora,25,Male,OBC,Ladakh,Leh,True,True,BA,"digital-marketing,javascript",Manufacturing,Coimbatore,5.7,False
C1263,Aarohi Hussain,25,Female,EWS,Dadra and Nagar Haveli and Daman and Diu,Dadra and Nagar Haveli,False,False,BSc,"c++,cad,communication,hr-management",Manufacturing,Indore,7.8,False
C1264,Taylor Thakur,23,Other,SC,Haryana,Rohtak,False,False,BBA,"supply-chain,javascript,problem-solving",Finance,Jaipur,6.5,False
C1265,Suresh Kulkarni,24,Male,OBC,Bihar,Sheikhpura,False,False,B.Tech,"civil,communication",IT,Jaipur,6.5,False
C1266,Rakesh Pandey,22,Male,SC,Nagaland,Kohima,False,True,BBA,"research,digital-marketing,cad,content-writing,leadership",IT,Any,7.4,True
C1267,Advik Choudhary,24,Male,OBC,Assam,Udalguri,True,True,BSc,"healthcare,hr-management,marketing,project-management",IT,Any,7.0,False
C1268,Usha Subramanian,21,Female,OBC,Assam,Darrang,True,False,MBA,"python,teaching,mechanical,supply-chain",Finance,Bhubaneswar,7.2,False
C1269,Tanvi Hegde,20,Female,OBC,Andhra Pradesh,Y.S.R. Kadapa,False,True,BSc,"accounting,teaching",Education,Bhubaneswar,7.3,False
C1270,Deepak Chopra,23,Male,General,Chhattisgarh,Mahasamund,True,True,BA,"content-writing,python,sql,civil,machine-learning",Finance,Delhi,7.1,False
C1271,Navya Sen,25,Female,General,Telangana,Nizamabad,False,False,BSc,"digital-marketing,data-analysis",Education,Lucknow,8.6,False
C1272,Krishna Chatterjee,21,Male,General,Dadra and Nagar Haveli and Daman and Diu,Dadra and Nagar Haveli,False,True,MBA,"teaching,data-analysis,content-writing,leadership",Finance,Any,6.4,False
C1273,Kiara Tiwari,20,Female,General,Haryana,Rohtak,False,False,B.Tech,"python,excel,project-management,teaching,mechanical",Finance,Vadodara,6.6,False
C1274,Sunita Kapoor,24,Female,SC,Mizoram,Kolasib,False,True,BSc,"digital-marketing,problem-solving,machine-learning",Manufacturing,Any,7.9,False
C1275,Gaurav Jain,22,Male,OBC,Puducherry,Puducherry,True,True,B.Com,"mechanical,communication,project-management,civil",Healthcare,Noida,6.4,False
C1276,Sanjay Pillai,22,Male,ST,Bihar,Purnia,True,True,B.Tech,"content-writing,hr-management,mechanical,healthcare",Manufacturing,Chennai,6.8,False
C1277,Anil More,22,Male,EWS,Dadra and Nagar Haveli and Daman and Diu,Diu,False,False,MBA,"python,healthcare",Energy,Any,5.0,True
C1278,Aadi Naidu,25,Male,General,Rajasthan,Jodhpur,False,False,B.Tech,"civil,marketing",Education,Any,7.7,False
C1279,Vivek Gupta,20,Male,EWS,West Bengal,Jalpaiguri,False,False,MCA,"electrical,cad,agriculture",Energy,Any,8.4,False
C1280,Kavita Subramanian,25,Female,ST,Haryana,Nuh,False,True,BSc,"agriculture,healthcare,sql",Education,Any,7.6,False
C1281,Varun Nair,22,Male,OBC,Nagaland,Tuensang,False,False,MCA,"teaching,supply-chain,java,leadership",Education,Jaipur,7.6,False
C1282,Anil Chopra,23,Male,OBC,Punjab,Mohali,False,True,MBA,"sql,finance,supply-chain,agriculture,cad",Manufacturing,Any,6.6,False
C1283,Gaurav Hussain,24,Male,General,Assam,Sonitpur,False,False,BSc,"machine-learning,java,healthcare,teamwork,javascript",Manufacturing,Gurgaon,9.1,False
C1284,Jyoti Mirza,22,Female,OBC,Karnataka,Davanagere,False,False,BBA,"graphic-design,accounting,content-writing",Manufacturing,Any,7.3,False
C1285,Krishna Singh,24,Male,OBC,Maharashtra,Nashik,False,True,B.Com,"leadership,excel,accounting",Healthcare,Noida,8.7,False
C1286,Geeta Nair,25,Female,OBC,Dadra and Nagar Haveli and Daman and Diu,Daman,False,False,BA,"data-analysis,teaching",Agriculture,Any,5.0,False
C1287,Priya Siddiqui,24,Female,SC,Tripura,West Tripura,False,False,B.Com,"machine-learning,agriculture,digital-marketing",Finance,Any,7.1,False
C1288,Pranav Malhotra,21,Male,OBC,Kerala,Kozhikode,False,True,BSc,"leadership,marketing,digital-marketing,accounting",Finance,Any,7.1,True
C1289,Divya Arora,23,Female,OBC,Mizoram,Aizawl,False,True,BA,"data-analysis,hr-management",Education,Chennai,5.2,False
C1290,Yash Desai,22,Male,General,Bihar,Jamui,True,False,MCA,"sql,java,cad,teaching,javascript",IT,Any,8.6,False
C1291,Manoj Tiwari,23,Male,OBC,Uttar Pradesh,Lucknow,False,True,B.Tech,"hr-management,finance,mechanical",Manufacturing,Any,6.8,True
C1292,Aadhya Das,25,Female,SC,Bihar,Begusarai,True,False,MCA,"research,mechanical",Energy,Any,8.4,False
C1293,Nisha Ansari,24,Female,General,Telangana,Adilabad,False,False,BSc,"digital-marketing,healthcare,research",Agriculture,Lucknow,6.9,False
C1294,Aarav Kumar,24,Male,ST,Andhra Pradesh,Krishna,False,True,B.Tech,"c++,graphic-design,javascript",IT,Any,8.8,False
C1295,Shaurya Khanna,24,Male,General,Chhattisgarh,Rajnandgaon,True,True,BA,"project-management,excel,sql",Manufacturing,Any,7.3,False
C1296,Saanvi Roy,24,Female,General,Lakshadweep,Agatti,False,True,BBA,"cad,excel,problem-solving,electrical",Healthcare,Any,6.4,False
C1297,Ravi More,23,Male,SC,Goa,South Goa,False,True,BA,"teaching,machine-learning,marketing,hr-management,content-writing",Education,Any,7.9,False
C1298,Suman Agarwal,23,Female,OBC,Tamil Nadu,Virudhunagar,False,True,B.Tech,"sql,accounting,critical-thinking,finance,javascript",Manufacturing,Bangalore,8.0,False
C1299,Rudra Choudhary,21,Male,OBC,Haryana,Yamunanagar,False,False,MBA,"c++,healthcare,python,problem-solving,supply-chain",Education,Lucknow,7.6,False
C1300,Naveen Jain,20,Male,SC,Uttarakhand,Champawat,False,True,B.Tech,"java,javascript,supply-chain,data-analysis",Agriculture,Mumbai,8.3,True
C1301,Nikhil Yadav,20,Male,General,Jharkhand,Sahibganj,False,True,BBA,"project-management,data-analysis,agriculture,electrical,content-writing",Healthcare,Any,5.3,False
C1302,Rohan Naidu,24,Male,OBC,Madhya Pradesh,Khandwa,True,True,B.Com,"supply-chain,sql,digital-marketing",Manufacturing,Kochi,8.2,False
C1303,Ajay Pillai,23,Male,OBC,Chhattisgarh,Rajnandgaon,True,False,MCA,"graphic-design,research",IT,Bangalore,5.8,False
C1304,Sunita Sen,22,Female,General,Rajasthan,Bharatpur,False,False,B.Tech,"teaching,cad,agriculture",IT,Hyderabad,7.5,False
C1305,Karan Hussain,22,Male,ST,Mizoram,Mamit,True,False,BA,"leadership,hr-management,marketing,machine-learning",Finance,Any,7.7,False
C1306,Harsh Desai,24,Male,OBC,Arunachal Pradesh,Papum Pare,False,True,MBA,"accounting,hr-management,mechanical",IT,Kolkata,6.7,False
C1307,Sanjay Shetty,20,Male,General,Meghalaya,East Garo Hills,False,True,B.Tech,"excel,finance,agriculture,teaching,hr-management",Agriculture,Any,6.6,False
C1308,Manisha Shah,24,Female,OBC,Mizoram,Mamit,False,True,BSc,"civil,communication,digital-marketing,java,teamwork",Healthcare,Indore,7.3,False
C1309,Ritu Rajan,20,Female,OBC,Jammu and Kashmir,Srinagar,False,False,B.Tech,"project-management,marketing,hr-management",IT,Any,6.1,False
C1310,Pari Shaikh,22,Female,ST,Tripura,North Tripura,False,True,BA,"graphic-design,supply-chain,marketing,civil,hr-management",Manufacturing,Any,6.8,False
C1311,Aadhya Menon,24,Female,OBC,Maharashtra,Nandurbar,True,False,B.Tech,"teaching,sql,cad,marketing,machine-learning",Healthcare,Any,6.9,False
C1312,Varun Thakur,23,Male,General,Telangana,Mahabubnagar,False,True,B.Tech,"data-analysis,teamwork,excel,digital-marketing",Agriculture,Jaipur,8.3,False
C1313,Swati Rajan,23,Female,SC,Assam,Jorhat,False,True,MCA,"finance,research,civil,c++",Energy,Coimbatore,7.3,False
C1314,Kavya Pandey,24,Female,OBC,Assam,Dhubri,True,False,B.Tech,"research,marketing,javascript",Manufacturing,Chennai,6.3,False
C1315,Veer More,22,Male,OBC,Jharkhand,Sahibganj,False,False,B.Com,"problem-solving,healthcare,critical-thinking,machine-learning",IT,Any,7.6,False
C1316,Sanjay Dubey,20,Male,General,Lakshadweep,Agatti,False,True,BSc,"graphic-design,electrical,healthcare,finance",Finance,Any,8.9,False
C1317,Pooja Hegde,25,Female,General,West Bengal,Nadia,True,False,B.Com,"java,leadership,hr-management",IT,Bangalore,6.5,True
C1318,Atharv Shaikh,22,Male,General,Andhra Pradesh,East Godavari,False,False,B.Tech,"critical-thinking,excel,data-analysis,teaching,machine-learning",Finance,Pune,7.3,True
C1319,Sunil Farooqui,24,Male,General,Bihar,Katihar,True,False,BA,"problem-solving,c++,finance,research",Healthcare,Chandigarh,7.3,False
C1320,Rekha Sen,21,Female,General,Uttarakhand,Pauri Garhwal,False,False,B.Tech,"content-writing,marketing,civil",Finance,Any,6.0,False
C1321,Preeti Iyer,22,Female,General,Jharkhand,Khunti,True,True,BSc,"mechanical,electrical,java,supply-chain",IT,Kolkata,7.6,False
C1322,Deepak Krishnan,25,Male,EWS,West Bengal,Birbhum,False,True,BSc,"marketing,critical-thinking,c++,hr-management,supply-chain",Agriculture,Bhubaneswar,6.8,False
C1323,Aadhya Rajan,23,Female,SC,Lakshadweep,Agatti,False,True,BBA,"sql,civil,marketing,finance",Agriculture,Any,7.0,False
C1324,Rudra Hegde,20,Male,EWS,Odisha,Kalahandi,False,False,BA,"project-management,python,content-writing,electrical,accounting",IT,Any,6.9,False
C1325,Komal Gaikwad,21,Female,General,West Bengal,Darjeeling,False,False,B.Com,"agriculture,cad,leadership,supply-chain",Finance,Any,5.2,False
C1326,Swati Bose,20,Female,General,Bihar,Bhagalpur,False,True,B.Tech,"graphic-design,excel,sql,supply-chain",Education,Pune,8.0,False
C1327,Ayaan Das,24,Male,General,Nagaland,Mon,False,False,B.Tech,"critical-thinking,content-writing,finance",IT,Chandigarh,8.0,False
C1328,Aarav Ansari,25,Other,OBC,Kerala,Kottayam,False,True,BA,"marketing,communication,project-management,c++",Healthcare,Any,5.9,False
C1329,Ayaan Ali,22,Male,General,Arunachal Pradesh,Papum Pare,False,True,B.Tech,"critical-thinking,content-writing,supply-chain",Education,Gurgaon,7.5,False
C1330,Pari Desai,22,Female,OBC,Chhattisgarh,Sukma,False,True,MBA,"electrical,marketing,agriculture,c++,teamwork",Energy,Vadodara,9.5,False
C1331,Bhavna Malhotra,25,Female,General,Sikkim,East District,False,True,MCA,"java,civil,content-writing",Education,Any,7.1,False
C1332,Nikhil Kapoor,20,Male,EWS,Tripura,South Tripura,False,True,B.Tech,"supply-chain,c++",Healthcare,Ahmedabad,7.7,False
C1333,Rakesh Gupta,21,Male,General,Chhattisgarh,Kondagaon,False,True,BA,"data-analysis,leadership,machine-learning,research",IT,Any,8.4,False
C1334,Taylor More,24,Other,OBC,West Bengal,South 24 Parganas,False,False,MBA,"problem-solving,project-management,leadership,mechanical,marketing",Manufacturing,Coimbatore,8.9,False
C1335,Manisha Roy,20,Female,General,Manipur,Imphal West,False,False,BBA,"communication,javascript,cad,data-analysis",Healthcare,Hyderabad,8.3,False
C1336,Aadhya Hussain,20,Female,OBC,Odisha,Kandhamal,False,True,BSc,"healthcare,communication,problem-solving,leadership",Education,Any,6.0,False
C1337,Rahul Tiwari,25,Male,General,Andhra Pradesh,Kurnool,False,False,B.Com,"agriculture,civil,critical-thinking",Manufacturing,Vadodara,6.7,False
C1338,Manish Chatterjee,24,Male,EWS,Nagaland,Mokokchung,False,False,B.Tech,"teamwork,problem-solving,cad,python,graphic-design",Manufacturing,Any,6.9,False
C1339,Anika Patel,22,Female,General,Chhattisgarh,Rajnandgaon,True,True,B.Tech,"excel,accounting,healthcare,research",Agriculture,Any,5.9,False
C1340,Jordan Choudhary,23,Other,General,Lakshadweep,Agatti,False,True,MBA,"javascript,teamwork",IT,Mumbai,7.5,False
C1341,Aryan Krishnan,20,Male,SC,Arunachal Pradesh,Lower Subansiri,False,False,B.Tech,"electrical,excel,python,leadership,cad",Agriculture,Pune,6.7,False
C1342,Pallavi Reddy,20,Female,General,Jammu and Kashmir,Pulwama,False,False,BSc,"healthcare,civil",Education,Lucknow,6.4,False
C1343,Anjali Singh,22,Female,OBC,Bihar,Sitamarhi,False,False,MBA,"graphic-design,hr-management,machine-learning,problem-solving,healthcare",Manufacturing,Any,6.8,False
C1344,Preeti Arora,22,Female,OBC,Goa,North Goa,False,True,BA,"content-writing,teamwork,civil,agriculture",IT,Chandigarh,7.8,True
C1345,Harsh Sen,20,Male,General,Tamil Nadu,Salem,False,False,BSc,"agriculture,civil,machine-learning,sql",Healthcare,Jaipur,7.3,False
C1346,Vikram Ali,23,Male,EWS,Jharkhand,Palamu,True,False,B.Tech,"c++,java,cad,leadership",Healthcare,Chandigarh,7.2,False
C1347,Krishna Chatterjee,21,Male,EWS,Uttarakhand,Champawat,False,True,B.Tech,"agriculture,hr-management,research,accounting",Education,Chandigarh,8.5,False
C1348,Casey Dubey,21,Other,General,Gujarat,Dahod,False,False,B.Tech,"electrical,data-analysis",IT,Ahmedabad,7.7,False
C1349,Aadhya Mirza,21,Female,OBC,Himachal Pradesh,Chamba,True,False,MBA,"project-management,accounting,communication,digital-marketing",IT,Any,8.2,False
C1350,Asha Bhatia,24,Female,General,Chhattisgarh,Kanker,False,False,BSc,"python,electrical,mechanical",Healthcare,Chandigarh,7.1,False
C1351,Rohan Siddiqui,21,Male,SC,Manipur,Imphal West,False,False,B.Tech,"communication,python,java,marketing",IT,Any,6.8,False
C1352,Akash Iyer,20,Male,OBC,Tripura,Unakoti,True,False,B.Tech,"electrical,civil,project-management",IT,Bhubaneswar,7.9,False
C1353,Naveen Krishnan,21,Male,EWS,Chandigarh,Chandigarh,True,True,BBA,"cad,digital-marketing,machine-learning,graphic-design",Energy,Any,8.6,False
C1354,Neha Ali,22,Female,General,Manipur,Imphal East,False,True,B.Com,"electrical,research,problem-solving,data-analysis,marketing",Agriculture,Delhi,8.1,False
C1355,Aryan Banerjee,25,Male,OBC,Lakshadweep,Agatti,False,False,B.Tech,"content-writing,mechanical,agriculture",Finance,Any,5.6,False
C1356,Taylor Khan,21,Other,General,Delhi,New Delhi,False,False,BSc,"cad,finance,teamwork",IT,Any,6.1,False
C1357,Ira Pandey,21,Female,General,Odisha,Balangir,False,False,BBA,"accounting,python,civil,mechanical",IT,Any,6.4,False
C1358,Sai Hegde,23,Male,OBC,Uttar Pradesh,Ghaziabad,True,False,B.Tech,"data-analysis,marketing",Education,Any,8.6,False
C1359,Kabir Banerjee,20,Male,General,Meghalaya,East Khasi Hills,False,False,BA,"problem-solving,supply-chain,python,civil,teamwork",Finance,Jaipur,5.7,False
C1360,Aarav Ghosh,25,Male,General,Tamil Nadu,Virudhunagar,False,True,BBA,"research,sql,healthcare",IT,Kochi,6.4,False
C1361,Komal Khanna,23,Female,General,Uttarakhand,Dehradun,False,False,B.Com,"digital-marketing,leadership,project-management",IT,Nagpur,9.2,False
C1362,Swati Malhotra,21,Female,EWS,Arunachal Pradesh,Papum Pare,False,False,BA,"java,research,marketing,healthcare",Energy,Any,5.2,False
C1363,Nikhil Tiwari,20,Male,EWS,Tamil Nadu,Tiruchirappalli,False,False,MBA,"problem-solving,machine-learning",Manufacturing,Lucknow,7.6,False
C1364,Asha Gupta,21,Female,SC,West Bengal,Darjeeling,True,True,B.Tech,"supply-chain,cad",Healthcare,Any,5.3,False
C1365,Geeta Verma,25,Female,General,Ladakh,Kargil,False,False,B.Tech,"java,research,content-writing,critical-thinking,project-management",Healthcare,Any,7.0,False
C1366,Kabir Rao,24,Male,General,Chhattisgarh,Mahasamund,False,True,BA,"healthcare,project-management",Manufacturing,Vadodara,6.7,False
C1367,Pari Singh,21,Female,General,Delhi,New Delhi,False,False,B.Tech,"cad,mechanical,project-management,agriculture,leadership",Agriculture,Chandigarh,6.7,False
C1368,Ritu Joshi,24,Female,OBC,Andaman and Nicobar Islands,North and Middle Andaman,False,False,B.Tech,"marketing,healthcare,accounting",Healthcare,Any,9.3,False
C1369,Suman Farooqui,24,Female,General,Himachal Pradesh,Shimla,False,False,MBA,"project-management,mechanical,cad,healthcare,digital-marketing",Healthcare,Any,7.4,False
C1370,Vihaan Gupta,24,Male,SC,Himachal Pradesh,Kullu,False,False,B.Com,"project-management,mechanical,content-writing,problem-solving,electrical",Healthcare,Mumbai,6.9,False
C1371,Taylor Malhotra,21,Other,OBC,Haryana,Nuh,False,False,BBA,"teaching,data-analysis,leadership",Manufacturing,Ahmedabad,7.3,False
C1372,Sonal Kapoor,23,Female,General,Tamil Nadu,Erode,False,True,MBA,"cad,teaching",Manufacturing,Pune,6.2,False
C1373,Casey Ghosh,20,Other,EWS,Nagaland,Mon,False,False,B.Com,"javascript,critical-thinking,healthcare,c++",Education,Gurgaon,7.3,False
C1374,Avni Choudhary,20,Female,OBC,Tripura,Dhalai,True,False,B.Tech,"python,digital-marketing,sql,mechanical",Healthcare,Any,8.0,False
C1375,Rahul Ghosh,23,Male,OBC,Tripura,South Tripura,False,True,B.Tech,"finance,sql,supply-chain,java,machine-learning",IT,Hyderabad,6.8,False
C1376,Pranav Shaikh,22,Male,General,Puducherry,Puducherry,False,False,BBA,"content-writing,cad,python,teaching,marketing",Education,Any,6.1,False
C1377,Kiara Gupta,23,Female,General,Ladakh,Leh,False,False,B.Com,"cad,machine-learning,research,finance,supply-chain",Manufacturing,Ahmedabad,6.5,False
C1378,Yash Hegde,25,Male,ST,Lakshadweep,Agatti,False,False,MBA,"javascript,excel,electrical,leadership",Manufacturing,Nagpur,5.7,False
C1379,Dhruv Kumar,21,Male,SC,Puducherry,Karaikal,False,False,B.Tech,"accounting,critical-thinking,hr-management,content-writing",IT,Any,7.9,False
C1380,Abhishek Dubey,20,Male,OBC,Chhattisgarh,Durg,False,False,MCA,"content-writing,java,finance,cad,supply-chain",Healthcare,Any,7.4,False
C1381,Pallavi Rao,22,Female,ST,Goa,North Goa,False,True,B.Tech,"digital-marketing,finance,accounting,project-management",IT,Chennai,6.9,False
C1382,Shaurya Choudhary,22,Male,General,Arunachal Pradesh,Lower Subansiri,False,True,BA,"python,communication,problem-solving",Manufacturing,Pune,7.4,False
C1383,Pranav Tiwari,25,Male,ST,Manipur,Churachandpur,False,False,MCA,"accounting,graphic-design,cad,data-analysis",Agriculture,Mumbai,9.2,False
C1384,Swati Ansari,24,Female,OBC,Maharashtra,Nagpur,True,False,B.Tech,"accounting,marketing,healthcare,c++,javascript",Education,Noida,8.3,False
C1385,Rohan Gaikwad,20,Male,General,Goa,North Goa,False,False,MBA,"content-writing,java,marketing",Agriculture,Chennai,7.7,False
C1386,Anita Verma,20,Female,OBC,Jammu and Kashmir,Srinagar,False,False,MCA,"content-writing,civil,c++",Healthcare,Coimbatore,8.5,False
C1387,Aadi Jadhav,21,Male,SC,Maharashtra,Washim,True,True,B.Com,"supply-chain,accounting,teamwork,communication",Manufacturing,Any,7.6,False
C1388,Vandana Khanna,25,Female,General,Dadra and Nagar Haveli and Daman and Diu,Diu,False,False,BA,"c++,accounting",Manufacturing,Chennai,5.6,False
C1389,Ayaan Dubey,25,Male,SC,Sikkim,Gangtok,False,False,BA,"data-analysis,java,healthcare",Agriculture,Any,6.2,False
C1390,Advik Gupta,22,Male,General,Chhattisgarh,Rajnandgaon,True,False,B.Com,"electrical,data-analysis,marketing,communication,finance",Education,Delhi,7.7,False
C1391,Kabir Khan,20,Other,General,Odisha,Balangir,False,False,MBA,"communication,problem-solving,hr-management",Manufacturing,Any,5.7,False
C1392,Rani Nair,21,Female,SC,Chhattisgarh,Durg,False,False,BA,"digital-marketing,research,teamwork",Finance,Any,6.9,False
C1393,Aadhya Khan,22,Female,General,Tripura,South Tripura,False,False,B.Tech,"marketing,cad,supply-chain,teaching,finance",IT,Coimbatore,6.4,False
C1394,Swati Joshi,22,Female,EWS,Himachal Pradesh,Solan,False,True,BA,"data-analysis,critical-thinking,leadership",Manufacturing,Bhubaneswar,6.5,False
C1395,Ishaan Mishra,25,Male,General,Andhra Pradesh,Y.S.R. Kadapa,False,True,BA,"digital-marketing,graphic-design,research,python",Education,Kolkata,9.3,False
C1396,Vikram Singh,21,Male,General,Puducherry,Puducherry,False,False,MBA,"critical-thinking,teamwork",Healthcare,Kochi,7.8,False
C1397,Pranav Bose,20,Male,EWS,Dadra and Nagar Haveli and Daman and Diu,Daman,False,True,BA,"accounting,java",Healthcare,Chennai,7.9,False
C1398,Ritu Kapoor,25,Female,OBC,Himachal Pradesh,Solan,False,False,B.Com,"javascript,critical-thinking,hr-management",Finance,Any,6.0,False
C1399,Sonal Hegde,24,Female,SC,Madhya Pradesh,Jabalpur,False,True,MCA,"sql,project-management,finance,hr-management",Energy,Pune,6.7,False
C1400,Vihaan Pandey,22,Male,OBC,Ladakh,Kargil,False,False,MBA,"teamwork,machine-learning,graphic-design,leadership,civil",IT,Ahmedabad,7.5,False
C1401,Riya Gupta,20,Female,ST,Uttar Pradesh,Meerut,False,False,BBA,"finance,research,sql",Education,Any,7.3,False
C1402,Usha Subramanian,21,Female,EWS,West Bengal,Hooghly,False,True,MBA,"teaching,mechanical",Agriculture,Coimbatore,5.0,False
C1403,Gaurav Pandey,21,Male,OBC,Puducherry,Yanam,False,False,MBA,"hr-management,sql",IT,Vadodara,5.1,False
C1404,Yash Naidu,21,Male,OBC,Andaman and Nicobar Islands,Nicobar,False,True,MCA,"communication,civil,python",Manufacturing,Chandigarh,7.9,False
C1405,Rani Subramanian,25,Female,General,Arunachal Pradesh,Lower Subansiri,False,True,MBA,"healthcare,python,problem-solving,cad,research",Finance,Gurgaon,7.5,False
C1406,Ira Hussain,21,Female,EWS,Odisha,Kalahandi,False,False,BBA,"problem-solving,c++",Agriculture,Chandigarh,6.8,False
C1407,Aditi Banerjee,23,Female,OBC,Nagaland,Mon,False,False,BSc,"teaching,cad",IT,Any,6.1,True
C1408,Dhruv Kumar,21,Male,General,Uttar Pradesh,Gorakhpur,False,False,MBA,"communication,cad,critical-thinking,python,supply-chain",Energy,Indore,7.2,False
C1409,Krishna Pillai,22,Male,OBC,Nagaland,Mokokchung,False,False,MCA,"agriculture,content-writing",Agriculture,Gurgaon,9.3,False
C1410,Meera Menon,25,Female,General,Tamil Nadu,Virudhunagar,False,False,B.Com,"sql,critical-thinking,supply-chain,excel",Healthcare,Ahmedabad,8.5,True
C1411,Rohan Kumar,21,Male,OBC,Mizoram,Kolasib,False,True,B.Com,"c++,leadership,python,communication",Healthcare,Any,8.0,False
C1412,Rudra Desai,22,Male,ST,Ladakh,Leh,False,True,BSc,"project-management,critical-thinking",Healthcare,Any,6.3,True
C1413,Suresh Ghosh,21,Male,ST,Uttar Pradesh,Chitrakoot,False,True,MCA,"supply-chain,c++",Energy,Any,5.8,False
C1414,Ravi Bhatia,24,Male,OBC,Sikkim,West District,True,True,BA,"python,critical-thinking,mechanical,data-analysis,c++",IT,Mumbai,6.6,False
C1415,Atharv Gaikwad,20,Male,General,Punjab,Hoshiarpur,False,False,MBA,"teamwork,data-analysis,critical-thinking,electrical",IT,Mumbai,8.4,False
C1416,Ayaan Yadav,22,Male,General,Tamil Nadu,Madurai,False,True,BSc,"hr-management,finance,content-writing,leadership",Education,Any,5.6,True
C1417,Sneha Patel,24,Female,OBC,Chhattisgarh,Durg,False,True,MCA,"java,leadership,healthcare,electrical",Education,Any,7.6,False
C1418,Diya Siddiqui,22,Female,EWS,Uttarakhand,Champawat,False,False,BSc,"javascript,python",Agriculture,Any,7.2,False
C1419,Diya Sen,22,Female,OBC,Ladakh,Leh,False,False,BBA,"javascript,supply-chain,mechanical,machine-learning",IT,Bhubaneswar,6.4,False
C1420,Rohan Mukherjee,20,Male,General,Chandigarh,Chandigarh,False,True,MBA,"cad,electrical,accounting,teamwork,sql",IT,Gurgaon,7.7,False
C1421,Yash Pillai,25,Male,General,Tripura,West Tripura,False,False,B.Tech,"digital-marketing,sql",Finance,Any,7.0,False
C1422,Anjali Khanna,22,Female,SC,Puducherry,Mahe,False,True,BSc,"healthcare,research",Finance,Noida,6.7,False
C1423,Sunil Joshi,24,Male,SC,Andhra Pradesh,Kurnool,False,False,BSc,"graphic-design,teamwork,electrical,finance,leadership",Agriculture,Kochi,7.9,False
C1424,Dhruv Joshi,22,Male,General,Goa,North Goa,False,False,BA,"data-analysis,cad,sql,research,c++",Education,Any,5.7,False
C1425,Ajay Jadhav,25,Male,SC,Jammu and Kashmir,Anantnag,False,True,MBA,"civil,critical-thinking,accounting,mechanical",Manufacturing,Any,7.1,False
C1426,Vikram Roy,21,Male,OBC,Andhra Pradesh,Y.S.R. Kadapa,False,True,B.Com,"java,hr-management,finance,graphic-design",Energy,Any,7.2,False
C1427,Vihaan Mishra,24,Male,General,Delhi,East Delhi,False,False,BSc,"finance,civil,python",Finance,Any,8.3,False
C1428,Aadhya Iyer,23,Female,SC,Himachal Pradesh,Solan,False,True,BSc,"teaching,communication,data-analysis,civil",Education,Kochi,6.9,False
C1429,Ankit Pandey,24,Male,General,Jharkhand,Palamu,True,False,MBA,"teaching,sql,project-management,python,supply-chain",Education,Any,7.9,False
C1430,Advik Singh,24,Male,SC,Odisha,Malkangiri,False,False,B.Tech,"excel,research,machine-learning,leadership",IT,Any,6.7,False
C1431,Varun Dubey,20,Male,EWS,Tripura,South Tripura,False,True,BBA,"excel,c++,healthcare,leadership,cad",Healthcare,Any,5.7,False
C1432,Veer Chatterjee,25,Male,General,Odisha,Puri,True,False,B.Com,"content-writing,communication,cad,electrical",Energy,Chennai,5.4,False
C1433,Saanvi Joshi,22,Female,ST,Tamil Nadu,Tiruchirappalli,False,True,MCA,"marketing,java,graphic-design,supply-chain",Manufacturing,Kochi,9.0,False
C1434,Amit Tiwari,22,Male,OBC,Chandigarh,Chandigarh,False,False,B.Tech,"javascript,machine-learning,communication,problem-solving,sql",Finance,Ahmedabad,7.4,False
C1435,Sonal Choudhary,25,Female,General,Chandigarh,Chandigarh,False,False,B.Tech,"java,c++",Energy,Any,6.8,False
C1436,Ritu Sharma,23,Female,EWS,Assam,Sonitpur,False,False,BA,"critical-thinking,machine-learning,leadership",Finance,Any,7.6,False
C1437,Vivek Shah,25,Male,OBC,Delhi,North Delhi,False,False,BA,"python,supply-chain,hr-management,digital-marketing",Manufacturing,Any,6.0,False
C1438,Aditya Chopra,23,Male,General,Punjab,Mohali,False,True,B.Com,"accounting,leadership,python",Healthcare,Nagpur,6.6,True
C1439,Anil Pandey,21,Male,General,Manipur,Imphal West,False,True,B.Tech,"javascript,data-analysis,cad",Healthcare,Bangalore,6.7,False
C1440,Sunil Bose,25,Male,General,Nagaland,Kiphire,True,False,B.Tech,"leadership,teamwork,data-analysis",IT,Gurgaon,7.7,True
C1441,Suresh Kumar,24,Male,OBC,Lakshadweep,Agatti,False,True,B.Tech,"teamwork,content-writing,electrical,java",IT,Chandigarh,6.9,True
C1442,Neha Ansari,21,Female,EWS,Sikkim,West District,False,True,BSc,"critical-thinking,c++,hr-management",Healthcare,Any,6.6,False
C1443,Riya Gaikwad,21,Female,SC,Dadra and Nagar Haveli and Daman and Diu,Dadra and Nagar Haveli,False,False,B.Tech,"javascript,c++,civil",IT,Any,7.7,False
C1444,Shreya Ansari,23,Female,General,Lakshadweep,Minicoy,False,True,B.Com,"civil,marketing,accounting,digital-marketing",Finance,Any,7.8,False
C1445,Kavya Roy,23,Female,General,West Bengal,South 24 Parganas,False,False,BSc,"leadership,javascript,hr-management,c++,cad",IT,Chennai,6.7,False
C1446,Sneha Choudhary,22,Female,SC,Punjab,Moga,False,True,BBA,"content-writing,machine-learning",Finance,Vadodara,7.1,False
C1447,Sanjay Subramanian,21,Male,SC,Puducherry,Mahe,False,True,BBA,"civil,leadership,project-management,sql,machine-learning",Energy,Lucknow,8.0,False
C1448,Mohit Ali,21,Male,EWS,Jammu and Kashmir,Udhampur,False,False,B.Tech,"electrical,civil,c++,hr-management",IT,Any,6.8,False
C1449,Ishaan Ansari,23,Male,General,Andaman and Nicobar Islands,South Andaman,False,True,BA,"leadership,healthcare,digital-marketing",Manufacturing,Chennai,7.6,False
C1450,Diya Choudhary,22,Female,OBC,Telangana,Mahabubnagar,False,False,MCA,"finance,research,excel",IT,Lucknow,8.9,False
C1451,Isha Singh,21,Female,General,Manipur,Imphal West,False,True,BSc,"communication,civil,hr-management",Finance,Chandigarh,9.3,False
C1452,Isha Sen,20,Female,OBC,Chhattisgarh,Kondagaon,True,True,B.Tech,"c++,leadership,python,marketing",Finance,Any,5.7,True
C1453,Vivek Pandey,24,Male,SC,Tamil Nadu,Salem,False,False,MCA,"marketing,teamwork",Education,Any,8.4,True
C1454,Priya Ali,21,Female,SC,Tripura,Unakoti,False,False,B.Tech,"teaching,research",Agriculture,Noida,8.1,False
C1455,Ankit Bose,20,Male,SC,Andaman and Nicobar Islands,Nicobar,False,False,B.Tech,"project-management,teaching,healthcare,c++,hr-management",Energy,Kochi,5.0,True
C1456,Shreya Jain,24,Female,OBC,Karnataka,Kalaburagi,True,True,B.Com,"finance,machine-learning",IT,Chandigarh,7.9,False
C1457,Ayaan Kulkarni,24,Male,General,Kerala,Kollam,False,True,BBA,"critical-thinking,problem-solving,project-management,agriculture,mechanical",Education,Any,6.7,False
C1458,Riya Arora,23,Female,General,Jharkhand,Simdega,True,True,B.Tech,"content-writing,sql,cad,project-management,mechanical",Finance,Delhi,6.1,False
C1459,Avni Verma,20,Female,General,Punjab,Amritsar,False,True,BSc,"accounting,agriculture",IT,Any,6.5,False
C1460,Atharv Kumar,24,Male,General,Jharkhand,Khunti,True,False,B.Com,"civil,content-writing,teaching,hr-management,digital-marketing",IT,Jaipur,7.6,False
C1461,Alex Kulkarni,25,Other,OBC,Meghalaya,East Khasi Hills,False,False,BBA,"c++,teaching,agriculture,marketing",IT,Any,6.8,False
C1462,Abhishek Farooqui,23,Male,General,Tripura,Dhalai,False,True,B.Com,"accounting,excel,teamwork",Manufacturing,Any,5.5,False
C1463,Rekha Joshi,21,Female,General,Chhattisgarh,Sukma,False,True,BA,"digital-marketing,javascript,research",Healthcare,Coimbatore,7.8,False
C1464,Yash Bhatia,23,Male,General,Telangana,Medchal,False,True,BA,"project-management,data-analysis,supply-chain,teamwork,cad",Healthcare,Kochi,5.3,False
C1465,Swati Patil,24,Female,SC,Tripura,West Tripura,True,False,B.Com,"marketing,agriculture,c++,sql,cad",Agriculture,Any,6.5,False
C1466,Reyansh Tiwari,24,Male,OBC,Uttarakhand,Almora,False,False,B.Tech,"sql,cad,hr-management,excel",IT,Vadodara,6.6,False
C1467,Ravi Rao,22,Male,General,West Bengal,North 24 Parganas,False,False,BA,"sql,communication,research",Finance,Mumbai,7.2,False
C1468,Varun Shetty,25,Male,General,Manipur,Chandel,False,False,MBA,"digital-marketing,electrical",Manufacturing,Nagpur,6.8,False
C1469,Ananya Iyer,23,Female,ST,Dadra and Nagar Haveli and Daman and Diu,Daman,False,False,MBA,"leadership,research,accounting,marketing",Agriculture,Any,9.2,False
C1470,Siddharth Shaikh,21,Male,General,Meghalaya,Ribhoi,True,False,MBA,"python,marketing",Agriculture,Kolkata,5.8,False
C1471,Sai Shah,20,Male,ST,Tamil Nadu,Kanchipuram,False,False,B.Tech,"teamwork,content-writing",Finance,Any,8.2,False
C1472,Jyoti Banerjee,22,Female,General,Bihar,Purnia,True,True,B.Tech,"marketing,digital-marketing,cad,sql,healthcare",Finance,Vadodara,6.3,False
C1473,Ajay Chatterjee,21,Male,OBC,Goa,South Goa,False,False,MBA,"teamwork,civil",Manufacturing,Any,7.2,True
C1474,Ankit Bhatia,21,Male,SC,West Bengal,Howrah,False,True,B.Com,"healthcare,problem-solving,mechanical,agriculture",IT,Any,8.5,False
C1475,Pallavi Ansari,20,Female,OBC,Meghalaya,Ribhoi,False,True,B.Com,"marketing,teaching,cad",Energy,Chennai,6.1,False
C1476,Aarohi Rajan,23,Female,General,Meghalaya,Ribhoi,True,False,MBA,"agriculture,healthcare,teaching,problem-solving,electrical",Finance,Mumbai,7.1,True
C1477,Divya Rao,23,Female,General,Manipur,Imphal West,False,False,MBA,"python,supply-chain",Education,Any,7.8,False
C1478,Yash Mishra,23,Male,General,Tamil Nadu,Thanjavur,False,False,B.Tech,"project-management,communication,javascript,leadership",Finance,Kochi,7.2,False
C1479,Ira Arora,21,Female,ST,Tripura,Gomati,False,False,B.Tech,"data-analysis,communication",Healthcare,Hyderabad,6.6,False
C1480,Pari Mirza,22,Female,General,Andaman and Nicobar Islands,North and Middle Andaman,False,True,B.Tech,"finance,machine-learning,research,leadership,digital-marketing",Finance,Indore,8.3,False
C1481,Ritu Shetty,22,Female,OBC,Uttar Pradesh,Sonbhadra,False,False,B.Com,"communication,content-writing",IT,Any,8.9,False
C1482,Vihaan Joshi,25,Male,OBC,Tripura,South Tripura,False,False,BA,"project-management,research",Healthcare,Hyderabad,6.9,False
C1483,Kabir Nair,24,Male,OBC,Manipur,Thoubal,False,False,MCA,"sql,digital-marketing,teamwork",IT,Any,6.6,False
C1484,Nikhil Subramanian,20,Male,General,Rajasthan,Baran,True,False,BBA,"javascript,marketing,agriculture,finance",IT,Chandigarh,5.9,False
C1485,Kiara Das,23,Female,SC,Gujarat,Vadodara,False,False,BBA,"c++,content-writing",Healthcare,Any,8.5,False
C1486,Myra Joshi,24,Female,General,Kerala,Thiruvananthapuram,False,True,MBA,"leadership,digital-marketing,healthcare,critical-thinking,accounting",Agriculture,Noida,7.8,False
C1487,Aarav Mukherjee,22,Male,General,West Bengal,Hooghly,False,True,B.Tech,"content-writing,machine-learning,problem-solving,excel,civil",IT,Pune,8.4,False
C1488,Casey Khanna,21,Other,EWS,Andaman and Nicobar Islands,South Andaman,False,True,BBA,"civil,digital-marketing,mechanical",Manufacturing,Nagpur,6.3,False
C1489,Sai Khan,20,Male,SC,Bihar,Purnia,True,False,BBA,"hr-management,sql,critical-thinking,civil,teamwork",IT,Kochi,7.6,False
C1490,Isha Malhotra,20,Female,OBC,West Bengal,Birbhum,True,False,BSc,"data-analysis,finance",Manufacturing,Chennai,6.9,False
C1491,Sara Kumar,25,Female,ST,Andaman and Nicobar Islands,Nicobar,False,True,B.Com,"javascript,data-analysis,healthcare,machine-learning,digital-marketing",IT,Ahmedabad,7.6,True
C1492,Karan Rajan,23,Male,General,West Bengal,Darjeeling,False,True,B.Tech,"excel,accounting,research",IT,Chennai,6.4,False
C1493,Pari Shaikh,20,Female,OBC,Jharkhand,Garhwa,False,False,BA,"research,javascript,supply-chain,accounting",IT,Indore,8.3,False
C1494,Kiara Rao,25,Female,OBC,Haryana,Gurugram,False,False,B.Tech,"c++,mechanical,excel,data-analysis,javascript",Manufacturing,Nagpur,6.3,False
C1495,Shreya Mehta,23,Female,General,Uttarakhand,Tehri Garhwal,False,False,B.Tech,"teaching,leadership,electrical",Finance,Any,6.4,True
C1496,Vandana Siddiqui,25,Female,General,Ladakh,Kargil,False,True,B.Tech,"civil,digital-marketing,finance,javascript,problem-solving",Healthcare,Gurgaon,8.1,False
C1497,Abhishek Farooqui,25,Male,General,Uttar Pradesh,Fatehpur,False,True,B.Tech,"data-analysis,hr-management",Finance,Chennai,8.0,False
C1498,Atharv Yadav,22,Male,EWS,Rajasthan,Ajmer,False,False,B.Com,"mechanical,teamwork",Healthcare,Bangalore,7.3,False
C1499,Pallavi Rajan,20,Female,SC,Karnataka,Mysuru,False,False,B.Com,"healthcare,communication,c++,critical-thinking",Manufacturing,Vadodara,6.8,True
C1500,Abhishek Hussain,20,Male,General,Odisha,Gajapati,False,False,BSc,"java,leadership,communication,problem-solving,machine-learning",Energy,Coimbatore,5.0,False
C1501,Ira Ahmed,22,Female,OBC,Lakshadweep,Minicoy,False,True,B.Tech,"civil,python,data-analysis,leadership,supply-chain",Finance,Any,6.7,False
C1502,Meera Siddiqui,22,Female,General,Lakshadweep,Agatti,False,False,BBA,"teamwork,leadership,supply-chain,machine-learning",IT,Hyderabad,6.4,False
C1503,Sam Khanna,25,Other,OBC,Uttarakhand,Pauri Garhwal,False,True,B.Tech,"healthcare,teamwork,supply-chain,cad",Manufacturing,Any,6.8,False
C1504,Avni Shetty,22,Female,General,Andaman and Nicobar Islands,North and Middle Andaman,False,False,B.Tech,"marketing,c++,teamwork,cad,supply-chain",IT,Any,7.0,False
C1505,Karan Tiwari,22,Male,ST,Uttarakhand,Champawat,False,False,B.Tech,"c++,machine-learning,python,leadership",Agriculture,Kolkata,7.6,False
C1506,Meera Verma,22,Female,EWS,Delhi,South Delhi,False,False,B.Tech,"java,civil",Finance,Nagpur,6.0,False
C1507,Kavita Das,22,Female,SC,Telangana,Khammam,False,False,B.Tech,"marketing,critical-thinking,research,content-writing,supply-chain",Agriculture,Pune,9.8,False
C1508,Rohan Sen,22,Male,General,Puducherry,Yanam,False,True,B.Com,"communication,data-analysis,healthcare",Education,Nagpur,6.5,True
C1509,Pranav Joshi,23,Male,General,Delhi,Shahdara,False,True,B.Com,"hr-management,research",Education,Kolkata,7.6,False
C1510,Usha Jain,20,Female,EWS,Jammu and Kashmir,Jammu,False,False,MCA,"communication,teamwork",Energy,Any,8.0,False
C1511,Sachin Khanna,25,Male,EWS,Assam,Kamrup,False,False,BBA,"javascript,project-management,hr-management,cad,c++",IT,Ahmedabad,8.0,False
C1512,Meera More,21,Female,General,Nagaland,Tuensang,False,False,BSc,"problem-solving,communication,c++",IT,Bhubaneswar,7.8,False
C1513,Rajesh Farooqui,24,Male,OBC,Gujarat,Kutch,False,True,B.Com,"electrical,javascript,teaching,accounting,hr-management",Healthcare,Vadodara,5.5,False
C1514,Aarohi Hussain,23,Female,General,Gujarat,Jamnagar,False,True,MBA,"javascript,communication",Finance,Any,5.0,False
C1515,Riya Gaikwad,20,Female,OBC,Rajasthan,Bikaner,False,True,BA,"marketing,data-analysis,teaching,research,python",Finance,Any,5.5,False
C1516,Taylor Gupta,23,Other,General,Assam,Sonitpur,False,False,B.Tech,"cad,digital-marketing",Manufacturing,Indore,6.8,False
C1517,Sanjay Khan,24,Male,General,Jammu and Kashmir,Srinagar,False,False,BSc,"accounting,cad,javascript,agriculture",Energy,Any,5.6,False
C1518,Asha Mukherjee,25,Female,General,Ladakh,Leh,False,True,BBA,"excel,communication,marketing,sql,research",Education,Mumbai,8.9,False
C1519,Nikhil Rajan,24,Male,EWS,Arunachal Pradesh,Changlang,False,False,BSc,"cad,leadership,machine-learning,agriculture",IT,Any,8.2,False
C1520,Rani Reddy,24,Female,SC,Karnataka,Mysuru,False,False,BBA,"marketing,excel,research,machine-learning",IT,Pune,7.2,False
C1521,Sunil Ali,23,Male,ST,Chandigarh,Chandigarh,False,False,B.Tech,"project-management,finance",Healthcare,Bhubaneswar,6.4,False
C1522,Ajay Hegde,20,Male,OBC,Tripura,West Tripura,False,False,MCA,"sql,data-analysis,finance,teamwork",Manufacturing,Any,6.3,True
C1523,Yash Reddy,22,Male,General,Nagaland,Tuensang,False,True,MBA,"healthcare,critical-thinking,javascript,machine-learning",Agriculture,Nagpur,6.8,False
C1524,Vivek Siddiqui,23,Male,General,Nagaland,Mokokchung,False,False,B.Com,"civil,java,graphic-design,problem-solving",Finance,Lucknow,5.8,False
C1525,Suman Ali,25,Female,SC,Nagaland,Tuensang,False,True,B.Com,"critical-thinking,agriculture,teaching,project-management,accounting",IT,Delhi,8.6,True
C1526,Anika Chatterjee,22,Female,OBC,Odisha,Balangir,False,True,B.Tech,"agriculture,python",Finance,Bangalore,6.3,False
C1527,Vivaan Gupta,21,Male,General,Telangana,Adilabad,False,False,BBA,"agriculture,java",IT,Mumbai,6.9,False
C1528,Sunita Mishra,21,Female,OBC,Uttarakhand,Champawat,False,False,B.Com,"civil,electrical,graphic-design",Education,Hyderabad,6.9,True
C1529,Rohan Sharma,23,Male,OBC,Madhya Pradesh,Rewa,False,False,BBA,"finance,problem-solving,digital-marketing,machine-learning,project-management",IT,Bhubaneswar,5.6,False
C1530,Rohan Dubey,21,Male,OBC,Tripura,West Tripura,False,False,B.Tech,"sql,supply-chain,python,excel,mechanical",IT,Hyderabad,5.2,False
C1531,Rahul Siddiqui,24,Male,OBC,Jharkhand,Godda,True,True,BBA,"electrical,project-management",Manufacturing,Vadodara,8.3,False
C1532,Casey Khan,24,Other,General,Chandigarh,Chandigarh,False,False,BBA,"excel,digital-marketing",Education,Any,7.0,True
C1533,Vihaan Khan,23,Male,OBC,Lakshadweep,Kavaratti,False,False,B.Tech,"data-analysis,problem-solving",Energy,Any,7.1,False
C1534,Sanjay Hegde,24,Male,OBC,Sikkim,East District,True,False,MBA,"machine-learning,excel,digital-marketing,content-writing,supply-chain",Manufacturing,Vadodara,7.5,False
C1535,Myra Yadav,25,Female,General,Kerala,Thiruvananthapuram,False,False,MBA,"leadership,civil",Finance,Pune,7.2,False
C1536,Sunil Bhatia,22,Male,EWS,Delhi,East Delhi,False,False,B.Tech,"sql,accounting,problem-solving,project-management,mechanical",IT,Any,8.4,False
C1537,Saanvi Gupta,25,Female,OBC,Maharashtra,Osmanabad,True,False,MBA,"finance,hr-management,healthcare,research",Education,Indore,8.1,False
C1538,Riya Chopra,25,Female,SC,Tripura,Unakoti,False,False,MBA,"excel,sql",Education,Noida,7.0,False
C1539,Deepa Khan,25,Female,SC,Madhya Pradesh,Ujjain,False,False,MCA,"python,hr-management,teaching,content-writing,finance",Healthcare,Any,6.9,False
C1540,Dhruv Bhatia,21,Male,OBC,Mizoram,Aizawl,False,False,MCA,"critical-thinking,java,machine-learning",Finance,Any,6.7,False
C1541,Kiara Mukherjee,23,Female,OBC,Uttar Pradesh,Shrawasti,True,True,BA,"project-management,research,electrical,content-writing,hr-management",IT,Kochi,6.2,False
C1542,Jyoti Banerjee,23,Female,OBC,Manipur,Imphal West,False,True,B.Tech,"problem-solving,civil",Agriculture,Delhi,7.7,True
C1543,Pankaj Agarwal,25,Male,ST,Andaman and Nicobar Islands,South Andaman,False,True,BBA,"excel,supply-chain,electrical,teaching,teamwork",IT,Jaipur,6.6,False
C1544,Ananya Dubey,22,Female,General,Sikkim,West District,True,False,MBA,"digital-marketing,data-analysis,c++,supply-chain,javascript",Healthcare,Any,6.8,False
C1545,Diya Patel,23,Female,General,Gujarat,Dahod,True,False,B.Com,"graphic-design,research,javascript",Energy,Any,8.2,False
C1546,Sanjay Chatterjee,25,Male,General,Telangana,Mahabubnagar,False,True,B.Tech,"finance,accounting,content-writing,digital-marketing,supply-chain",Education,Vadodara,6.3,False
C1547,Aanya Kapoor,24,Female,OBC,Chhattisgarh,Bijapur,True,False,BA,"sql,project-management",Energy,Any,7.4,False
C1548,Siddharth Reddy,22,Male,OBC,Tripura,West Tripura,False,False,BSc,"hr-management,machine-learning",IT,Any,8.0,False
C1549,Ajay Joshi,23,Male,EWS,Uttarakhand,Dehradun,True,True,MBA,"c++,machine-learning,critical-thinking,mechanical,leadership",IT,Any,6.8,False
C1550,Reyansh Krishnan,21,Male,EWS,Kerala,Palakkad,False,False,MBA,"research,java,teaching,supply-chain",Energy,Any,5.5,True
C1551,Rani Mishra,24,Female,OBC,Puducherry,Yanam,False,True,B.Tech,"javascript,finance",Finance,Any,8.4,False
C1552,Neha Sharma,22,Female,OBC,Karnataka,Hubballi-Dharwad,False,True,MBA,"data-analysis,leadership,java,supply-chain,teaching",Energy,Hyderabad,5.0,False
C1553,Vandana Rajan,22,Female,EWS,Tripura,North Tripura,False,True,B.Tech,"content-writing,mechanical",IT,Any,8.1,False
C1554,Pooja Thakur,21,Female,OBC,Maharashtra,Washim,False,False,B.Tech,"python,hr-management,healthcare",Agriculture,Any,7.3,False
C1555,Preeti Khan,23,Female,SC,Madhya Pradesh,Indore,False,False,B.Tech,"healthcare,accounting",IT,Jaipur,7.7,True
C1556,Vikram Shah,22,Male,General,Nagaland,Tuensang,False,False,MBA,"digital-marketing,hr-management",IT,Jaipur,7.1,False
C1557,Rakesh Mehta,23,Male,SC,Rajasthan,Ajmer,False,False,MBA,"content-writing,hr-management",Healthcare,Any,5.0,False
C1558,Ananya Khanna,21,Female,General,Mizoram,Mamit,False,False,B.Tech,"healthcare,cad,data-analysis,machine-learning,agriculture",Manufacturing,Bangalore,7.7,False
C1559,Vandana Sharma,22,Female,General,Maharashtra,Nagpur,False,False,MBA,"finance,leadership,mechanical",Healthcare,Vadodara,8.3,False
C1560,Neha Mirza,22,Female,OBC,Manipur,Ukhrul,False,False,B.Com,"teamwork,electrical,c++",Education,Kochi,8.6,False
C1561,Amit Ghosh,21,Male,SC,Lakshadweep,Kavaratti,False,False,B.Tech,"sql,javascript,civil,finance,mechanical",IT,Any,6.0,False
C1562,Pooja Rao,21,Female,ST,Haryana,Faridabad,False,False,BSc,"python,accounting",IT,Any,5.0,False
C1563,Dhruv Dubey,25,Male,ST,Chandigarh,Chandigarh,False,True,B.Tech,"supply-chain,javascript,content-writing",Healthcare,Any,7.7,False
C1564,Pallavi Patil,25,Female,General,Jharkhand,Garhwa,True,False,MCA,"supply-chain,teamwork",Energy,Any,5.0,False
C1565,Laxmi Rao,25,Female,SC,Gujarat,Rajkot,False,True,B.Com,"mechanical,machine-learning",Healthcare,Ahmedabad,6.2,False
C1566,Sonal Pillai,21,Female,OBC,Jharkhand,Giridih,True,False,B.Com,"critical-thinking,teamwork",IT,Delhi,7.3,False
C1567,Vikram Mukherjee,23,Male,OBC,Goa,South Goa,False,False,MCA,"java,supply-chain,data-analysis,leadership,graphic-design",Healthcare,Any,6.9,False
C1568,Sneha Thakur,23,Female,OBC,Ladakh,Kargil,True,True,B.Tech,"cad,teamwork,teaching,c++,supply-chain",IT,Any,8.4,False
C1569,Shalini Menon,23,Female,EWS,Odisha,Rayagada,False,False,B.Tech,"electrical,digital-marketing,civil",Finance,Chennai,7.7,False
C1570,Anita Kapoor,20,Female,General,Ladakh,Leh,False,True,B.Tech,"accounting,graphic-design,agriculture,critical-thinking,teaching",Healthcare,Lucknow,6.2,False
C1571,Sara Kumar,22,Female,SC,Madhya Pradesh,Gwalior,False,True,BBA,"civil,graphic-design,data-analysis",Finance,Delhi,7.4,False
C1572,Aarav Chopra,25,Other,OBC,Telangana,Karimnagar,False,True,B.Com,"civil,c++,digital-marketing",Finance,Any,6.1,False
C1573,Ajay Gaikwad,25,Male,EWS,Delhi,South West Delhi,False,False,BBA,"teamwork,sql,excel,machine-learning,project-management",IT,Delhi,6.0,False
C1574,Reyansh Kulkarni,21,Male,SC,Punjab,Hoshiarpur,False,True,B.Tech,"cad,sql,machine-learning",IT,Bangalore,6.8,False
C1575,Abhishek Bose,23,Male,OBC,Chhattisgarh,Raipur,False,False,BBA,"sql,graphic-design,research,content-writing",IT,Any,6.0,False
C1576,Akash Desai,24,Male,ST,Kerala,Wayanad,False,True,MBA,"communication,digital-marketing",Education,Bhubaneswar,7.1,False
C1577,Arjun Roy,25,Male,OBC,West Bengal,South 24 Parganas,True,True,B.Tech,"sql,accounting,hr-management,civil,leadership",Agriculture,Vadodara,6.5,False
C1578,Usha Desai,20,Female,OBC,Uttar Pradesh,Kanpur Nagar,True,True,B.Tech,"python,hr-management",IT,Kolkata,5.5,False
C1579,Naveen Ahmed,22,Male,OBC,Uttar Pradesh,Varanasi,False,False,BSc,"civil,digital-marketing,cad,javascript",Manufacturing,Ahmedabad,6.1,False
C1580,Rudra Kumar,25,Male,ST,Dadra and Nagar Haveli and Daman and Diu,Dadra and Nagar Haveli,False,False,B.Com,"research,problem-solving,mechanical,java,machine-learning",Manufacturing,Ahmedabad,7.5,False
C1581,Sai Pillai,20,Male,OBC,Mizoram,Lunglei,False,True,BA,"communication,excel,c++,teamwork,graphic-design",Education,Vadodara,7.5,True
C1582,Sonal Khanna,20,Female,ST,Uttar Pradesh,Shrawasti,True,False,BSc,"excel,civil,supply-chain,digital-marketing",Agriculture,Mumbai,7.5,False
C1583,Diya Mehta,21,Female,OBC,Puducherry,Puducherry,False,False,B.Com,"content-writing,c++",Manufacturing,Indore,6.8,False
C1584,Kavita Farooqui,21,Female,OBC,Ladakh,Leh,False,False,MBA,"communication,teamwork,mechanical,data-analysis",Healthcare,Any,7.6,False
C1585,Ravi Patil,21,Male,ST,Puducherry,Puducherry,False,False,BSc,"cad,javascript,machine-learning",Education,Any,5.9,False
C1586,Aanya More,21,Female,OBC,Bihar,Sheikhpura,False,True,BA,"research,cad",Education,Lucknow,5.9,False
C1587,Sachin Kumar,23,Male,SC,Lakshadweep,Minicoy,True,False,B.Tech,"supply-chain,project-management,problem-solving",IT,Bhubaneswar,7.1,False
C1588,Karan Gupta,20,Male,General,Telangana,Warangal,True,False,BA,"teamwork,electrical,healthcare,sql,research",Finance,Any,7.2,False
C1589,Rekha Subramanian,22,Female,OBC,Lakshadweep,Kavaratti,False,True,MBA,"excel,mechanical,c++,teamwork",IT,Any,8.3,False
C1590,Morgan Chatterjee,21,Other,OBC,Tamil Nadu,Thanjavur,False,True,BA,"healthcare,java,critical-thinking",Education,Gurgaon,5.0,False
C1591,Aditya Ahmed,21,Male,OBC,Meghalaya,Jaintia Hills,False,False,B.Tech,"critical-thinking,agriculture,data-analysis,machine-learning,python",Finance,Any,7.4,False
C1592,Aryan Dubey,20,Male,General,Meghalaya,East Khasi Hills,False,False,B.Tech,"project-management,civil",IT,Chennai,5.9,False
C1593,Aadi Khanna,21,Male,SC,Manipur,Imphal West,False,False,MBA,"research,electrical,python,machine-learning,critical-thinking",Manufacturing,Delhi,6.4,False
C1594,Divya Kulkarni,24,Female,OBC,Ladakh,Kargil,False,False,BA,"graphic-design,excel,healthcare",Energy,Pune,5.9,False
C1595,Avni Naidu,23,Female,General,Delhi,Central Delhi,False,True,B.Tech,"supply-chain,research,marketing,machine-learning",IT,Indore,7.3,False
C1596,Aryan Patel,21,Male,EWS,Rajasthan,Udaipur,True,True,MCA,"research,finance,supply-chain,healthcare,excel",Education,Any,6.2,False
C1597,Sai Bose,22,Male,SC,Himachal Pradesh,Mandi,False,False,B.Tech,"critical-thinking,accounting,project-management,excel,research",IT,Any,7.1,False
C1598,Preeti Mukherjee,25,Female,General,Dadra and Nagar Haveli and Daman and Diu,Diu,False,True,B.Tech,"problem-solving,content-writing,civil,digital-marketing",IT,Nagpur,7.1,False
C1599,Usha Hussain,20,Female,OBC,Punjab,Bathinda,False,True,B.Tech,"civil,communication",Education,Delhi,7.8,False
C1600,Krishna Roy,21,Male,ST,Himachal Pradesh,Chamba,True,False,B.Com,"teaching,finance,javascript,agriculture,data-analysis",Healthcare,Vadodara,8.6,False
C1601,Advik Khan,20,Male,OBC,Andaman and Nicobar Islands,Nicobar,False,True,BBA,"research,accounting",IT,Delhi,5.0,True
C1602,Krishna Jain,23,Male,ST,Himachal Pradesh,Shimla,True,True,BA,"graphic-design,accounting,agriculture",IT,Any,7.4,False
C1603,Aditya Chatterjee,21,Male,EWS,Puducherry,Mahe,False,False,BA,"civil,leadership,teamwork,machine-learning",Agriculture,Bangalore,6.2,False
C1604,Gaurav Kumar,22,Male,EWS,Karnataka,Yadgir,True,False,B.Tech,"civil,sql,supply-chain,communication,python",Education,Any,9.0,False
C1605,Aryan Pillai,20,Male,General,Meghalaya,East Khasi Hills,False,False,B.Tech,"critical-thinking,electrical",Agriculture,Coimbatore,7.7,False
C1606,Ajay Gupta,20,Male,OBC,Maharashtra,Nashik,True,True,BBA,"critical-thinking,javascript",IT,Bhubaneswar,7.2,True
C1607,Rajesh Roy,24,Male,OBC,Chhattisgarh,Korba,False,False,BBA,"javascript,healthcare,research,teamwork,excel",Healthcare,Bangalore,6.9,True
C1608,Isha Reddy,25,Female,EWS,Kerala,Kottayam,False,True,B.Com,"graphic-design,teaching,supply-chain",Healthcare,Any,7.9,False
C1609,Swati Kapoor,20,Female,General,Andaman and Nicobar Islands,Nicobar,False,False,MBA,"content-writing,project-management,machine-learning,c++,sql",Manufacturing,Any,8.8,False
C1610,Abhishek Reddy,20,Male,General,Odisha,Nuapada,False,True,MBA,"finance,agriculture,mechanical",Manufacturing,Indore,6.4,False
C1611,Rakesh Tiwari,20,Male,General,Nagaland,Kohima,False,True,MBA,"communication,civil,teaching",Finance,Kochi,6.5,False
C1612,Manoj Chatterjee,20,Male,SC,Sikkim,Gangtok,False,False,MBA,"problem-solving,sql,marketing,c++",IT,Any,7.0,False
C1613,Sneha Pillai,23,Female,OBC,Punjab,Gurdaspur,True,False,BA,"data-analysis,digital-marketing",IT,Bangalore,7.7,False
C1614,Preeti Chopra,21,Female,OBC,Puducherry,Yanam,False,False,BBA,"civil,project-management",Finance,Lucknow,7.5,False
C1615,Anil Bose,24,Male,OBC,West Bengal,Darjeeling,False,False,MBA,"c++,problem-solving,healthcare,data-analysis",Manufacturing,Indore,8.3,True
C1616,Akash Jadhav,20,Male,SC,Jammu and Kashmir,Srinagar,False,True,B.Tech,"data-analysis,digital-marketing,java",Healthcare,Bangalore,7.1,False
C1617,Jyoti Tiwari,23,Female,OBC,Odisha,Khordha,False,True,BBA,"research,sql,teaching,python,communication",IT,Any,6.2,False
C1618,Neha Singh,22,Female,OBC,Jammu and Kashmir,Anantnag,False,True,MCA,"healthcare,data-analysis,c++,mechanical",IT,Any,7.2,False
C1619,Sunil Dubey,25,Male,OBC,Arunachal Pradesh,Papum Pare,False,True,B.Tech,"agriculture,supply-chain,finance,sql,research",Finance,Lucknow,7.8,False
C1620,Rudra Sharma,21,Male,General,Madhya Pradesh,Singrauli,True,True,B.Tech,"data-analysis,machine-learning,mechanical,finance",Finance,Any,5.5,False
C1621,Vikram Rajan,23,Male,ST,Jammu and Kashmir,Kathua,False,True,B.Tech,"agriculture,electrical,leadership,research",Education,Kochi,6.9,False
C1622,Pari Qureshi,23,Female,SC,Dadra and Nagar Haveli and Daman and Diu,Dadra and Nagar Haveli,False,False,BSc,"c++,agriculture,electrical,digital-marketing,marketing",Manufacturing,Bhubaneswar,8.1,False
C1623,Navya Patil,21,Female,OBC,Tamil Nadu,Vellore,False,False,MCA,"excel,sql,teamwork,problem-solving",Education,Delhi,6.1,False
C1624,Usha Rajan,23,Female,General,Tripura,North Tripura,False,False,BSc,"marketing,electrical,mechanical,graphic-design,content-writing",IT,Any,7.6,False
C1625,Siddharth Reddy,23,Male,SC,Bihar,Patna,False,True,BSc,"agriculture,leadership,teamwork,graphic-design,supply-chain",Finance,Any,6.3,False
C1626,Rajesh Mukherjee,20,Male,EWS,Uttarakhand,Nainital,False,False,B.Tech,"sql,accounting,leadership,data-analysis",Agriculture,Gurgaon,7.9,True
C1627,Ananya Desai,24,Female,ST,Kerala,Kottayam,False,False,BA,"java,python,machine-learning",IT,Bhubaneswar,6.2,False
C1628,Rakesh Jadhav,24,Male,General,Haryana,Gurugram,False,False,B.Com,"mechanical,teaching,supply-chain,leadership",IT,Any,5.5,False
C1629,Arjun Chopra,21,Male,OBC,Tamil Nadu,Madurai,False,True,B.Tech,"civil,leadership",Education,Any,5.4,False
C1630,Rohan Sharma,23,Male,General,Nagaland,Tuensang,False,False,MBA,"cad,python",IT,Any,6.9,True
C1631,Laxmi Patil,21,Female,OBC,Delhi,East Delhi,False,True,B.Com,"mechanical,problem-solving,python,teaching,excel",IT,Any,6.1,False
C1632,Shaurya Farooqui,23,Male,OBC,Himachal Pradesh,Solan,False,False,B.Tech,"project-management,communication,finance",Agriculture,Vadodara,6.2,False
C1633,Saanvi Rao,22,Female,ST,Mizoram,Lunglei,False,True,B.Com,"hr-management,accounting,healthcare,java,c++",Education,Bhubaneswar,6.7,False
C1634,Swati Pandey,22,Female,ST,Tripura,West Tripura,False,True,BSc,"supply-chain,data-analysis",IT,Indore,7.6,False
C1635,Deepa Shaikh,25,Female,OBC,Puducherry,Yanam,False,False,MCA,"python,research",IT,Noida,6.8,False
C1636,Geeta Jadhav,24,Female,OBC,Andaman and Nicobar Islands,South Andaman,False,False,BA,"graphic-design,accounting",Energy,Kolkata,6.8,False
C1637,Diya Das,23,Female,OBC,Gujarat,Jamnagar,False,True,B.Tech,"javascript,python,hr-management,electrical,healthcare",IT,Any,6.3,False
C1638,Rudra Reddy,23,Male,EWS,Uttarakhand,Dehradun,False,True,B.Tech,"mechanical,research",Energy,Jaipur,6.3,False
C1639,Aryan Iyer,21,Male,EWS,Andaman and Nicobar Islands,Nicobar,True,False,BA,"machine-learning,javascript",Energy,Delhi,8.5,False
C1640,Dhruv Bhatia,25,Male,ST,Arunachal Pradesh,Tawang,False,True,B.Com,"machine-learning,leadership,communication",Agriculture,Any,6.1,False
C1641,Vikram Agarwal,25,Male,EWS,Uttar Pradesh,Ghaziabad,False,False,B.Tech,"machine-learning,java,healthcare",Finance,Bhubaneswar,7.6,False
C1642,Shreya Dubey,22,Female,General,Karnataka,Hubballi-Dharwad,False,False,B.Tech,"healthcare,critical-thinking",Education,Nagpur,7.0,False
C1643,Vikram Farooqui,23,Male,General,Andhra Pradesh,Vizianagaram,True,False,MBA,"problem-solving,digital-marketing",Manufacturing,Any,8.4,False
C1644,Yash Patel,21,Male,SC,West Bengal,Jalpaiguri,False,False,BBA,"civil,sql,leadership,javascript,communication",Manufacturing,Any,6.2,False
C1645,Pranav Menon,25,Male,General,Assam,Sonitpur,False,True,MCA,"machine-learning,marketing,graphic-design,supply-chain,electrical",IT,Chandigarh,6.3,True
C1646,Manoj Choudhary,23,Male,OBC,Nagaland,Kiphire,False,False,MCA,"content-writing,communication,problem-solving,digital-marketing",Agriculture,Any,7.3,False
C1647,Ravi Iyer,24,Male,ST,Assam,Hailakandi,False,False,BSc,"data-analysis,cad,javascript,agriculture,machine-learning",Agriculture,Any,6.3,False
C1648,Advik Ahmed,23,Male,EWS,Sikkim,Gangtok,False,True,B.Tech,"research,c++,python",IT,Chandigarh,6.7,False
C1649,Deepak Jain,24,Male,General,Arunachal Pradesh,West Kameng,False,False,B.Tech,"mechanical,research",Finance,Delhi,8.1,False
C1650,Isha Malhotra,20,Female,OBC,Nagaland,Mon,False,False,BBA,"c++,java,accounting,machine-learning,marketing",Manufacturing,Any,9.9,False
C1651,Laxmi Singh,20,Female,ST,Karnataka,Tumakuru,False,False,BSc,"civil,content-writing,hr-management",Agriculture,Any,7.7,False
C1652,Neha Choudhary,25,Female,OBC,Goa,North Goa,False,True,BBA,"finance,communication,sql",Manufacturing,Any,5.9,False
C1653,Kavya Rao,21,Female,General,Rajasthan,Bikaner,False,False,B.Com,"machine-learning,teaching,civil,accounting,problem-solving",Education,Any,8.6,False
C1654,Reyansh Tiwari,25,Male,SC,Sikkim,South District,True,True,B.Com,"cad,marketing,teamwork",Energy,Any,6.6,False
C1655,Sunil Mirza,23,Male,ST,West Bengal,Darjeeling,False,False,BSc,"supply-chain,hr-management,sql,agriculture,accounting",Manufacturing,Bangalore,7.6,False
C1656,Ritu Shaikh,23,Female,OBC,Kerala,Wayanad,False,True,B.Tech,"civil,project-management,excel,javascript,supply-chain",Agriculture,Jaipur,6.0,False
C1657,Preeti Yadav,23,Female,General,Chandigarh,Chandigarh,False,False,BBA,"java,electrical,research",Finance,Any,6.6,False
C1658,Manisha Ansari,23,Female,General,Rajasthan,Jodhpur,False,True,BBA,"mechanical,electrical,digital-marketing,teamwork",IT,Any,7.3,False
C1659,Aadi Sharma,24,Male,OBC,Karnataka,Belagavi,False,False,MCA,"communication,finance,marketing",Education,Any,6.1,False
C1660,Mohit Gupta,20,Male,General,Himachal Pradesh,Chamba,True,False,B.Com,"supply-chain,data-analysis,content-writing,leadership",IT,Any,7.6,False
C1661,Kabir Subramanian,23,Male,General,Jharkhand,Godda,True,True,B.Tech,"digital-marketing,teamwork",Healthcare,Any,9.8,False
C1662,Asha Sen,20,Female,SC,Maharashtra,Washim,True,True,BSc,"critical-thinking,sql,electrical,digital-marketing",IT,Noida,6.0,False
C1663,Shreya Nair,25,Female,EWS,Madhya Pradesh,Indore,False,False,BSc,"digital-marketing,content-writing",Education,Any,7.3,False
C1664,Pranav Subramanian,20,Male,EWS,Gujarat,Rajkot,False,False,B.Tech,"supply-chain,project-management",Healthcare,Any,8.5,False
C1665,Sachin Bhatia,23,Male,OBC,Odisha,Nuapada,True,False,BA,"machine-learning,c++,healthcare",Education,Any,6.9,False
C1666,Meera Singh,23,Female,SC,Tripura,West Tripura,False,False,MCA,"java,c++,data-analysis,research,critical-thinking",IT,Any,8.5,False
C1667,Meera Malhotra,24,Female,OBC,Dadra and Nagar Haveli and Daman and Diu,Dadra and Nagar Haveli,False,False,B.Tech,"graphic-design,python,hr-management",Education,Any,9.1,False
C1668,Sam Jain,25,Other,EWS,Arunachal Pradesh,East Siang,False,False,B.Com,"javascript,content-writing,finance",Healthcare,Pune,6.5,True
C1669,Reyansh Pandey,24,Male,General,Haryana,Panipat,False,True,BA,"graphic-design,agriculture,research,teamwork,python",Education,Any,7.4,False
C1670,Shreya Pillai,21,Female,SC,Jammu and Kashmir,Udhampur,False,False,BBA,"supply-chain,java",IT,Gurgaon,9.4,False
C1671,Aditya Malhotra,21,Male,OBC,Delhi,Central Delhi,False,False,BBA,"machine-learning,sql",Education,Pune,6.6,True
C1672,Mohit Mukherjee,22,Male,OBC,Assam,Sonitpur,False,False,MBA,"excel,java,digital-marketing",IT,Any,7.7,False
C1673,Anil Khan,21,Male,General,Goa,North Goa,False,True,BSc,"healthcare,marketing",Agriculture,Any,5.7,False
C1674,Riya Thakur,20,Other,ST,Madhya Pradesh,Chhatarpur,True,True,BA,"cad,content-writing,mechanical,graphic-design",Agriculture,Chennai,6.6,False
C1675,Krishna Thakur,25,Male,OBC,Ladakh,Leh,False,False,B.Tech,"finance,graphic-design,content-writing,data-analysis,sql",Education,Coimbatore,7.5,False
C1676,Pranav Singh,21,Male,OBC,Andaman and Nicobar Islands,Nicobar,False,True,B.Tech,"problem-solving,javascript,electrical,data-analysis,research",Finance,Any,6.8,False
C1677,Aanya Sharma,20,Female,General,Haryana,Hisar,True,True,BA,"c++,teaching,communication,teamwork,graphic-design",IT,Any,7.1,False
C1678,Ishaan Rajan,21,Male,OBC,Gujarat,Gandhinagar,False,False,BA,"teaching,supply-chain,healthcare,java,finance",IT,Any,8.6,False
C1679,Sneha Banerjee,22,Female,General,Madhya Pradesh,Barwani,True,False,BSc,"electrical,graphic-design,digital-marketing,c++,research",IT,Any,5.3,False
C1680,Rohan Qureshi,24,Male,ST,Punjab,Amritsar,False,True,B.Tech,"graphic-design,machine-learning,digital-marketing",Manufacturing,Jaipur,6.4,False
C1681,Navya Reddy,22,Female,General,Bihar,Sheikhpura,True,True,MCA,"critical-thinking,marketing,communication,teamwork,accounting",Finance,Pune,6.7,False
C1682,Ravi Khan,24,Male,ST,Sikkim,South District,False,False,BBA,"teamwork,agriculture",Finance,Any,7.2,False
C1683,Rajesh Qureshi,24,Male,OBC,Uttar Pradesh,Varanasi,False,False,BA,"javascript,marketing,data-analysis,critical-thinking,teaching",Finance,Any,7.3,False
C1684,Atharv Gaikwad,24,Male,SC,Odisha,Puri,True,True,BSc,"content-writing,agriculture,research,java,graphic-design",IT,Noida,6.8,True
C1685,Deepak Yadav,20,Male,OBC,Lakshadweep,Minicoy,False,True,B.Tech,"excel,critical-thinking,java",Energy,Vadodara,6.7,False
C1686,Navya Ghosh,24,Female,OBC,Odisha,Nuapada,False,False,B.Tech,"accounting,teaching",Education,Any,7.3,False
C1687,Aryan Subramanian,21,Male,SC,Gujarat,Rajkot,False,False,MCA,"hr-management,sql,mechanical,c++,critical-thinking",Manufacturing,Gurgaon,8.7,False
C1688,Yash Reddy,23,Male,EWS,Arunachal Pradesh,Papum Pare,False,False,B.Com,"graphic-design,python,research,critical-thinking",Manufacturing,Chennai,7.1,False
C1689,Reyansh Jain,25,Male,OBC,Sikkim,Gangtok,False,True,B.Tech,"problem-solving,civil,python,project-management,communication",IT,Ahmedabad,6.2,False
C1690,Aditi Tiwari,22,Female,General,Haryana,Sonipat,False,False,B.Com,"electrical,graphic-design,excel,teaching",Manufacturing,Jaipur,6.8,False
C1691,Ajay Krishnan,24,Male,EWS,Delhi,New Delhi,False,False,BSc,"data-analysis,excel,communication,digital-marketing,critical-thinking",Education,Chennai,5.8,True
C1692,Aanya Hussain,22,Other,General,Meghalaya,Ribhoi,True,False,B.Tech,"critical-thinking,teamwork",Manufacturing,Delhi,8.6,False
C1693,Naveen Bhatia,22,Male,EWS,Goa,North Goa,False,False,B.Com,"supply-chain,accounting,leadership,sql",Finance,Any,7.6,True
C1694,Mohit Bhatia,21,Male,ST,Ladakh,Leh,False,False,B.Tech,"c++,electrical,java",IT,Any,5.9,False
C1695,Pari Pillai,23,Female,General,Telangana,Hyderabad,False,False,B.Tech,"healthcare,javascript",Finance,Jaipur,7.3,False
C1696,Rajesh Agarwal,20,Male,SC,Meghalaya,East Khasi Hills,False,True,B.Tech,"marketing,supply-chain,javascript,excel",Education,Kolkata,6.2,False
C1697,Anita Bhatia,23,Female,General,Arunachal Pradesh,West Kameng,False,False,MBA,"teamwork,finance",Energy,Chandigarh,9.3,False
C1698,Nisha Hegde,21,Female,General,Jharkhand,Palamu,True,True,B.Tech,"supply-chain,java,civil,python,cad",Energy,Vadodara,8.6,False
C1699,Amit Khanna,24,Male,SC,Karnataka,Davanagere,False,False,BA,"javascript,accounting,supply-chain,hr-management,electrical",Healthcare,Indore,8.3,False
C1700,Manoj Shaikh,21,Male,General,Tripura,South Tripura,False,False,BSc,"data-analysis,mechanical,java,hr-management,problem-solving",Education,Any,8.1,False
C1701,Riya Kulkarni,22,Other,OBC,Kerala,Kottayam,False,False,BSc,"leadership,python,teamwork,civil",Manufacturing,Any,6.4,False
C1702,Myra Ali,22,Female,OBC,Punjab,Bathinda,True,True,BA,"supply-chain,agriculture,javascript",Education,Lucknow,7.5,False
C1703,Sachin Kumar,20,Male,SC,Madhya Pradesh,Rewa,False,False,B.Tech,"project-management,c++,data-analysis",Healthcare,Any,7.8,False
C1704,Gaurav Sen,20,Male,ST,Dadra and Nagar Haveli and Daman and Diu,Daman,False,False,BSc,"graphic-design,excel,marketing,finance",Education,Any,6.4,False
C1705,Krishna Mishra,22,Male,OBC,Mizoram,Mamit,True,False,BSc,"civil,python,agriculture",IT,Any,7.9,True
C1706,Riya Singh,23,Female,ST,Rajasthan,Jaisalmer,False,False,B.Com,"mechanical,supply-chain,graphic-design",Finance,Bangalore,7.6,False
C1707,Aadi Chopra,24,Male,ST,Ladakh,Kargil,False,False,B.Tech,"java,accounting,javascript",Agriculture,Lucknow,7.7,False
C1708,Saanvi Sharma,24,Female,SC,Nagaland,Tuensang,False,True,MBA,"cad,teamwork,leadership",Education,Pune,8.8,False
C1709,Vivek Ali,23,Male,General,Jammu and Kashmir,Kathua,False,True,MCA,"civil,c++",IT,Any,6.9,False
C1710,Deepak Siddiqui,21,Male,OBC,Puducherry,Yanam,False,True,MBA,"communication,marketing,hr-management,java,sql",Finance,Jaipur,7.8,False
C1711,Neha Yadav,20,Female,ST,Delhi,South West Delhi,False,False,MBA,"c++,finance,digital-marketing,civil",Agriculture,Hyderabad,7.1,False
C1712,Rudra Yadav,21,Male,ST,Uttar Pradesh,Agra,False,False,BBA,"graphic-design,cad",Healthcare,Any,7.9,False
C1713,Pallavi Ghosh,21,Female,General,Gujarat,Rajkot,False,False,MBA,"content-writing,teamwork,marketing,data-analysis,electrical",IT,Delhi,6.0,True
C1714,Rekha Choudhary,22,Female,General,Andhra Pradesh,Krishna,False,False,BA,"critical-thinking,teaching,hr-management,sql,electrical",IT,Indore,6.9,False
C1715,Rakesh Yadav,22,Male,SC,West Bengal,Howrah,False,True,MCA,"marketing,problem-solving,machine-learning,python,javascript",IT,Any,8.3,False
C1716,Sam Das,20,Other,SC,Odisha,Rayagada,False,False,BA,"cad,sql,research,finance,problem-solving",Healthcare,Jaipur,6.1,True
C1717,Ayaan Reddy,23,Male,General,Kerala,Kozhikode,False,True,B.Tech,"graphic-design,mechanical",Finance,Indore,7.3,False
C1718,Atharv Dubey,24,Male,General,Madhya Pradesh,Guna,False,False,B.Tech,"cad,research,finance",Manufacturing,Any,8.9,False
C1719,Ananya Patel,20,Female,OBC,Andhra Pradesh,Anantapur,False,False,B.Com,"mechanical,electrical,communication,javascript",Education,Vadodara,7.9,False
C1720,Sunil Nair,22,Male,ST,Kerala,Palakkad,False,False,BBA,"machine-learning,marketing",Education,Pune,7.9,False
C1721,Jyoti Joshi,23,Female,General,Kerala,Ernakulam,False,False,BSc,"c++,communication",Agriculture,Any,7.3,False
C1722,Sonal Khanna,23,Female,General,Jharkhand,Pashchimi Singhbhum,True,False,B.Tech,"hr-management,cad,c++,agriculture,digital-marketing",Manufacturing,Gurgaon,6.7,False
C1723,Mohit Kulkarni,23,Male,General,Chandigarh,Chandigarh,False,False,B.Tech,"healthcare,research,graphic-design",Finance,Indore,9.1,False
C1724,Pallavi Kapoor,25,Female,OBC,Bihar,Nalanda,False,True,BA,"graphic-design,marketing,project-management,agriculture,leadership",Manufacturing,Ahmedabad,7.3,False
C1725,Ishaan Krishnan,22,Male,ST,Manipur,Bishnupur,False,False,B.Tech,"hr-management,healthcare,critical-thinking,accounting,civil",Healthcare,Any,7.7,False
C1726,Sunita Khan,25,Female,SC,Andhra Pradesh,Y.S.R. Kadapa,True,True,BSc,"communication,teamwork",Agriculture,Mumbai,7.8,False
C1727,Rekha Roy,23,Female,General,Sikkim,East District,False,False,MBA,"mechanical,teamwork",IT,Coimbatore,7.7,True
C1728,Alex Das,20,Other,General,Dadra and Nagar Haveli and Daman and Diu,Dadra and Nagar Haveli,False,True,MBA,"healthcare,agriculture,civil",Agriculture,Any,7.4,False
C1729,Kabir Kulkarni,22,Other,OBC,Telangana,Adilabad,False,False,B.Tech,"data-analysis,mechanical,teamwork,electrical,python",Agriculture,Any,9.1,False
C1730,Meera Ahmed,20,Female,SC,Gujarat,Ahmedabad,False,True,BBA,"hr-management,machine-learning,civil",IT,Any,8.3,False
C1731,Varun Desai,21,Male,SC,Jammu and Kashmir,Srinagar,True,True,BBA,"marketing,c++,mechanical,digital-marketing,excel",Healthcare,Any,7.6,False
C1732,Isha Jadhav,21,Female,OBC,Odisha,Gajapati,False,False,MBA,"machine-learning,healthcare,c++,hr-management,javascript",Agriculture,Lucknow,6.9,False
C1733,Morgan Rajan,23,Other,General,Chhattisgarh,Mahasamund,True,True,B.Com,"teaching,problem-solving",IT,Any,6.3,False
C1734,Anita Ghosh,22,Female,ST,Andaman and Nicobar Islands,North and Middle Andaman,False,False,B.Com,"marketing,java",Healthcare,Chennai,7.2,False
C1735,Shaurya Nair,25,Male,OBC,Bihar,Khagaria,False,True,B.Tech,"leadership,supply-chain,c++",Finance,Indore,7.5,False
C1736,Reyansh Mishra,24,Male,General,Ladakh,Leh,False,True,B.Com,"excel,communication",Healthcare,Any,7.9,False
C1737,Pallavi Mirza,25,Female,ST,Manipur,Churachandpur,True,False,B.Com,"mechanical,graphic-design,agriculture,research,accounting",IT,Any,7.7,False
C1738,Casey Roy,20,Other,OBC,Madhya Pradesh,Jabalpur,False,False,MCA,"mechanical,electrical,content-writing,communication",Healthcare,Indore,8.0,False
C1739,Vandana Shetty,22,Female,OBC,Madhya Pradesh,Sagar,False,False,BA,"healthcare,finance,javascript,supply-chain",Agriculture,Vadodara,7.7,False
C1740,Aarav Kumar,21,Male,General,Andhra Pradesh,Y.S.R. Kadapa,True,True,B.Tech,"teaching,sql",Agriculture,Vadodara,6.8,False
C1741,Casey Siddiqui,25,Other,General,Nagaland,Kohima,False,True,BSc,"hr-management,c++,accounting",Manufacturing,Bhubaneswar,7.7,False
C1742,Sunita Menon,20,Female,General,Bihar,Nalanda,False,False,BA,"research,supply-chain,communication,project-management,content-writing",Manufacturing,Any,8.4,False
C1743,Pallavi Ghosh,22,Female,EWS,Chandigarh,Chandigarh,False,False,B.Tech,"cad,civil,digital-marketing",Education,Coimbatore,7.1,False
C1744,Gaurav Bhatia,20,Male,ST,Manipur,Churachandpur,False,False,B.Tech,"marketing,hr-management,excel,java,graphic-design",IT,Any,6.6,False
C1745,Aanya Reddy,24,Female,General,Lakshadweep,Agatti,False,False,MCA,"javascript,data-analysis",Agriculture,Indore,8.5,False
C1746,Vandana Mehta,22,Female,OBC,Chhattisgarh,Narayanpur,True,False,BA,"agriculture,leadership,hr-management,problem-solving",Healthcare,Noida,7.4,False
C1747,Usha Shaikh,24,Female,General,Maharashtra,Osmanabad,True,True,B.Tech,"finance,javascript,hr-management,digital-marketing",IT,Nagpur,8.7,True
C1748,Pranav Dubey,24,Male,OBC,Lakshadweep,Kavaratti,False,True,BBA,"project-management,c++",Manufacturing,Indore,7.1,False
C1749,Avni Yadav,25,Female,SC,Odisha,Kalahandi,False,True,B.Com,"agriculture,graphic-design,civil,problem-solving",Education,Delhi,8.0,False
C1750,Anjali Mukherjee,23,Female,General,Goa,North Goa,False,False,BSc,"problem-solving,agriculture,research,electrical",Agriculture,Chennai,7.8,False
C1751,Ritu Singh,24,Female,EWS,Goa,North Goa,False,False,MBA,"hr-management,c++,content-writing",Agriculture,Jaipur,6.4,False
C1752,Aditi Tiwari,20,Female,ST,Goa,North Goa,False,True,BBA,"leadership,python,java,teaching",Education,Any,7.2,False
C1753,Aanya Pillai,20,Other,General,Gujarat,Surat,False,True,MCA,"python,accounting,supply-chain,excel,javascript",Finance,Ahmedabad,7.2,True
C1754,Aarohi Patel,24,Female,OBC,Jharkhand,Hazaribagh,True,True,B.Com,"python,digital-marketing",Finance,Bangalore,7.0,False
C1755,Vivek Qureshi,25,Male,SC,Delhi,East Delhi,False,False,BSc,"teaching,mechanical,communication,marketing,finance",Finance,Chennai,8.1,False
C1756,Diya Gupta,25,Female,OBC,Arunachal Pradesh,Changlang,True,False,B.Tech,"communication,hr-management",Education,Coimbatore,8.1,False
C1757,Gaurav Arora,22,Male,General,Tripura,Unakoti,False,True,BSc,"civil,machine-learning",Finance,Any,6.9,False
C1758,Deepa Hussain,24,Female,General,Tripura,Dhalai,True,False,MBA,"c++,excel,healthcare,leadership",Education,Any,6.0,False
C1759,Naveen Siddiqui,21,Male,General,Odisha,Malkangiri,False,False,BA,"machine-learning,teaching,digital-marketing,hr-management",IT,Any,7.5,False
C1760,Anjali Mishra,21,Female,EWS,Kerala,Alappuzha,False,False,B.Com,"machine-learning,marketing,c++,python",Healthcare,Coimbatore,8.3,False
C1761,Naveen Dubey,22,Male,SC,Nagaland,Mokokchung,False,False,B.Com,"excel,graphic-design,data-analysis,java,supply-chain",IT,Any,6.0,False
C1762,Sunil Hussain,22,Male,EWS,Goa,North Goa,False,False,B.Tech,"project-management,graphic-design,machine-learning,teamwork,data-analysis",Healthcare,Any,7.0,True
C1763,Vikram Ghosh,24,Male,General,Himachal Pradesh,Una,False,True,BBA,"machine-learning,graphic-design",Healthcare,Kochi,6.6,False
C1764,Ankit Ghosh,24,Male,General,Gujarat,Gandhinagar,False,True,B.Com,"critical-thinking,machine-learning,mechanical,digital-marketing,javascript",IT,Any,6.4,False
C1765,Aarav Choudhary,24,Male,EWS,Madhya Pradesh,Bhopal,True,False,B.Tech,"mechanical,electrical,javascript,problem-solving,civil",Finance,Any,6.9,False
C1766,Sonal Gupta,25,Female,General,Dadra and Nagar Haveli and Daman and Diu,Daman,False,True,B.Com,"hr-management,mechanical,python,healthcare,supply-chain",Education,Any,6.7,False
C1767,Tanvi Malhotra,25,Female,OBC,Haryana,Rohtak,False,True,BSc,"hr-management,research",Manufacturing,Any,7.2,False
C1768,Aryan Shaikh,25,Male,General,Madhya Pradesh,Indore,False,False,B.Tech,"problem-solving,content-writing,javascript,machine-learning",IT,Kolkata,7.0,False
C1769,Gaurav Menon,23,Male,OBC,Jammu and Kashmir,Jammu,False,True,B.Tech,"communication,teaching,hr-management,research",Manufacturing,Ahmedabad,9.3,False
C1770,Vivaan Subramanian,21,Male,SC,Sikkim,East District,False,False,B.Com,"electrical,javascript,civil,teamwork,java",Manufacturing,Gurgaon,7.6,False
C1771,Ira Shaikh,22,Female,General,Bihar,Araria,True,False,MBA,"healthcare,communication",Finance,Any,6.2,False
C1772,Geeta Desai,22,Female,General,Andhra Pradesh,Y.S.R. Kadapa,True,True,MBA,"critical-thinking,accounting,research",Energy,Any,6.9,True
C1773,Sneha Mukherjee,24,Female,General,Ladakh,Leh,False,False,BBA,"finance,marketing,civil,healthcare,data-analysis",IT,Vadodara,6.7,True
C1774,Suresh Kumar,23,Male,General,Arunachal Pradesh,Lower Subansiri,False,False,B.Com,"cad,critical-thinking,mechanical",IT,Any,7.4,False
C1775,Avni Malhotra,22,Female,General,Manipur,Imphal West,False,False,B.Tech,"java,python,sql",Finance,Lucknow,6.7,False
C1776,Morgan Krishnan,24,Other,SC,Jammu and Kashmir,Pulwama,False,False,BSc,"problem-solving,python",Education,Gurgaon,6.6,False
C1777,Isha Kapoor,23,Female,SC,Mizoram,Mamit,True,True,B.Com,"javascript,sql,data-analysis",Manufacturing,Ahmedabad,6.5,False
C1778,Manoj Subramanian,22,Male,OBC,Chhattisgarh,Narayanpur,True,False,MBA,"marketing,project-management,communication,excel",Healthcare,Pune,5.8,False
C1779,Karan Joshi,21,Male,General,Meghalaya,Ribhoi,False,False,B.Com,"finance,excel,healthcare,supply-chain",Healthcare,Any,8.8,False
C1780,Rudra Thakur,22,Male,OBC,Uttar Pradesh,Varanasi,False,False,BBA,"electrical,research,problem-solving,graphic-design",Education,Pune,7.3,False
C1781,Sanjay Thakur,24,Male,ST,Punjab,Firozpur,True,True,B.Tech,"python,c++,project-management,cad,marketing",Healthcare,Ahmedabad,6.9,False
C1782,Pari Joshi,22,Female,SC,Andhra Pradesh,Guntur,False,False,B.Com,"digital-marketing,hr-management,supply-chain",Manufacturing,Any,8.2,False
C1783,Preeti Tiwari,25,Female,EWS,Rajasthan,Jodhpur,False,True,BSc,"project-management,c++",IT,Any,7.9,False
C1784,Sai Verma,24,Male,OBC,Odisha,Dhenkanal,False,False,B.Tech,"mechanical,excel,critical-thinking,teamwork,communication",IT,Any,7.7,False
C1785,Ravi Dubey,22,Male,General,Gujarat,Dahod,False,False,B.Tech,"graphic-design,javascript,agriculture",Manufacturing,Any,7.0,False
C1786,Riya Choudhary,24,Female,General,Jharkhand,Godda,True,False,BSc,"healthcare,sql,research",Education,Coimbatore,5.9,False
C1787,Jyoti Sharma,21,Female,OBC,West Bengal,Dakshin Dinajpur,False,False,B.Com,"teaching,problem-solving,accounting,leadership",Manufacturing,Bhubaneswar,5.3,False
C1788,Pranav Gupta,24,Male,General,Himachal Pradesh,Una,False,True,BA,"critical-thinking,javascript,sql,teaching,content-writing",Finance,Any,8.2,True
C1789,Isha Pandey,22,Female,OBC,Himachal Pradesh,Kangra,False,True,B.Com,"python,marketing",IT,Any,6.6,False
C1790,Manish Gaikwad,20,Male,EWS,Uttar Pradesh,Kanpur Nagar,False,True,B.Com,"leadership,finance,machine-learning,data-analysis,graphic-design",Finance,Kochi,8.3,False
C1791,Jyoti Singh,24,Female,SC,Tripura,South Tripura,False,False,B.Tech,"critical-thinking,agriculture,supply-chain,javascript",IT,Lucknow,6.6,False
C1792,Kavita Kapoor,21,Female,ST,Madhya Pradesh,Guna,False,True,B.Tech,"teamwork,critical-thinking,mechanical",Education,Mumbai,9.3,False
C1793,Vandana Sen,24,Female,EWS,Telangana,Medchal,False,True,MBA,"graphic-design,mechanical,project-management",Manufacturing,Vadodara,7.9,False
C1794,Rekha Kumar,24,Female,General,Telangana,Nalgonda,False,False,BA,"mechanical,critical-thinking,digital-marketing,teamwork",Healthcare,Coimbatore,8.2,False
C1795,Aarohi Gaikwad,21,Female,ST,Goa,North Goa,True,False,MCA,"machine-learning,digital-marketing,accounting",Manufacturing,Any,7.1,False
C1796,Pari Pandey,22,Female,OBC,Meghalaya,East Garo Hills,False,False,B.Tech,"teaching,mechanical,critical-thinking",Manufacturing,Any,7.4,True
C1797,Kavya Ali,20,Female,OBC,Nagaland,Tuensang,False,True,BBA,"electrical,teaching,content-writing",Energy,Any,5.6,False
C1798,Ankit Siddiqui,23,Male,SC,West Bengal,Nadia,True,True,MCA,"supply-chain,data-analysis,healthcare,electrical",Agriculture,Any,7.3,False
C1799,Manoj Hussain,21,Male,General,Dadra and Nagar Haveli and Daman and Diu,Diu,False,False,B.Com,"leadership,cad,critical-thinking,supply-chain",Manufacturing,Gurgaon,6.5,False
C1800,Manoj Khan,21,Male,General,Rajasthan,Alwar,False,False,B.Com,"agriculture,teaching,communication,digital-marketing",Education,Any,6.5,False
C1801,Sonal Farooqui,24,Female,General,Rajasthan,Udaipur,True,True,B.Tech,"accounting,marketing",IT,Any,6.4,False
C1802,Deepa Rao,20,Female,General,Mizoram,Aizawl,False,False,BA,"communication,java,cad",IT,Bangalore,6.8,False
C1803,Manish Ansari,21,Male,OBC,Bihar,Banka,False,True,B.Tech,"javascript,teaching,mechanical,sql",Finance,Any,6.6,False
C1804,Aryan Mishra,23,Male,General,Goa,North Goa,True,False,MBA,"javascript,research,content-writing,java",Manufacturing,Any,6.6,False
C1805,Ankit Jain,25,Male,General,Uttarakhand,Almora,False,False,BSc,"teamwork,problem-solving",Manufacturing,Gurgaon,5.7,False
C1806,Ira Rao,24,Female,ST,Odisha,Gajapati,False,True,MCA,"research,javascript,java,electrical,content-writing",Energy,Vadodara,5.8,False
C1807,Kavita Agarwal,23,Female,General,Rajasthan,Alwar,False,False,B.Tech,"project-management,electrical,marketing,content-writing,civil",IT,Mumbai,7.7,False
C1808,Abhishek Hegde,20,Male,OBC,Puducherry,Puducherry,False,True,B.Tech,"supply-chain,finance",Finance,Any,6.9,False
C1809,Shreya Qureshi,23,Female,OBC,Delhi,New Delhi,False,False,BA,"teaching,communication,cad,hr-management",Agriculture,Any,7.5,False
C1810,Ankit Nair,22,Male,OBC,Punjab,Hoshiarpur,False,False,B.Tech,"machine-learning,accounting,java,excel",Education,Kolkata,8.6,False
C1811,Ira Tiwari,24,Female,OBC,Uttarakhand,Almora,False,False,BBA,"problem-solving,python,leadership",Healthcare,Delhi,7.9,False
C1812,Vivaan Qureshi,22,Male,OBC,Maharashtra,Solapur,False,True,BBA,"content-writing,excel",IT,Chennai,6.4,False
C1813,Krishna Mehta,21,Male,ST,Kerala,Wayanad,True,False,BA,"sql,mechanical,project-management",Healthcare,Any,6.5,False
C1814,Harsh Krishnan,21,Male,General,Punjab,Bathinda,False,False,B.Com,"accounting,c++,finance",Manufacturing,Any,8.5,False
C1815,Avni Mehta,22,Female,ST,Manipur,Chandel,False,False,B.Com,"digital-marketing,communication,civil,machine-learning",IT,Any,8.8,False
C1816,Sara Banerjee,22,Female,ST,Uttar Pradesh,Chandauli,False,False,B.Tech,"accounting,marketing",Education,Any,7.2,False
C1817,Aadi Banerjee,24,Male,General,Gujarat,Surat,True,False,BBA,"teaching,mechanical",Manufacturing,Kochi,7.8,False
C1818,Akash Patil,20,Male,General,Assam,Dhubri,False,False,BBA,"data-analysis,digital-marketing",IT,Kolkata,8.5,False
C1819,Swati Hussain,23,Female,General,Tamil Nadu,Salem,False,True,BA,"finance,excel,graphic-design,accounting",Education,Any,5.3,False
C1820,Manoj Rajan,25,Male,ST,Puducherry,Puducherry,False,False,MBA,"civil,healthcare",IT,Hyderabad,6.4,True
C1821,Rajesh Tiwari,24,Male,OBC,Sikkim,East District,False,True,BA,"mechanical,healthcare,content-writing,research,teaching",Manufacturing,Noida,8.9,True
C1822,Akash Pillai,20,Male,General,Goa,South Goa,False,False,BSc,"digital-marketing,research,healthcare",Manufacturing,Gurgaon,6.7,False
C1823,Mohit Khanna,24,Male,ST,Jammu and Kashmir,Pulwama,False,False,BBA,"agriculture,data-analysis,python,graphic-design",Agriculture,Kolkata,5.0,True
C1824,Swati Malhotra,24,Female,General,Karnataka,Mysuru,False,False,MBA,"mechanical,c++,finance,hr-management",Energy,Chandigarh,8.3,False
C1825,Yash Ali,21,Male,SC,Jharkhand,Ramgarh,False,False,BSc,"electrical,teaching,problem-solving,cad,critical-thinking",IT,Any,7.9,False
C1826,Meera Yadav,25,Female,ST,Maharashtra,Nagpur,True,False,MBA,"critical-thinking,research,project-management,data-analysis,leadership",Manufacturing,Indore,6.3,False
C1827,Manoj Khan,24,Male,ST,Meghalaya,East Garo Hills,False,False,B.Com,"mechanical,accounting",IT,Chennai,5.8,True
C1828,Sonal Farooqui,23,Female,General,Chhattisgarh,Durg,False,True,BA,"agriculture,teaching,cad,electrical",Agriculture,Chandigarh,6.7,False
C1829,Rudra Shetty,22,Male,General,Uttar Pradesh,Agra,False,False,B.Com,"machine-learning,python,healthcare,c++",IT,Hyderabad,6.0,False
C1830,Laxmi Shah,24,Female,General,Sikkim,South District,False,False,MCA,"content-writing,teaching,marketing,data-analysis",IT,Any,7.6,False
C1831,Sonal Verma,25,Female,OBC,Tamil Nadu,Vellore,False,False,B.Com,"critical-thinking,graphic-design,machine-learning,teaching",Finance,Nagpur,8.9,False
C1832,Krishna Bhatia,22,Male,General,Jharkhand,Palamu,True,True,B.Tech,"supply-chain,python,marketing,electrical,data-analysis",IT,Any,7.4,False
C1833,Vandana Bose,24,Female,ST,Assam,Hailakandi,True,True,MCA,"data-analysis,electrical,leadership,finance",IT,Any,8.1,False
C1834,Aarav Khanna,21,Male,General,Rajasthan,Jaipur,False,False,BSc,"marketing,problem-solving,civil",IT,Mumbai,8.4,True
C1835,Dhruv Chopra,23,Male,SC,Manipur,Imphal East,False,False,BSc,"digital-marketing,data-analysis,machine-learning,supply-chain,finance",Energy,Nagpur,7.3,False
C1836,Reyansh Gaikwad,23,Male,OBC,Ladakh,Kargil,False,False,B.Tech,"research,teaching,communication",Education,Jaipur,6.6,False
C1837,Bhavna Dubey,21,Female,General,Odisha,Gajapati,False,False,BA,"python,teaching,mechanical,research",Agriculture,Any,6.0,False
C1838,Anita Kumar,21,Female,OBC,Manipur,Bishnupur,False,True,MBA,"teamwork,problem-solving,leadership,supply-chain,finance",Finance,Pune,7.5,False
C1839,Naveen Tiwari,23,Male,General,Odisha,Khordha,False,False,BSc,"civil,problem-solving,data-analysis,content-writing,cad",Energy,Vadodara,8.2,False
C1840,Priya Sen,22,Female,General,Sikkim,North District,False,False,MBA,"teaching,mechanical",Finance,Noida,6.3,False
C1841,Mohit Khanna,24,Male,EWS,Dadra and Nagar Haveli and Daman and Diu,Dadra and Nagar Haveli,False,False,MBA,"research,python,data-analysis,java",Manufacturing,Any,8.1,False
C1842,Sanjay Dubey,24,Male,EWS,Jharkhand,Pashchimi Singhbhum,True,True,MCA,"c++,data-analysis,accounting",Energy,Lucknow,8.4,False
C1843,Nisha Farooqui,24,Female,General,Telangana,Karimnagar,False,False,B.Tech,"electrical,project-management,research,communication",Manufacturing,Jaipur,6.1,False
C1844,Vihaan Shetty,20,Male,OBC,Gujarat,Rajkot,False,False,BBA,"machine-learning,accounting,leadership",Finance,Mumbai,5.0,False
C1845,Usha More,20,Female,ST,Jharkhand,Simdega,True,False,BBA,"marketing,mechanical,critical-thinking",Education,Any,8.7,False
C1846,Advik Singh,24,Male,General,Gujarat,Ahmedabad,True,True,B.Tech,"javascript,python,sql,java",Manufacturing,Kochi,5.0,False
C1847,Arjun Siddiqui,25,Male,OBC,Puducherry,Karaikal,False,True,BBA,"machine-learning,communication,healthcare,sql",Agriculture,Indore,8.0,False
C1848,Advik Farooqui,20,Male,OBC,Himachal Pradesh,Chamba,False,False,B.Tech,"c++,python,mechanical",Finance,Pune,7.5,False
C1849,Naveen Kulkarni,24,Male,EWS,Jammu and Kashmir,Pulwama,False,False,B.Tech,"supply-chain,digital-marketing,javascript,teaching,accounting",Finance,Gurgaon,6.1,False
C1850,Manisha Shetty,21,Female,General,Sikkim,South District,False,True,BA,"javascript,critical-thinking,hr-management,supply-chain,sql",Education,Any,7.5,True
C1851,Pooja Patil,20,Female,OBC,Jharkhand,Bokaro,False,True,BBA,"excel,cad,graphic-design,problem-solving,content-writing",Healthcare,Bangalore,7.6,False
C1852,Reyansh Chatterjee,21,Male,EWS,Punjab,Moga,True,False,BSc,"civil,hr-management,accounting,marketing,sql",IT,Vadodara,8.4,False
C1853,Vandana Roy,22,Female,OBC,Goa,North Goa,False,False,B.Tech,"healthcare,hr-management,javascript,sql,digital-marketing",IT,Any,8.2,False
C1854,Navya Ali,22,Female,General,Kerala,Thrissur,False,False,BBA,"python,leadership,electrical,accounting",Finance,Bhubaneswar,7.3,False
C1855,Nisha Shah,24,Female,EWS,Uttar Pradesh,Fatehpur,True,False,BSc,"sql,python,mechanical,project-management",IT,Kochi,7.6,False
C1856,Laxmi Ansari,22,Female,General,Puducherry,Mahe,False,True,BBA,"javascript,teamwork,electrical,excel",Finance,Delhi,7.3,False
C1857,Aarav Banerjee,22,Other,OBC,Bihar,Gaya,False,True,BBA,"teamwork,excel,machine-learning",Manufacturing,Kochi,7.8,False
C1858,Yash Malhotra,24,Male,EWS,Arunachal Pradesh,Tawang,False,False,BA,"content-writing,research",Agriculture,Any,5.2,False
C1859,Pari Sharma,21,Female,EWS,Delhi,North Delhi,False,True,B.Com,"cad,data-analysis,supply-chain,sql",Healthcare,Bangalore,6.1,False
C1860,Ira Mishra,21,Female,OBC,Gujarat,Surat,False,False,BA,"marketing,excel,java",Agriculture,Delhi,7.2,False
C1861,Ankit Iyer,21,Male,General,Sikkim,West District,False,False,BSc,"leadership,agriculture",IT,Delhi,6.7,False
C1862,Varun Khan,25,Male,General,Bihar,Patna,True,False,B.Com,"teaching,supply-chain",IT,Any,8.0,True
C1863,Deepa Gaikwad,23,Female,General,Chandigarh,Chandigarh,False,False,B.Tech,"content-writing,critical-thinking,problem-solving,javascript,python",IT,Any,5.0,True
C1864,Rani Ansari,22,Female,General,Jharkhand,Purbi Singhbhum,True,True,MCA,"javascript,java",Finance,Chandigarh,5.3,False
C1865,Aditya Joshi,22,Male,OBC,Odisha,Nabarangpur,False,False,B.Tech,"java,critical-thinking,civil",IT,Gurgaon,9.2,True
C1866,Avni Malhotra,22,Female,General,Puducherry,Yanam,False,False,B.Tech,"teaching,marketing",IT,Pune,7.4,False
C1867,Arjun Iyer,24,Male,SC,Puducherry,Mahe,False,False,BA,"data-analysis,content-writing",IT,Indore,7.2,False
C1868,Riya Chopra,23,Female,EWS,Manipur,Bishnupur,False,True,MBA,"electrical,project-management",Finance,Pune,5.4,True
C1869,Ajay Kapoor,25,Male,General,Punjab,Amritsar,False,False,B.Tech,"teaching,marketing,problem-solving",Energy,Any,6.2,False
C1870,Nikhil Subramanian,20,Male,General,Uttar Pradesh,Prayagraj,False,True,MCA,"project-management,agriculture,accounting,sql,machine-learning",Energy,Any,6.1,False
C1871,Komal More,21,Female,OBC,Kerala,Kannur,False,False,MBA,"data-analysis,finance,cad,marketing",IT,Gurgaon,7.8,False
C1872,Reyansh Mishra,25,Male,EWS,Andhra Pradesh,Krishna,False,False,B.Tech,"javascript,java,civil,teamwork",IT,Any,7.6,False
C1873,Ira Hussain,21,Female,SC,Kerala,Thiruvananthapuram,False,False,BBA,"javascript,leadership,marketing",Energy,Ahmedabad,7.4,False
C1874,Rahul Hegde,21,Male,OBC,Telangana,Adilabad,False,False,BSc,"teaching,communication,cad,electrical,accounting",IT,Any,7.2,False
C1875,Akash Iyer,24,Male,OBC,Jammu and Kashmir,Kathua,False,True,MBA,"teamwork,sql",Education,Any,8.2,False
C1876,Pallavi Roy,20,Female,General,Meghalaya,West Garo Hills,False,False,BA,"project-management,cad,sql,civil",Education,Any,7.8,False
C1877,Suman Pandey,24,Female,General,Andhra Pradesh,Y.S.R. Kadapa,True,False,B.Com,"sql,electrical,mechanical,accounting",Agriculture,Kolkata,6.6,False
C1878,Rahul Das,23,Male,General,Punjab,Jalandhar,False,False,BBA,"marketing,civil,machine-learning",IT,Any,5.9,False
C1879,Sanjay Shetty,24,Male,OBC,Manipur,Bishnupur,False,True,B.Tech,"java,agriculture,excel",Education,Any,5.7,True
C1880,Anika Shaikh,23,Female,ST,Puducherry,Yanam,False,True,B.Com,"research,cad,python,communication,c++",IT,Nagpur,7.5,False
C1881,Dhruv Hussain,23,Male,General,Andhra Pradesh,Krishna,False,False,B.Com,"healthcare,project-management,python",IT,Jaipur,7.0,False
C1882,Alex Pillai,22,Other,OBC,Himachal Pradesh,Una,False,False,MCA,"teaching,healthcare",Healthcare,Any,6.6,True
C1883,Anika Pandey,24,Female,OBC,Punjab,Amritsar,False,False,B.Tech,"problem-solving,agriculture",IT,Coimbatore,6.1,False
C1884,Rekha Desai,22,Female,EWS,Kerala,Palakkad,False,True,MBA,"research,java",IT,Lucknow,7.4,False
C1885,Sanjay Khan,25,Male,SC,Punjab,Ludhiana,False,False,MBA,"python,graphic-design",Manufacturing,Any,6.5,False
C1886,Shreya Banerjee,22,Female,General,Sikkim,North District,False,True,MBA,"javascript,electrical,content-writing",Education,Coimbatore,7.5,False
C1887,Sanjay Krishnan,20,Male,SC,Haryana,Nuh,False,True,BSc,"electrical,project-management,java,graphic-design",Finance,Nagpur,8.8,False
C1888,Sam Khanna,24,Other,OBC,Manipur,Thoubal,False,True,B.Tech,"cad,project-management",IT,Any,8.0,False
C1889,Ananya Joshi,22,Female,SC,Tamil Nadu,Vellore,False,False,B.Com,"civil,c++,java,content-writing,cad",IT,Mumbai,6.4,True
C1890,Dhruv Ansari,25,Male,OBC,Telangana,Adilabad,True,False,B.Tech,"sql,agriculture,civil,healthcare",Education,Any,8.7,False
C1891,Varun Malhotra,23,Male,OBC,Andhra Pradesh,West Godavari,False,False,B.Tech,"content-writing,project-management",Healthcare,Bangalore,6.5,False
C1892,Casey Arora,22,Other,ST,Chhattisgarh,Raipur,True,False,BBA,"civil,teamwork,problem-solving,content-writing,graphic-design",Agriculture,Mumbai,7.9,True
C1893,Meera Qureshi,20,Female,General,Arunachal Pradesh,Changlang,False,False,B.Com,"python,marketing",Manufacturing,Any,6.3,False
C1894,Karan Shaikh,21,Male,General,Jammu and Kashmir,Anantnag,False,False,B.Com,"finance,javascript,project-management,agriculture,teamwork",IT,Any,6.1,False
C1895,Sachin Desai,20,Male,ST,Dadra and Nagar Haveli and Daman and Diu,Daman,False,False,MBA,"leadership,machine-learning,teaching,mechanical,data-analysis",Finance,Any,7.4,False
C1896,Aarohi Patel,25,Female,General,Sikkim,North District,False,False,B.Com,"sql,cad,civil",IT,Any,7.6,False
C1897,Manisha Mukherjee,24,Female,SC,Chhattisgarh,Bijapur,False,False,BA,"python,marketing,java",Finance,Any,5.4,False
C1898,Myra Ahmed,22,Female,EWS,Assam,Darrang,True,True,B.Tech,"graphic-design,marketing",IT,Any,8.6,False
C1899,Isha Gaikwad,25,Female,OBC,Manipur,Imphal East,False,False,BBA,"leadership,cad,supply-chain",IT,Jaipur,7.6,False
C1900,Nisha Reddy,20,Female,General,Delhi,Shahdara,False,False,BA,"excel,communication,content-writing,machine-learning",Finance,Hyderabad,8.2,True
C1901,Pooja Gupta,22,Female,SC,Jammu and Kashmir,Kathua,True,False,B.Tech,"machine-learning,graphic-design,agriculture,teamwork",Healthcare,Any,6.7,False
C1902,Avni Ansari,25,Female,OBC,Uttar Pradesh,Chitrakoot,False,True,BSc,"sql,teaching,marketing,teamwork,healthcare",Education,Any,9.1,False
C1903,Pooja Ali,24,Female,General,Uttar Pradesh,Moradabad,False,True,BSc,"data-analysis,electrical,civil",Education,Jaipur,7.0,False
C1904,Karan Ghosh,25,Male,EWS,Nagaland,Mon,False,False,B.Tech,"java,agriculture",Manufacturing,Any,6.0,False
C1905,Harsh Verma,22,Male,ST,Andaman and Nicobar Islands,North and Middle Andaman,False,True,B.Com,"teaching,machine-learning,problem-solving,healthcare",Education,Any,6.6,False
C1906,Sunil Ghosh,25,Male,OBC,Assam,Jorhat,False,True,B.Tech,"critical-thinking,python,javascript,finance",Finance,Coimbatore,5.7,False
C1907,Karan Patil,23,Male,OBC,Tamil Nadu,Coimbatore,False,True,BSc,"machine-learning,agriculture,communication,critical-thinking,data-analysis",IT,Kochi,8.0,False
C1908,Amit Verma,21,Male,General,Mizoram,Lunglei,False,True,B.Tech,"agriculture,teamwork,python",Healthcare,Any,5.1,False
C1909,Rahul Mehta,20,Male,SC,Lakshadweep,Kavaratti,False,False,B.Tech,"python,hr-management,accounting,leadership",Manufacturing,Delhi,6.5,False
C1910,Mohit Arora,20,Male,General,Bihar,Banka,False,False,B.Com,"mechanical,agriculture,finance,marketing",Energy,Mumbai,6.1,False
C1911,Advik Bhatia,22,Male,SC,Andhra Pradesh,Anantapur,False,True,MBA,"communication,cad,healthcare,teaching,c++",Energy,Any,6.7,False
C1912,Kabir More,22,Other,EWS,Karnataka,Yadgir,False,False,BSc,"java,javascript",Healthcare,Bangalore,7.0,False
C1913,Ayaan Pillai,21,Male,General,Manipur,Bishnupur,False,False,MCA,"finance,research,marketing,communication",Education,Chennai,5.7,False
C1914,Usha Sen,25,Female,OBC,Tamil Nadu,Chennai,True,True,BA,"critical-thinking,civil,excel,digital-marketing",IT,Any,6.9,False
C1915,Shaurya Bhatia,22,Male,OBC,Himachal Pradesh,Shimla,False,True,BBA,"supply-chain,leadership,java",Education,Indore,6.2,True
C1916,Pari Dubey,20,Female,EWS,Dadra and Nagar Haveli and Daman and Diu,Daman,False,False,B.Com,"accounting,communication",IT,Kolkata,8.2,False
C1917,Suresh Gupta,25,Male,General,Jammu and Kashmir,Anantnag,False,True,MBA,"teamwork,research,graphic-design",IT,Delhi,8.7,False
C1918,Yash Qureshi,24,Male,General,West Bengal,Jalpaiguri,False,True,B.Tech,"marketing,critical-thinking,electrical,healthcare",Manufacturing,Any,7.1,False
C1919,Ira Bhatia,20,Female,OBC,West Bengal,Hooghly,False,True,B.Tech,"mechanical,c++,data-analysis,teamwork,problem-solving",Agriculture,Any,9.2,False
C1920,Aadhya Hegde,20,Female,SC,Uttar Pradesh,Ghaziabad,False,True,BSc,"java,leadership,supply-chain,javascript",Agriculture,Chandigarh,7.6,False
C1921,Abhishek Reddy,24,Male,OBC,Punjab,Gurdaspur,False,False,B.Tech,"python,content-writing,hr-management,civil,communication",Agriculture,Jaipur,7.7,True
C1922,Geeta Sharma,23,Female,ST,Goa,North Goa,False,True,BA,"cad,healthcare,communication,c++,supply-chain",Manufacturing,Lucknow,7.6,False
C1923,Rekha Naidu,23,Female,OBC,West Bengal,Murshidabad,False,True,MCA,"content-writing,problem-solving,excel",Healthcare,Any,5.2,False
C1924,Aarav Bose,22,Male,OBC,Bihar,Muzaffarpur,True,True,B.Tech,"data-analysis,graphic-design,java",IT,Any,7.1,True
C1925,Arjun Ghosh,21,Male,General,Uttar Pradesh,Bahraich,True,True,B.Tech,"cad,digital-marketing,hr-management",IT,Bhubaneswar,6.8,False
C1926,Shalini Roy,25,Female,General,Andaman and Nicobar Islands,North and Middle Andaman,False,False,MBA,"supply-chain,finance",Manufacturing,Nagpur,9.4,False
C1927,Abhishek Verma,23,Male,General,Tamil Nadu,Erode,False,True,BA,"marketing,healthcare",IT,Any,7.2,False
C1928,Aanya Gupta,23,Female,OBC,Nagaland,Kiphire,True,False,BSc,"content-writing,python,mechanical",Manufacturing,Any,9.8,False
C1929,Shreya Mishra,21,Female,SC,Jammu and Kashmir,Kathua,False,False,MBA,"python,javascript",IT,Bangalore,7.4,False
C1930,Kavita Menon,23,Female,EWS,Delhi,West Delhi,False,False,B.Com,"civil,javascript,graphic-design",IT,Any,6.4,False
C1931,Aadi Menon,20,Male,OBC,Chhattisgarh,Bijapur,False,False,BBA,"project-management,healthcare,hr-management,electrical",Healthcare,Any,8.5,False
C1932,Aditi Ahmed,25,Female,ST,Uttar Pradesh,Lucknow,False,False,B.Tech,"project-management,javascript,data-analysis,leadership,mechanical",Education,Bangalore,6.6,False
C1933,Vivek Khanna,25,Male,OBC,Haryana,Rohtak,False,False,MCA,"healthcare,javascript",Agriculture,Chandigarh,7.7,False
C1934,Sneha Chopra,22,Female,ST,Kerala,Kozhikode,False,False,B.Com,"c++,cad,machine-learning,project-management,digital-marketing",Energy,Any,6.0,False
C1935,Anil Pillai,23,Male,EWS,Jammu and Kashmir,Baramulla,True,False,MBA,"supply-chain,healthcare,marketing",IT,Any,5.5,False
C1936,Manish Bhatia,22,Male,General,Assam,Barpeta,False,False,BBA,"javascript,machine-learning,teaching,excel,cad",IT,Gurgaon,6.1,False
C1937,Riya Thakur,25,Female,SC,Himachal Pradesh,Hamirpur,True,False,B.Tech,"mechanical,data-analysis",Energy,Any,6.8,False
C1938,Ankit Banerjee,23,Male,OBC,Manipur,Imphal West,False,True,B.Com,"communication,machine-learning,c++,data-analysis,mechanical",Manufacturing,Pune,5.6,False
C1939,Preeti More,20,Female,SC,Karnataka,Ballari,False,False,MBA,"project-management,javascript,machine-learning,healthcare",Healthcare,Gurgaon,6.7,False
C1940,Siddharth Yadav,22,Male,General,Nagaland,Tuensang,True,False,MBA,"c++,graphic-design,javascript,teaching,finance",Manufacturing,Any,7.4,False
C1941,Rudra Das,24,Male,EWS,Uttarakhand,Udham Singh Nagar,True,False,BSc,"accounting,cad",Manufacturing,Any,7.4,False
C1942,Ravi Siddiqui,21,Male,SC,Nagaland,Mokokchung,False,False,MCA,"c++,mechanical,cad",IT,Indore,7.3,False
C1943,Riya Ghosh,21,Other,ST,Chhattisgarh,Mahasamund,True,True,BBA,"content-writing,python,critical-thinking",IT,Chandigarh,6.7,True
C1944,Aarohi Mehta,21,Female,General,Bihar,Bhagalpur,False,True,MCA,"data-analysis,project-management,excel,critical-thinking",Education,Nagpur,5.0,False
C1945,Kabir Ahmed,21,Male,OBC,Jammu and Kashmir,Pulwama,False,True,MBA,"problem-solving,graphic-design,electrical,java,supply-chain",Healthcare,Mumbai,8.1,False
C1946,Bhavna Thakur,23,Female,EWS,Telangana,Rangareddy,False,True,MBA,"sql,civil",IT,Pune,7.1,False
C1947,Meera Roy,20,Female,General,Goa,South Goa,False,False,MBA,"machine-learning,finance,excel",IT,Pune,7.1,False
C1948,Navya Rajan,23,Female,SC,Jammu and Kashmir,Udhampur,False,True,B.Tech,"python,c++,hr-management,digital-marketing",Manufacturing,Noida,7.5,False
C1949,Kabir Bhatia,24,Other,SC,Punjab,Bathinda,False,True,BSc,"cad,content-writing,project-management,digital-marketing,agriculture",Agriculture,Hyderabad,6.1,False
C1950,Casey Menon,23,Other,ST,Telangana,Adilabad,False,True,B.Tech,"communication,critical-thinking,java",Energy,Mumbai,5.9,False
C1951,Manoj Ahmed,21,Male,General,Puducherry,Yanam,False,True,BSc,"healthcare,problem-solving,graphic-design,data-analysis",Finance,Chennai,6.1,False
C1952,Ajay Mukherjee,24,Male,ST,Ladakh,Kargil,False,False,B.Com,"excel,marketing,leadership,electrical,agriculture",IT,Any,6.4,False
C1953,Bhavna Sharma,22,Female,OBC,Uttarakhand,Dehradun,False,True,MBA,"healthcare,javascript,mechanical,java",IT,Any,7.5,False
C1954,Aanya Mishra,20,Female,OBC,Odisha,Cuttack,False,True,BSc,"communication,python,project-management,critical-thinking",Agriculture,Gurgaon,8.3,False
C1955,Manish Sharma,22,Male,General,Manipur,Ukhrul,False,False,B.Com,"c++,agriculture,digital-marketing,leadership,critical-thinking",IT,Any,6.2,True
C1956,Shalini Jadhav,21,Female,General,Karnataka,Ballari,False,False,B.Tech,"agriculture,python",Manufacturing,Nagpur,6.5,False
C1957,Nisha Pandey,20,Female,General,Uttarakhand,Nainital,False,False,MCA,"teamwork,critical-thinking,accounting,excel,electrical",Healthcare,Any,5.6,False
C1958,Swati Hussain,22,Female,ST,Sikkim,North District,False,True,BSc,"electrical,finance",Education,Mumbai,7.3,False
C1959,Sara Patel,24,Female,OBC,Uttar Pradesh,Bahraich,False,True,B.Com,"teaching,data-analysis,java,healthcare,machine-learning",Finance,Gurgaon,7.0,False
C1960,Karan Dubey,24,Male,OBC,Rajasthan,Udaipur,False,True,BSc,"machine-learning,project-management,supply-chain",Manufacturing,Noida,7.7,False
C1961,Aarohi Iyer,22,Female,SC,Tripura,Dhalai,False,False,B.Tech,"sql,digital-marketing,marketing,excel",IT,Gurgaon,5.7,False
C1962,Karan Farooqui,20,Male,General,Maharashtra,Gadchiroli,True,False,B.Tech,"java,supply-chain,agriculture,python",Education,Any,6.4,False
C1963,Aadhya Choudhary,25,Female,General,Rajasthan,Dholpur,False,True,BA,"leadership,marketing",Education,Any,6.2,True
C1964,Ankit Reddy,23,Male,General,Karnataka,Ballari,False,True,B.Tech,"mechanical,machine-learning",Healthcare,Chandigarh,7.2,False
C1965,Ananya Hussain,20,Female,ST,Mizoram,Kolasib,False,False,B.Com,"healthcare,accounting,excel,java,machine-learning",IT,Any,7.4,False
C1966,Rohan Krishnan,20,Male,OBC,Manipur,Imphal East,True,True,B.Tech,"civil,leadership",IT,Any,6.2,False
C1967,Dhruv Subramanian,24,Male,General,Gujarat,Dahod,False,False,MBA,"excel,javascript,teamwork,marketing",Healthcare,Ahmedabad,8.1,False
C1968,Aryan Desai,21,Male,ST,Uttar Pradesh,Gorakhpur,False,True,MBA,"finance,graphic-design,research,data-analysis",IT,Lucknow,8.1,False
C1969,Siddharth Mirza,20,Male,SC,Maharashtra,Kolhapur,False,True,BSc,"excel,agriculture,cad,communication,python",Manufacturing,Any,6.1,True
C1970,Sai Mukherjee,21,Male,General,Telangana,Nalgonda,False,True,BSc,"accounting,teamwork,project-management,electrical",Agriculture,Coimbatore,7.5,False
C1971,Rani Malhotra,24,Female,OBC,Andhra Pradesh,Chittoor,False,False,BSc,"teamwork,python,supply-chain",Finance,Any,9.0,False
C1972,Kabir Sharma,23,Male,OBC,Sikkim,West District,False,True,BSc,"cad,graphic-design",Agriculture,Any,7.0,False
C1973,Dhruv More,23,Male,ST,Sikkim,West District,True,True,MBA,"digital-marketing,marketing,critical-thinking,cad,java",IT,Chennai,5.0,False
C1974,Kabir Khanna,25,Male,General,Andhra Pradesh,Krishna,False,False,BBA,"civil,python,supply-chain,problem-solving,java",IT,Kochi,5.0,False
C1975,Aanya Sen,23,Female,General,Gujarat,Ahmedabad,False,False,MBA,"problem-solving,project-management",IT,Any,5.9,False
C1976,Neha Gaikwad,22,Female,EWS,Goa,South Goa,False,False,BSc,"excel,accounting,critical-thinking,marketing",Healthcare,Any,8.0,False
C1977,Sara Yadav,22,Female,General,Rajasthan,Jodhpur,False,False,BA,"content-writing,data-analysis",Education,Indore,9.1,False
C1978,Sonal Mukherjee,20,Female,General,Jammu and Kashmir,Pulwama,False,False,BBA,"javascript,mechanical,healthcare",Energy,Any,6.8,False
C1979,Harsh Bhatia,22,Male,EWS,Telangana,Nalgonda,False,True,B.Tech,"hr-management,project-management",Energy,Any,8.9,False
C1980,Gaurav Jadhav,25,Male,SC,Dadra and Nagar Haveli and Daman and Diu,Diu,False,True,B.Tech,"c++,communication,mechanical,java,marketing",Manufacturing,Kochi,5.7,False
C1981,Deepak Sharma,20,Male,ST,West Bengal,Maldah,False,True,MCA,"graphic-design,sql,critical-thinking,healthcare,project-management",Manufacturing,Vadodara,7.2,False
C1982,Meera Roy,25,Female,SC,Tripura,South Tripura,False,True,BSc,"excel,teamwork,project-management",Healthcare,Nagpur,7.6,False
C1983,Suman Tiwari,24,Female,General,Andaman and Nicobar Islands,North and Middle Andaman,False,False,MBA,"teaching,excel,leadership,agriculture,graphic-design",Manufacturing,Any,7.7,False
C1984,Yash Patel,21,Male,OBC,Chandigarh,Chandigarh,False,False,BBA,"teaching,java,content-writing,c++,machine-learning",IT,Any,5.9,False
C1985,Pranav Agarwal,24,Male,OBC,Gujarat,Dahod,False,True,BBA,"civil,digital-marketing,javascript",Finance,Pune,8.1,False
C1986,Ravi Mishra,23,Male,OBC,Uttar Pradesh,Chitrakoot,True,False,BA,"agriculture,machine-learning,healthcare,leadership",Agriculture,Any,8.1,False
C1987,Nikhil Jadhav,21,Male,General,Maharashtra,Osmanabad,False,False,B.Tech,"communication,javascript,data-analysis",Education,Any,7.1,False
C1988,Deepa Siddiqui,23,Female,General,Nagaland,Kiphire,True,False,BA,"excel,teamwork,finance,java,cad",Finance,Ahmedabad,6.1,False
C1989,Kiara Kumar,21,Female,ST,Dadra and Nagar Haveli and Daman and Diu,Dadra and Nagar Haveli,False,False,B.Tech,"python,problem-solving,cad",Education,Any,5.0,False
C1990,Swati Singh,22,Female,General,Uttarakhand,Haridwar,False,False,BSc,"c++,communication",Energy,Kolkata,8.1,False
C1991,Pranav Jain,21,Male,SC,West Bengal,Hooghly,True,True,BSc,"project-management,healthcare,accounting,c++,critical-thinking",Finance,Chennai,9.0,False
C1992,Manoj Gupta,22,Male,OBC,Madhya Pradesh,Guna,False,True,B.Tech,"marketing,civil,python,agriculture",Finance,Hyderabad,7.9,False
C1993,Isha Choudhary,22,Female,OBC,Assam,Sonitpur,False,False,MBA,"leadership,accounting,c++,hr-management,teaching",Finance,Ahmedabad,7.3,False
C1994,Ira Kulkarni,22,Female,General,Madhya Pradesh,Khandwa,False,False,BA,"graphic-design,marketing,machine-learning,supply-chain",IT,Any,9.1,False
C1995,Varun Ansari,22,Male,General,Sikkim,South District,False,True,MCA,"research,electrical,java",Manufacturing,Delhi,5.9,False
C1996,Dhruv Shah,22,Male,OBC,Nagaland,Mokokchung,True,False,B.Tech,"accounting,project-management,healthcare,excel",IT,Bangalore,7.0,False
C1997,Ritu Hegde,24,Female,OBC,Punjab,Jalandhar,False,False,BSc,"javascript,mechanical,supply-chain",Healthcare,Coimbatore,6.6,True
C1998,Vikram More,23,Male,OBC,Maharashtra,Aurangabad,False,False,B.Tech,"java,teaching,python,data-analysis,hr-management",IT,Vadodara,8.6,False
C1999,Siddharth Qureshi,23,Male,SC,Delhi,North East Delhi,False,False,MBA,"digital-marketing,accounting,graphic-design,machine-learning,content-writing",Finance,Vadodara,8.2,False
C2000,Shreya Yadav,21,Female,OBC,Gujarat,Bhavnagar,False,False,BA,"c++,teaching,javascript,digital-marketing",IT,Gurgaon,8.1,False
C2001,Anjali Shah,24,Female,EWS,Odisha,Nuapada,False,True,BA,"critical-thinking,c++,civil",Finance,Lucknow,7.1,False
C2002,Shaurya Rajan,24,Male,General,Dadra and Nagar Haveli and Daman and Diu,Diu,False,False,BA,"finance,machine-learning",Agriculture,Any,6.1,True
C2003,Vikram Verma,22,Male,General,Karnataka,Bengaluru Urban,True,True,BA,"marketing,healthcare,javascript,electrical,sql",Manufacturing,Indore,5.0,True
C2004,Naveen Ghosh,23,Male,EWS,Jammu and Kashmir,Jammu,False,False,B.Tech,"supply-chain,teaching,project-management,civil",Education,Jaipur,7.6,False
C2005,Morgan Ali,20,Other,OBC,Goa,North Goa,True,False,BSc,"communication,accounting,project-management",IT,Any,6.3,False
C2006,Deepak Ali,22,Male,OBC,Haryana,Sonipat,False,False,BBA,"python,excel",IT,Any,7.4,False
C2007,Gaurav Menon,22,Male,EWS,Meghalaya,East Garo Hills,False,True,B.Tech,"teaching,machine-learning,healthcare",Agriculture,Any,6.0,False
C2008,Meera Roy,20,Female,SC,Himachal Pradesh,Kangra,False,False,BSc,"project-management,graphic-design,mechanical,python",IT,Chennai,7.5,False
C2009,Pari Jadhav,23,Female,General,Tamil Nadu,Erode,False,False,B.Com,"content-writing,hr-management",Energy,Nagpur,7.8,False
C2010,Akash Rajan,22,Male,OBC,Nagaland,Kiphire,False,True,BBA,"finance,excel,healthcare,machine-learning",Manufacturing,Delhi,8.8,False
C2011,Preeti Subramanian,20,Female,EWS,Tripura,West Tripura,False,False,B.Com,"machine-learning,excel,communication,electrical,civil",Agriculture,Mumbai,6.6,False
C2012,Aditya Tiwari,22,Male,SC,Chandigarh,Chandigarh,False,False,B.Com,"hr-management,data-analysis,excel,mechanical",Education,Indore,7.7,False
C2013,Riya Reddy,20,Female,SC,Delhi,Shahdara,False,False,MCA,"hr-management,electrical,critical-thinking",IT,Noida,6.8,False
C2014,Pankaj Naidu,25,Male,OBC,Telangana,Nalgonda,False,False,BA,"project-management,python",IT,Hyderabad,6.6,False
C2015,Isha Khan,23,Female,OBC,West Bengal,South 24 Parganas,False,False,B.Tech,"digital-marketing,teaching,machine-learning,cad",Manufacturing,Any,8.5,False
C2016,Shreya Chopra,24,Female,ST,Odisha,Malkangiri,False,False,B.Tech,"accounting,data-analysis",IT,Indore,7.5,False
C2017,Rohan Kulkarni,24,Male,OBC,Goa,South Goa,False,False,B.Tech,"graphic-design,machine-learning,teaching",IT,Any,9.2,False
C2018,Sachin Hussain,20,Male,General,Assam,Sonitpur,False,False,B.Com,"java,project-management,research",Finance,Any,8.4,False
C2019,Swati Jain,22,Female,General,Tripura,North Tripura,False,False,BSc,"critical-thinking,excel,teaching",Manufacturing,Any,8.0,False
C2020,Rekha Mehta,24,Female,OBC,Manipur,Churachandpur,False,False,MCA,"accounting,finance,leadership",Finance,Nagpur,8.0,False
C2021,Shaurya Thakur,21,Male,OBC,Jammu and Kashmir,Kupwara,True,True,B.Tech,"marketing,teamwork,content-writing,javascript,electrical",Energy,Any,8.8,False
C2022,Deepa Roy,25,Female,General,Uttar Pradesh,Chandauli,True,True,B.Tech,"electrical,agriculture,javascript,content-writing",IT,Any,7.6,False
C2023,Aryan Gupta,22,Male,General,Uttarakhand,Pauri Garhwal,False,True,BA,"javascript,machine-learning,teamwork,healthcare",Finance,Any,7.7,False
C2024,Manish Reddy,21,Male,EWS,Lakshadweep,Kavaratti,False,False,BSc,"marketing,cad,electrical,project-management",Finance,Any,6.8,False
C2025,Shaurya Bose,21,Male,General,Puducherry,Puducherry,False,False,MBA,"content-writing,data-analysis,cad,graphic-design",Energy,Bangalore,7.8,False
C2026,Reyansh Gaikwad,24,Male,SC,West Bengal,Darjeeling,False,False,BBA,"communication,content-writing,finance",IT,Vadodara,7.0,False
C2027,Sunita Rajan,25,Female,OBC,Ladakh,Kargil,False,False,B.Tech,"supply-chain,agriculture,problem-solving,sql",IT,Chennai,9.4,False
C2028,Atharv Thakur,24,Male,General,Chandigarh,Chandigarh,False,True,B.Tech,"electrical,c++,mechanical,digital-marketing,data-analysis",IT,Bhubaneswar,6.4,False
C2029,Riya Rajan,24,Female,OBC,Chandigarh,Chandigarh,False,True,MBA,"supply-chain,accounting",IT,Ahmedabad,6.4,False
C2030,Akash Dubey,24,Male,OBC,Nagaland,Tuensang,False,True,BSc,"teaching,project-management,teamwork",Education,Any,6.6,False
C2031,Asha Chopra,22,Female,General,Gujarat,Bhavnagar,False,True,B.Tech,"healthcare,communication,electrical,c++",IT,Any,8.0,False
C2032,Rekha Shah,20,Female,General,Odisha,Khordha,False,True,BA,"digital-marketing,civil,problem-solving,mechanical,leadership",IT,Bhubaneswar,7.1,False
C2033,Diya Jadhav,25,Female,OBC,Jharkhand,Bokaro,False,False,B.Tech,"mechanical,electrical,graphic-design,critical-thinking",Education,Bhubaneswar,7.8,False
C2034,Pallavi Ansari,20,Female,General,Sikkim,West District,False,True,MBA,"civil,c++,hr-management,marketing,digital-marketing",Healthcare,Any,6.5,False
C2035,Sachin Qureshi,23,Male,OBC,Arunachal Pradesh,Tawang,False,False,BA,"project-management,teamwork,communication",Education,Any,7.4,False
C2036,Rani Bhatia,22,Female,General,Madhya Pradesh,Damoh,True,False,BA,"teaching,python,leadership,hr-management",Manufacturing,Any,8.6,False
C2037,Naveen Shah,22,Male,General,Telangana,Mahabubnagar,False,True,B.Tech,"python,problem-solving,java,accounting",Finance,Bangalore,7.0,False
C2038,Akash Bhatia,20,Male,EWS,Uttar Pradesh,Prayagraj,False,True,MBA,"data-analysis,accounting,excel,java",Finance,Any,6.9,False
C2039,Siddharth Farooqui,20,Male,General,Andaman and Nicobar Islands,South Andaman,False,False,BSc,"teamwork,c++,critical-thinking,graphic-design",IT,Any,7.6,False
C2040,Sai Roy,23,Male,OBC,Punjab,Hoshiarpur,False,False,B.Com,"problem-solving,communication",IT,Ahmedabad,7.9,False
C2041,Vivaan Patil,25,Male,OBC,Himachal Pradesh,Solan,False,False,MBA,"communication,content-writing",Education,Bhubaneswar,7.6,False
C2042,Ishaan Banerjee,25,Male,OBC,Uttarakhand,Almora,False,True,BSc,"critical-thinking,civil,research",Agriculture,Any,6.8,True
C2043,Ravi Sharma,23,Male,SC,Goa,South Goa,False,False,BSc,"javascript,content-writing,machine-learning,agriculture",IT,Gurgaon,5.2,False
C2044,Navya Menon,21,Female,General,Delhi,South Delhi,False,False,B.Com,"project-management,research,civil,mechanical,excel",Agriculture,Indore,7.7,True
C2045,Atharv Mehta,22,Male,EWS,Manipur,Thoubal,False,False,MBA,"machine-learning,java,critical-thinking,teaching,healthcare",IT,Kochi,8.1,False
C2046,Aryan Bhatia,25,Male,OBC,Tripura,South Tripura,False,False,BA,"marketing,leadership,project-management,hr-management,agriculture",IT,Any,8.0,False
C2047,Vivaan Mukherjee,23,Male,General,Madhya Pradesh,Barwani,True,False,BBA,"marketing,sql",Education,Mumbai,8.3,False
C2048,Aryan Mishra,20,Male,General,Kerala,Alappuzha,False,True,BA,"leadership,content-writing,javascript,digital-marketing,problem-solving",Education,Bangalore,5.7,False
C2049,Kabir Jain,20,Male,General,Chhattisgarh,Raipur,False,False,BA,"research,excel,cad",Healthcare,Jaipur,6.1,False
C2050,Sanjay Choudhary,25,Male,ST,Gujarat,Vadodara,False,True,B.Tech,"marketing,research,communication",Manufacturing,Coimbatore,6.7,False
C2051,Kiara More,22,Female,EWS,Lakshadweep,Agatti,False,False,MBA,"problem-solving,supply-chain,cad,c++,graphic-design",IT,Any,6.8,False
C2052,Ankit Mirza,20,Male,OBC,Lakshadweep,Minicoy,False,True,B.Tech,"civil,accounting,python",IT,Any,8.7,True
C2053,Komal Menon,25,Female,SC,Dadra and Nagar Haveli and Daman and Diu,Dadra and Nagar Haveli,False,True,BA,"project-management,marketing,content-writing,critical-thinking,c++",IT,Any,5.1,False
C2054,Anita Desai,21,Female,OBC,Delhi,Central Delhi,False,True,B.Tech,"graphic-design,hr-management,sql,supply-chain,java",Finance,Any,6.4,False
C2055,Harsh Kulkarni,25,Male,General,Mizoram,Kolasib,False,True,MBA,"teaching,problem-solving,javascript,hr-management",Healthcare,Kochi,8.9,False
C2056,Nisha Khanna,22,Female,OBC,Chhattisgarh,Bastar,False,True,B.Tech,"civil,teamwork,electrical,content-writing,java",Education,Ahmedabad,8.2,False
C2057,Diya Mukherjee,23,Female,General,Manipur,Thoubal,False,True,MBA,"c++,electrical,sql,excel",Agriculture,Mumbai,8.8,False
C2058,Krishna Bhatia,22,Male,General,Telangana,Nizamabad,False,True,MBA,"java,data-analysis,machine-learning,content-writing,excel",Agriculture,Gurgaon,7.2,False
C2059,Preeti Rao,22,Female,General,Haryana,Gurugram,False,False,BSc,"javascript,agriculture,c++,communication",Education,Vadodara,5.1,False
C2060,Rajesh More,25,Male,OBC,Ladakh,Kargil,False,False,MBA,"hr-management,machine-learning",IT,Any,5.9,False
C2061,Arjun Verma,25,Male,EWS,Gujarat,Vadodara,False,False,MBA,"teaching,data-analysis,marketing,finance,healthcare",Manufacturing,Any,5.5,False
C2062,Aarav Verma,23,Male,General,Jammu and Kashmir,Kupwara,True,False,BSc,"python,civil,data-analysis,javascript,accounting",Manufacturing,Bangalore,8.7,False
C2063,Anita Hegde,24,Female,OBC,Ladakh,Leh,False,False,B.Tech,"agriculture,javascript,data-analysis,excel,machine-learning",Education,Bhubaneswar,5.0,False
C2064,Shalini Ali,24,Female,SC,Andaman and Nicobar Islands,South Andaman,False,False,B.Tech,"project-management,python,communication,java",Healthcare,Any,5.7,False
C2065,Navya Mukherjee,24,Female,EWS,Tripura,South Tripura,False,False,B.Tech,"c++,supply-chain",Manufacturing,Hyderabad,7.3,False
C2066,Meera Ansari,25,Female,General,Maharashtra,Satara,False,False,B.Tech,"supply-chain,accounting,mechanical,research",Healthcare,Indore,6.6,False
C2067,Deepak Das,21,Male,General,Assam,Barpeta,False,False,B.Com,"excel,digital-marketing",Finance,Pune,7.6,False
C2068,Aarav Krishnan,22,Male,OBC,Andaman and Nicobar Islands,South Andaman,False,False,B.Tech,"content-writing,java",IT,Bhubaneswar,6.9,False
C2069,Nisha Thakur,25,Female,OBC,Andaman and Nicobar Islands,North and Middle Andaman,False,False,BBA,"sql,marketing,cad",Education,Mumbai,6.4,False
C2070,Kabir Yadav,24,Male,General,Andaman and Nicobar Islands,South Andaman,False,False,B.Tech,"supply-chain,civil,digital-marketing",Energy,Bhubaneswar,8.0,False
C2071,Dhruv Khan,23,Male,ST,Kerala,Wayanad,True,False,B.Tech,"accounting,teamwork,c++,agriculture",Energy,Any,7.3,False
C2072,Kabir Rajan,24,Other,General,Himachal Pradesh,Solan,False,False,BSc,"digital-marketing,graphic-design,cad,content-writing",Healthcare,Any,6.6,False
C2073,Suman Kapoor,21,Female,General,Karnataka,Yadgir,False,True,B.Tech,"research,javascript,teaching,project-management,mechanical",Agriculture,Any,9.8,False
C2074,Sanjay Banerjee,24,Male,ST,Meghalaya,West Garo Hills,False,True,B.Com,"electrical,critical-thinking,agriculture,problem-solving",Healthcare,Pune,6.4,False
C2075,Vandana Krishnan,24,Female,OBC,Uttar Pradesh,Lucknow,False,False,BSc,"critical-thinking,graphic-design,excel,data-analysis,civil",Energy,Nagpur,6.7,False
C2076,Pooja Dubey,24,Female,OBC,Puducherry,Puducherry,False,True,B.Tech,"javascript,project-management",Finance,Kolkata,7.8,False
C2077,Tanvi Kumar,21,Female,OBC,Jammu and Kashmir,Rajouri,False,False,MBA,"java,finance,teaching,agriculture",IT,Ahmedabad,7.7,False
C2078,Ravi Malhotra,22,Male,General,Jharkhand,Purbi Singhbhum,True,True,MCA,"research,problem-solving",Healthcare,Lucknow,9.1,True
C2079,Riya Chopra,21,Female,General,Maharashtra,Nagpur,False,False,BA,"java,teaching,healthcare",Manufacturing,Nagpur,7.8,False
C2080,Bhavna Ali,24,Female,General,Arunachal Pradesh,Namsai,True,False,B.Tech,"graphic-design,leadership,marketing,hr-management",Healthcare,Bangalore,7.0,False
C2081,Sachin Hegde,24,Male,SC,Arunachal Pradesh,Namsai,True,False,B.Tech,"teamwork,javascript,healthcare,graphic-design",Education,Ahmedabad,6.4,False
C2082,Reyansh Gupta,24,Male,EWS,Andhra Pradesh,Visakhapatnam,True,False,BA,"data-analysis,communication,accounting,c++,electrical",Finance,Any,6.6,True
C2083,Pari Jain,21,Female,General,Tamil Nadu,Salem,True,True,MBA,"marketing,excel,data-analysis",Finance,Any,6.1,False
C2084,Kavita Reddy,25,Female,General,Andhra Pradesh,Anantapur,False,False,BSc,"excel,teaching,finance,agriculture,civil",Energy,Any,5.0,False
C2085,Morgan Reddy,22,Other,General,Chandigarh,Chandigarh,False,False,B.Tech,"teamwork,leadership,agriculture,hr-management",Education,Pune,5.8,False
C2086,Sara Menon,20,Female,SC,Tamil Nadu,Vellore,False,False,MCA,"research,healthcare,electrical,digital-marketing",Manufacturing,Indore,7.9,False
C2087,Geeta Shaikh,25,Female,General,Telangana,Hyderabad,False,True,MBA,"research,sql,teamwork",Healthcare,Kochi,5.0,False
C2088,Ritu Shah,20,Female,SC,Odisha,Ganjam,False,True,MCA,"c++,python",Finance,Hyderabad,5.0,False
C2089,Kabir Farooqui,23,Male,SC,Jharkhand,Hazaribagh,False,False,BSc,"digital-marketing,excel,graphic-design,civil,sql",Finance,Mumbai,7.0,True
C2090,Varun Pandey,22,Male,General,Uttar Pradesh,Kanpur Nagar,True,False,BSc,"hr-management,sql",IT,Any,8.4,False
C2091,Ishaan Kumar,20,Male,General,Tamil Nadu,Tiruchirappalli,False,True,BSc,"teamwork,data-analysis",Agriculture,Chennai,6.1,False
C2092,Asha Gaikwad,22,Female,General,Punjab,Jalandhar,False,False,B.Tech,"digital-marketing,critical-thinking,finance,java,accounting",Education,Delhi,7.4,False
C2093,Suresh Das,23,Male,General,Kerala,Thiruvananthapuram,False,False,B.Com,"accounting,machine-learning,excel,electrical",Finance,Any,6.3,False
C2094,Meera Jain,24,Female,OBC,Sikkim,West District,True,True,BSc,"finance,critical-thinking",Agriculture,Lucknow,6.9,False
C2095,Komal Ghosh,21,Female,General,Uttarakhand,Pauri Garhwal,False,True,BBA,"teamwork,mechanical,marketing",Education,Kolkata,6.4,False
C2096,Sai Menon,23,Male,General,Puducherry,Puducherry,False,False,MBA,"teaching,leadership",Finance,Kochi,7.2,False
C2097,Kabir Farooqui,21,Male,OBC,West Bengal,Murshidabad,True,True,BSc,"marketing,communication,finance,civil,hr-management",Manufacturing,Any,6.3,False
C2098,Priya Hegde,21,Female,OBC,Andaman and Nicobar Islands,North and Middle Andaman,True,False,BSc,"machine-learning,teaching",Healthcare,Vadodara,7.6,False
C2099,Pranav Dubey,20,Male,OBC,Rajasthan,Jaipur,False,False,BBA,"c++,project-management,problem-solving,civil",Energy,Any,7.2,True
C2100,Neha More,23,Female,ST,Uttarakhand,Almora,False,False,MBA,"supply-chain,accounting,mechanical,civil,marketing",Healthcare,Hyderabad,5.0,False
C2101,Rakesh Siddiqui,23,Male,OBC,Dadra and Nagar Haveli and Daman and Diu,Dadra and Nagar Haveli,False,True,B.Com,"agriculture,research,civil,data-analysis",Finance,Kolkata,7.1,False
C2102,Deepak Kapoor,22,Male,General,Odisha,Balangir,False,True,MBA,"agriculture,marketing,digital-marketing,graphic-design",Education,Any,9.5,False
C2103,Morgan Ahmed,25,Other,General,Chhattisgarh,Durg,True,True,B.Tech,"mechanical,excel",Finance,Mumbai,7.0,False
C2104,Vihaan Thakur,25,Male,OBC,Telangana,Mahabubnagar,False,False,MBA,"python,supply-chain,graphic-design,finance",Manufacturing,Lucknow,7.4,False
C2105,Aarav Krishnan,22,Other,SC,Ladakh,Kargil,False,True,MBA,"mechanical,javascript,content-writing",Manufacturing,Any,5.5,False
C2106,Deepa Shah,23,Female,EWS,Gujarat,Jamnagar,False,True,BA,"sql,c++,civil,cad,leadership",Education,Hyderabad,7.3,False
C2107,Isha Hussain,24,Female,General,Nagaland,Kohima,False,False,BBA,"accounting,agriculture,excel",Finance,Any,9.7,False
C2108,Aarohi Joshi,20,Female,SC,Nagaland,Tuensang,False,False,BBA,"c++,healthcare,excel,python",Manufacturing,Ahmedabad,7.4,False
C2109,Pooja Thakur,23,Female,ST,Uttarakhand,Champawat,False,False,B.Tech,"communication,marketing,hr-management",Healthcare,Any,8.0,False
C2110,Ayaan Iyer,21,Male,General,Andaman and Nicobar Islands,South Andaman,False,True,B.Tech,"finance,content-writing,agriculture,machine-learning,hr-management",Energy,Jaipur,6.7,False
C2111,Swati Naidu,21,Female,General,Himachal Pradesh,Shimla,False,False,BBA,"critical-thinking,agriculture,data-analysis,c++",Agriculture,Any,7.1,False
C2112,Anil Bose,20,Male,General,Jammu and Kashmir,Rajouri,False,False,B.Tech,"content-writing,marketing",Finance,Delhi,5.9,False
C2113,Anika Chatterjee,25,Female,OBC,Jharkhand,Dumka,True,False,B.Tech,"teaching,healthcare,sql,marketing",IT,Any,6.7,False
C2114,Neha Khan,25,Female,SC,Chandigarh,Chandigarh,False,False,MBA,"content-writing,electrical,civil,supply-chain,digital-marketing",Energy,Any,6.3,False
C2115,Sara Hegde,23,Female,OBC,Delhi,North East Delhi,False,True,B.Tech,"hr-management,project-management,digital-marketing",Healthcare,Any,8.0,False
C2116,Casey Patil,23,Other,OBC,Manipur,Chandel,False,True,BBA,"leadership,digital-marketing",Energy,Any,8.6,False
C2117,Pallavi Shetty,24,Female,General,Punjab,Mohali,False,False,BBA,"content-writing,problem-solving,teamwork",Education,Any,7.7,True
C2118,Sonal Chatterjee,21,Female,OBC,Manipur,Bishnupur,False,True,B.Com,"marketing,javascript",Education,Gurgaon,5.5,False
C2119,Rudra Chatterjee,20,Male,General,Assam,Barpeta,False,False,B.Tech,"c++,content-writing,healthcare",Energy,Vadodara,5.9,True
C2120,Deepa Mishra,23,Female,EWS,Tamil Nadu,Coimbatore,False,False,MBA,"teaching,java,sql,mechanical,leadership",IT,Indore,6.1,False
C2121,Navya Khan,22,Female,General,Delhi,North Delhi,False,False,B.Tech,"project-management,javascript,python,accounting",Education,Any,7.4,False
C2122,Kabir Pillai,25,Male,General,Meghalaya,Jaintia Hills,False,False,B.Tech,"mechanical,c++,machine-learning",Education,Any,5.7,False
C2123,Aadi Pillai,24,Male,EWS,Chandigarh,Chandigarh,False,False,BSc,"hr-management,supply-chain",Energy,Bangalore,8.1,False
C2124,Geeta Dubey,22,Female,OBC,Chandigarh,Chandigarh,False,False,B.Tech,"content-writing,mechanical,graphic-design,electrical,communication",Education,Any,6.6,True
C2125,Naveen Thakur,25,Male,EWS,Dadra and Nagar Haveli and Daman and Diu,Daman,False,True,MBA,"research,healthcare,supply-chain,mechanical,critical-thinking",Finance,Lucknow,6.6,False
C2126,Suresh Jain,21,Male,General,Rajasthan,Ajmer,False,True,B.Tech,"graphic-design,leadership",IT,Coimbatore,5.5,False
C2127,Aryan Desai,23,Male,OBC,Telangana,Adilabad,False,True,BSc,"healthcare,python,problem-solving,agriculture",Finance,Lucknow,5.4,True
C2128,Krishna Thakur,23,Male,OBC,Uttarakhand,Dehradun,False,False,MBA,"c++,communication,finance,agriculture",Education,Delhi,7.3,False
C2129,Sunil Rao,25,Male,General,Andaman and Nicobar Islands,North and Middle Andaman,False,True,B.Com,"sql,healthcare,teaching,cad",Energy,Jaipur,6.7,False
C2130,Komal More,22,Female,EWS,Mizoram,Champhai,True,False,MBA,"healthcare,hr-management,teaching,agriculture,digital-marketing",IT,Any,5.0,False
C2131,Mohit Mirza,23,Male,ST,Tamil Nadu,Madurai,False,True,BSc,"hr-management,excel",IT,Kolkata,6.9,False
C2132,Divya Farooqui,21,Female,OBC,Lakshadweep,Kavaratti,True,True,B.Tech,"marketing,excel,communication",Energy,Pune,8.6,False
C2133,Naveen Nair,25,Male,OBC,Nagaland,Kiphire,True,False,B.Com,"python,electrical",Manufacturing,Bhubaneswar,7.4,False
C2134,Anjali Farooqui,25,Female,EWS,Delhi,Central Delhi,False,True,BSc,"electrical,research,healthcare,digital-marketing",Agriculture,Indore,7.7,False
C2135,Rekha Kulkarni,24,Female,OBC,Telangana,Adilabad,False,False,B.Tech,"mechanical,critical-thinking",Finance,Any,8.1,True
C2136,Kabir Mukherjee,23,Male,General,Jammu and Kashmir,Kathua,False,False,MCA,"healthcare,communication",IT,Delhi,8.2,False
C2137,Siddharth Tiwari,22,Male,ST,Nagaland,Kiphire,True,False,BSc,"teaching,java,python",Manufacturing,Bangalore,6.6,False
C2138,Usha Bose,25,Female,OBC,Telangana,Nizamabad,False,False,B.Com,"javascript,agriculture,project-management,mechanical,digital-marketing",IT,Indore,6.7,False
C2139,Nikhil Nair,22,Male,OBC,Gujarat,Rajkot,False,True,B.Com,"project-management,sql,electrical,c++,mechanical",IT,Indore,7.5,False
C2140,Deepa Shaikh,22,Female,OBC,Uttar Pradesh,Varanasi,False,True,BSc,"python,javascript,electrical",Education,Any,5.2,False
C2141,Rekha Singh,20,Female,OBC,Tripura,North Tripura,False,False,BBA,"supply-chain,agriculture,sql,problem-solving,project-management",Manufacturing,Bangalore,6.1,True
C2142,Ira Banerjee,24,Female,General,Himachal Pradesh,Kangra,False,False,BSc,"critical-thinking,machine-learning,agriculture,data-analysis,excel",IT,Any,8.0,False
C2143,Navya Verma,22,Female,ST,Nagaland,Kohima,False,True,B.Tech,"agriculture,communication,teamwork,mechanical,project-management",Education,Hyderabad,6.9,True
C2144,Preeti Verma,20,Female,SC,Madhya Pradesh,Rajgarh,False,False,B.Tech,"hr-management,java,accounting,graphic-design,leadership",Agriculture,Any,6.9,False
C2145,Arjun Shah,22,Male,General,Goa,North Goa,False,False,B.Tech,"hr-management,leadership",Finance,Jaipur,7.8,False
C2146,Sai Tiwari,23,Male,OBC,Chandigarh,Chandigarh,False,False,BBA,"problem-solving,c++",Energy,Any,6.7,True
C2147,Yash Shetty,21,Male,ST,Andhra Pradesh,Y.S.R. Kadapa,True,False,BSc,"c++,communication",Education,Any,6.0,False
C2148,Aditya Shah,25,Male,EWS,Uttarakhand,Pauri Garhwal,False,False,MBA,"supply-chain,sql,java,leadership,content-writing",Finance,Kolkata,6.9,False
C2149,Rahul Hegde,21,Male,OBC,Odisha,Dhenkanal,True,False,BBA,"marketing,hr-management,digital-marketing,javascript,data-analysis",IT,Mumbai,6.0,True
C2150,Naveen Krishnan,20,Male,General,Bihar,Sheikhpura,False,True,BSc,"supply-chain,finance,research,machine-learning",Healthcare,Any,8.4,False
C2151,Ayaan Siddiqui,22,Male,General,Punjab,Amritsar,False,False,B.Com,"critical-thinking,teamwork,marketing,electrical",Education,Coimbatore,6.8,False
C2152,Myra Qureshi,23,Female,SC,Uttarakhand,Dehradun,False,False,BA,"machine-learning,agriculture,marketing,research",Agriculture,Gurgaon,8.9,True
C2153,Sanjay Khanna,24,Male,OBC,Mizoram,Lunglei,False,False,MBA,"teamwork,civil,leadership,accounting,excel",IT,Any,6.5,False
C2154,Ishaan Pillai,23,Male,ST,Jammu and Kashmir,Kathua,False,False,B.Com,"javascript,teaching,machine-learning,content-writing,communication",Manufacturing,Any,8.2,False
C2155,Casey Khan,24,Other,OBC,Karnataka,Davanagere,False,False,B.Tech,"marketing,data-analysis",IT,Chandigarh,7.6,False
C2156,Sunita Ali,20,Female,EWS,Himachal Pradesh,Kangra,False,False,BSc,"javascript,healthcare,leadership",Agriculture,Any,6.3,False
C2157,Vivaan Menon,23,Male,SC,Uttar Pradesh,Fatehpur,True,False,BA,"critical-thinking,cad",Education,Any,6.6,False
C2158,Pooja Menon,24,Female,General,Bihar,Jamui,True,True,B.Tech,"data-analysis,c++",Energy,Kochi,7.0,True
C2159,Aryan Naidu,22,Male,General,Mizoram,Mamit,False,False,BBA,"content-writing,data-analysis,finance",Finance,Any,5.8,False
C2160,Deepa Desai,25,Female,OBC,Nagaland,Tuensang,False,False,B.Com,"agriculture,marketing,javascript,finance,data-analysis",IT,Pune,7.2,False
C2161,Isha Dubey,22,Female,SC,Chhattisgarh,Raipur,False,False,MBA,"finance,cad,content-writing,data-analysis,civil",IT,Hyderabad,6.3,False
C2162,Asha Chopra,20,Female,OBC,Chandigarh,Chandigarh,False,False,BA,"python,teaching,healthcare,java",Education,Mumbai,7.1,False
C2163,Diya Mirza,25,Female,SC,Telangana,Mahabubnagar,False,True,BA,"data-analysis,civil,accounting,leadership",Manufacturing,Delhi,5.0,False
C2164,Aarohi Roy,24,Female,ST,Chandigarh,Chandigarh,False,True,BA,"sql,supply-chain,agriculture,content-writing,c++",Finance,Any,8.7,False
C2165,Vivek Jain,22,Male,General,Andaman and Nicobar Islands,South Andaman,False,False,B.Com,"electrical,sql,marketing,accounting",Energy,Any,6.1,False
C2166,Rohan Patel,25,Male,EWS,Gujarat,Gandhinagar,False,False,B.Com,"agriculture,hr-management,python,javascript",Education,Any,7.6,False
C2167,Pankaj Kapoor,25,Male,OBC,Tripura,Dhalai,True,True,B.Tech,"mechanical,research,accounting,problem-solving,javascript",Manufacturing,Hyderabad,6.1,False
C2168,Sunita Dubey,22,Female,General,Arunachal Pradesh,Tawang,False,False,B.Com,"digital-marketing,machine-learning,accounting,marketing",IT,Gurgaon,6.1,False
C2169,Pooja Nair,21,Female,ST,Karnataka,Bengaluru Urban,False,False,MBA,"leadership,agriculture",IT,Gurgaon,6.1,False
C2170,Rakesh Yadav,22,Male,EWS,Gujarat,Ahmedabad,False,True,B.Tech,"finance,problem-solving,research,hr-management,digital-marketing",IT,Any,7.7,False
C2171,Ajay Iyer,22,Male,OBC,Meghalaya,Jaintia Hills,False,False,B.Com,"supply-chain,finance",Finance,Chennai,7.0,False
C2172,Komal Jadhav,22,Female,OBC,Tamil Nadu,Kanchipuram,False,True,BA,"excel,communication,civil,graphic-design",Education,Any,7.7,False
C2173,Shaurya Bhatia,23,Male,SC,Haryana,Panipat,False,False,MBA,"graphic-design,cad,agriculture,communication,sql",Agriculture,Chandigarh,6.1,True
C2174,Bhavna Mehta,22,Female,General,Mizoram,Lunglei,False,False,BA,"c++,javascript",Healthcare,Vadodara,7.9,False
C2175,Sunil Das,23,Male,EWS,Mizoram,Mamit,True,False,B.Tech,"civil,cad,marketing,hr-management",Manufacturing,Coimbatore,7.4,False
C2176,Kavya Rao,23,Female,ST,Arunachal Pradesh,West Kameng,False,True,BSc,"leadership,graphic-design,supply-chain",Finance,Kochi,6.2,False
C2177,Anita Agarwal,20,Female,OBC,Rajasthan,Jaipur,False,False,B.Tech,"excel,communication",IT,Bhubaneswar,7.5,False
C2178,Ayaan Iyer,25,Male,OBC,Manipur,Churachandpur,False,True,BBA,"java,javascript,problem-solving",IT,Coimbatore,7.4,False
C2179,Riya Dubey,25,Female,OBC,Bihar,Khagaria,False,False,BA,"c++,cad,research,javascript",Energy,Any,7.6,False
C2180,Pranav Shah,25,Male,OBC,Kerala,Ernakulam,False,False,BA,"java,problem-solving",Education,Any,8.7,False
C2181,Akash Kumar,24,Male,SC,Rajasthan,Jaipur,False,False,B.Tech,"communication,java,agriculture,cad,sql",Finance,Any,9.2,False
C2182,Aanya Kumar,25,Female,OBC,Delhi,North Delhi,False,True,B.Com,"civil,sql",Finance,Mumbai,8.1,True
C2183,Vihaan Qureshi,23,Male,OBC,Gujarat,Gandhinagar,False,False,BSc,"critical-thinking,supply-chain",IT,Mumbai,8.0,False
C2184,Jyoti Ahmed,24,Female,OBC,West Bengal,South 24 Parganas,False,False,BSc,"leadership,critical-thinking,problem-solving,machine-learning,data-analysis",IT,Mumbai,6.4,False
C2185,Vikram Bhatia,24,Male,General,Haryana,Nuh,True,True,MCA,"electrical,mechanical,data-analysis,project-management",Agriculture,Vadodara,8.1,True
C2186,Dhruv Hussain,21,Male,General,Bihar,Sitamarhi,False,False,BA,"cad,leadership,problem-solving,c++",Finance,Jaipur,8.8,False
C2187,Kavita Verma,21,Female,ST,Chandigarh,Chandigarh,False,False,BA,"c++,cad",Energy,Bangalore,7.9,False
C2188,Preeti Banerjee,24,Female,General,Lakshadweep,Agatti,False,True,B.Com,"civil,content-writing,java,data-analysis",IT,Kochi,6.9,False
C2189,Kavita Roy,24,Female,General,Telangana,Mahabubnagar,False,True,MBA,"research,marketing,graphic-design,excel",Healthcare,Gurgaon,6.7,False
C2190,Gaurav Pillai,22,Male,General,Sikkim,East District,False,True,B.Com,"cad,communication,accounting",Healthcare,Kochi,6.1,False
C2191,Ritu Mirza,20,Female,General,Nagaland,Mon,False,False,B.Tech,"electrical,healthcare",Agriculture,Any,8.7,True
C2192,Rakesh Qureshi,24,Male,OBC,West Bengal,Jalpaiguri,False,True,MCA,"hr-management,leadership,teamwork,data-analysis",IT,Mumbai,5.0,False
C2193,Morgan Pillai,25,Other,OBC,Maharashtra,Kolhapur,False,True,BA,"accounting,machine-learning,finance,sql",IT,Hyderabad,7.3,True
C2194,Manisha Naidu,25,Female,General,Nagaland,Kohima,False,True,BSc,"supply-chain,finance,agriculture,python,mechanical",Healthcare,Bangalore,8.2,False
C2195,Kavya Ansari,24,Female,OBC,Ladakh,Kargil,False,False,BA,"accounting,healthcare,sql,supply-chain",Agriculture,Indore,7.9,False
C2196,Saanvi Tiwari,25,Female,EWS,Meghalaya,West Garo Hills,False,True,B.Tech,"sql,excel,finance",IT,Any,7.0,False
C2197,Divya Bhatia,21,Female,General,Maharashtra,Osmanabad,True,False,B.Com,"sql,machine-learning,leadership,supply-chain",Education,Delhi,7.6,False
C2198,Navya Nair,21,Female,OBC,Himachal Pradesh,Kullu,False,True,BA,"problem-solving,teamwork,cad,teaching",Energy,Any,7.6,False
C2199,Ishaan Jain,24,Male,General,Goa,South Goa,False,False,B.Com,"civil,excel,communication,teamwork",IT,Any,8.4,False
C2200,Ajay Hussain,21,Male,EWS,Chandigarh,Chandigarh,False,False,BA,"electrical,civil,hr-management,leadership",Agriculture,Any,6.9,False
C2201,Vikram Tiwari,23,Male,General,Nagaland,Mon,False,False,BSc,"cad,marketing,hr-management",Manufacturing,Any,8.1,False
C2202,Ayaan Jadhav,23,Male,General,Goa,South Goa,False,False,B.Com,"communication,java,content-writing",Manufacturing,Gurgaon,8.5,False
C2203,Ayaan Singh,20,Male,OBC,Lakshadweep,Agatti,False,False,MBA,"javascript,digital-marketing,finance,java,healthcare",IT,Pune,7.3,False
C2204,Dhruv Verma,21,Male,General,Haryana,Gurugram,False,False,B.Tech,"project-management,python,hr-management,marketing",Agriculture,Kolkata,5.0,False
C2205,Anjali Ghosh,24,Female,General,Uttarakhand,Haridwar,False,True,BA,"accounting,problem-solving,digital-marketing,supply-chain,agriculture",Manufacturing,Any,7.4,False
C2206,Priya Das,23,Female,OBC,Goa,North Goa,False,True,B.Tech,"civil,c++,machine-learning,excel,problem-solving",IT,Kolkata,6.4,False
C2207,Swati Thakur,24,Female,General,Jharkhand,Godda,False,False,B.Tech,"healthcare,research",Agriculture,Indore,8.2,False
C2208,Aditya Gupta,21,Male,SC,Lakshadweep,Agatti,True,False,B.Tech,"data-analysis,machine-learning,finance,civil,marketing",Education,Any,5.6,False
C2209,Mohit Ali,24,Male,EWS,Jharkhand,Garhwa,False,True,B.Com,"excel,c++,leadership",Manufacturing,Any,7.7,False
C2210,Pranav Desai,23,Male,General,Haryana,Nuh,True,False,BSc,"cad,content-writing,accounting,civil,c++",Agriculture,Any,7.0,False
C2211,Sai Shaikh,21,Male,OBC,Dadra and Nagar Haveli and Daman and Diu,Diu,False,True,B.Com,"hr-management,javascript",Education,Any,7.8,False
C2212,Kabir Hegde,23,Male,OBC,Uttar Pradesh,Agra,False,False,BSc,"project-management,excel,hr-management,communication,accounting",Agriculture,Bangalore,5.8,False
C2213,Krishna Chopra,23,Male,OBC,Jammu and Kashmir,Srinagar,False,True,MBA,"marketing,c++",IT,Indore,7.0,False
C2214,Aanya Arora,20,Female,General,Telangana,Medchal,False,True,B.Com,"research,critical-thinking,communication,python,supply-chain",Finance,Any,9.2,False
C2215,Ira Gupta,23,Female,General,West Bengal,Paschim Bardhaman,False,True,MCA,"electrical,teaching,excel,research,data-analysis",IT,Any,6.9,False
C2216,Asha Gupta,24,Female,EWS,Punjab,Amritsar,False,False,B.Com,"graphic-design,marketing,hr-management,javascript,research",Finance,Any,8.3,False
C2217,Aditi Kulkarni,21,Female,ST,Ladakh,Leh,False,False,MCA,"research,data-analysis",IT,Any,7.6,False
C2218,Preeti Mehta,23,Female,EWS,Jammu and Kashmir,Srinagar,False,False,B.Com,"teaching,excel,accounting,teamwork",IT,Indore,8.8,False
C2219,Amit Naidu,21,Male,OBC,Kerala,Alappuzha,False,False,BSc,"excel,digital-marketing,data-analysis,javascript",Education,Any,7.4,False
C2220,Ankit Farooqui,21,Male,OBC,Dadra and Nagar Haveli and Daman and Diu,Diu,False,False,BA,"communication,c++,python,problem-solving",IT,Gurgaon,5.6,False
C2221,Abhishek Mirza,25,Male,OBC,Nagaland,Tuensang,False,True,B.Tech,"c++,civil",Education,Jaipur,7.4,False
C2222,Riya Arora,21,Female,General,Nagaland,Dimapur,False,False,B.Tech,"teamwork,problem-solving,c++,mechanical,finance",Education,Any,8.3,True
C2223,Aryan Roy,21,Male,ST,Uttar Pradesh,Sonbhadra,False,False,BA,"research,project-management,healthcare,graphic-design",IT,Indore,9.9,False
C2224,Komal Ali,21,Female,SC,Meghalaya,East Khasi Hills,False,False,B.Tech,"leadership,research,mechanical,teaching",Healthcare,Bangalore,7.1,False
C2225,Kavita Ali,25,Female,EWS,Jharkhand,Latehar,True,False,BBA,"marketing,sql,javascript,c++,cad",Healthcare,Any,8.0,False
C2226,Shreya Siddiqui,23,Female,SC,Sikkim,Gangtok,False,False,B.Com,"cad,accounting,teaching,finance",Finance,Any,7.0,False
C2227,Sunita Mishra,23,Female,General,Himachal Pradesh,Kullu,False,False,B.Tech,"agriculture,python",Healthcare,Any,8.6,False
C2228,Jyoti Siddiqui,20,Female,General,Meghalaya,West Garo Hills,True,True,B.Tech,"hr-management,problem-solving",Energy,Any,8.1,False
C2229,Deepa Qureshi,23,Female,General,Tripura,Gomati,False,False,MCA,"accounting,digital-marketing,hr-management,graphic-design,data-analysis",IT,Kochi,8.0,False
C2230,Manisha Shah,20,Female,ST,Chhattisgarh,Kondagaon,False,False,BSc,"project-management,java",IT,Nagpur,8.6,True
C2231,Veer Das,21,Male,General,Tamil Nadu,Virudhunagar,True,True,MBA,"excel,accounting,marketing",IT,Ahmedabad,7.8,True
C2232,Sanjay Bose,22,Male,OBC,Puducherry,Yanam,False,True,BBA,"electrical,machine-learning,problem-solving,teamwork",Agriculture,Bhubaneswar,6.8,False
C2233,Manoj Rao,22,Male,OBC,Lakshadweep,Kavaratti,False,True,BSc,"sql,accounting,javascript,hr-management,marketing",Finance,Chandigarh,8.7,False
C2234,Vikram Verma,21,Male,General,Odisha,Kalahandi,True,False,B.Com,"excel,machine-learning,marketing,problem-solving",Finance,Bhubaneswar,7.1,False
C2235,Deepak Gaikwad,21,Male,OBC,Tamil Nadu,Coimbatore,False,False,MCA,"marketing,content-writing,digital-marketing,teaching,javascript",Finance,Any,8.2,False
C2236,Myra Roy,20,Female,General,Uttarakhand,Pauri Garhwal,False,True,BA,"civil,python,teaching",IT,Kolkata,6.5,False
C2237,Ankit Jadhav,24,Male,OBC,Haryana,Nuh,False,True,B.Tech,"leadership,c++",Healthcare,Hyderabad,7.8,False
C2238,Aadhya Gaikwad,25,Female,SC,Delhi,South West Delhi,False,True,BBA,"marketing,teamwork,healthcare,hr-management",Manufacturing,Any,6.3,False
C2239,Suman Ahmed,21,Female,ST,Jammu and Kashmir,Pulwama,False,True,BSc,"c++,electrical,teamwork,supply-chain",IT,Any,8.0,False
C2240,Mohit Hegde,24,Male,EWS,Delhi,South Delhi,False,False,BBA,"leadership,digital-marketing",Agriculture,Kochi,6.3,True
C2241,Sneha Iyer,20,Female,OBC,Himachal Pradesh,Kangra,False,False,BA,"agriculture,finance,mechanical",IT,Nagpur,7.7,False
C2242,Aditi Bose,20,Female,OBC,Chhattisgarh,Dantewada,True,True,MBA,"c++,teamwork,agriculture,finance,machine-learning",IT,Indore,7.2,False
C2243,Preeti Verma,25,Female,OBC,Maharashtra,Solapur,False,False,B.Tech,"cad,content-writing,healthcare,civil,finance",IT,Any,9.2,False
C2244,Rakesh More,23,Male,SC,Kerala,Wayanad,False,True,B.Com,"java,graphic-design,electrical,marketing",Education,Chennai,7.8,False
C2245,Siddharth Shaikh,21,Male,General,Ladakh,Leh,False,True,BBA,"javascript,healthcare",Energy,Noida,6.4,False
C2246,Suresh Desai,21,Male,General,Jammu and Kashmir,Udhampur,False,False,B.Com,"project-management,accounting",Finance,Hyderabad,7.0,False
C2247,Gaurav Mehta,22,Male,OBC,Ladakh,Leh,True,True,BSc,"python,finance",Agriculture,Any,7.2,False
C2248,Diya Singh,22,Female,General,Dadra and Nagar Haveli and Daman and Diu,Daman,False,False,MBA,"electrical,java,machine-learning,c++,teamwork",Finance,Any,7.8,False
C2249,Suresh Krishnan,22,Male,General,Kerala,Thiruvananthapuram,False,False,B.Com,"python,civil",IT,Any,5.6,False
C2250,Aditi Verma,22,Female,EWS,Jharkhand,Palamu,True,True,BBA,"accounting,cad",Education,Hyderabad,8.1,False
C2251,Sara Banerjee,20,Female,EWS,Himachal Pradesh,Kangra,True,False,BA,"java,agriculture",Healthcare,Mumbai,9.0,False
C2252,Ravi Khan,23,Male,SC,Uttar Pradesh,Shrawasti,False,False,B.Tech,"project-management,c++,java",IT,Any,5.8,False
C2253,Sunita Joshi,21,Female,OBC,Maharashtra,Nandurbar,False,False,B.Tech,"marketing,agriculture,project-management",Healthcare,Any,6.1,False
C2254,Suman Patil,24,Female,General,Uttarakhand,Dehradun,False,True,BA,"java,c++,problem-solving,civil",Healthcare,Any,5.8,False
C2255,Akash Agarwal,25,Male,OBC,Uttarakhand,Almora,False,True,BA,"machine-learning,research",Healthcare,Bhubaneswar,6.7,False
C2256,Veer Choudhary,23,Male,SC,Chandigarh,Chandigarh,False,False,BBA,"digital-marketing,research,machine-learning,civil",Education,Any,7.4,False
C2257,Suman Sen,25,Female,General,Punjab,Hoshiarpur,False,True,B.Com,"leadership,accounting,agriculture",Manufacturing,Hyderabad,7.8,True
C2258,Atharv Mishra,21,Male,EWS,Meghalaya,Ribhoi,False,False,BSc,"teaching,marketing,research,data-analysis",Energy,Any,7.7,False
C2259,Harsh Chopra,25,Male,General,Puducherry,Puducherry,False,False,BBA,"agriculture,communication",IT,Any,7.4,False
C2260,Jyoti Singh,22,Female,General,Arunachal Pradesh,Papum Pare,False,False,B.Tech,"excel,graphic-design,mechanical,accounting,c++",IT,Any,5.7,False
C2261,Dhruv Verma,20,Male,SC,Odisha,Kalahandi,False,False,MCA,"critical-thinking,graphic-design",IT,Kochi,8.0,True
C2262,Shreya Ahmed,23,Female,OBC,Delhi,North Delhi,False,False,MCA,"content-writing,python,problem-solving,hr-management,mechanical",Manufacturing,Ahmedabad,6.9,False
C2263,Vivek Shetty,24,Male,General,Uttarakhand,Champawat,False,True,BA,"mechanical,critical-thinking,marketing,healthcare",Manufacturing,Any,8.6,False
C2264,Anita Rajan,22,Female,OBC,Karnataka,Hubballi-Dharwad,False,True,B.Tech,"civil,accounting,excel",IT,Any,6.8,False
C2265,Aarohi Hegde,21,Female,General,Chandigarh,Chandigarh,True,False,BBA,"excel,teaching,machine-learning,civil,graphic-design",Energy,Jaipur,6.5,True
C2266,Veer Gupta,20,Male,ST,Telangana,Mahabubnagar,True,True,MBA,"data-analysis,java",Manufacturing,Any,8.2,False
C2267,Varun Agarwal,22,Male,ST,Chhattisgarh,Korba,False,True,BA,"mechanical,communication,cad",Agriculture,Indore,6.9,False
C2268,Divya Reddy,20,Female,EWS,Gujarat,Gandhinagar,False,False,B.Com,"java,python,machine-learning",Energy,Any,7.0,False
C2269,Ayaan Das,22,Male,EWS,Manipur,Ukhrul,False,True,B.Tech,"supply-chain,accounting,communication",Finance,Bangalore,6.8,False
C2270,Deepa Pillai,20,Female,OBC,Mizoram,Aizawl,False,False,B.Com,"content-writing,healthcare,python",Agriculture,Any,6.6,False
C2271,Vivek Das,25,Male,ST,Lakshadweep,Minicoy,False,True,BSc,"civil,finance",Manufacturing,Any,6.9,False
C2272,Shalini Patil,21,Female,SC,Andhra Pradesh,Y.S.R. Kadapa,False,True,MCA,"project-management,digital-marketing",Energy,Gurgaon,6.9,False
C2273,Anika Jadhav,21,Female,General,Assam,Barpeta,True,False,MBA,"problem-solving,excel",Education,Any,7.9,False
C2274,Pankaj Reddy,22,Male,ST,Telangana,Karimnagar,False,False,MCA,"python,sql,content-writing,project-management",Energy,Ahmedabad,6.5,False
C2275,Rajesh Farooqui,21,Male,ST,Tripura,West Tripura,True,False,B.Com,"hr-management,teaching,data-analysis,research",Energy,Ahmedabad,8.4,False
C2276,Ira Mirza,21,Female,General,Haryana,Hisar,False,False,BA,"project-management,communication,sql",Finance,Any,8.1,False
C2277,Preeti Khan,25,Female,OBC,Haryana,Yamunanagar,False,False,B.Tech,"hr-management,leadership",Healthcare,Delhi,7.7,False
C2278,Ananya Ali,25,Female,OBC,Rajasthan,Karauli,True,True,B.Tech,"digital-marketing,agriculture",Finance,Any,6.5,False
C2279,Manish Gupta,22,Male,OBC,Telangana,Warangal,False,False,B.Tech,"problem-solving,graphic-design,leadership,teaching,healthcare",IT,Any,9.1,False
C2280,Aanya Khanna,21,Female,OBC,Sikkim,North District,False,False,B.Tech,"graphic-design,supply-chain,hr-management,mechanical,research",Education,Jaipur,7.8,False
C2281,Aarohi More,22,Female,General,Nagaland,Kiphire,False,False,B.Tech,"teamwork,electrical,cad,project-management",IT,Any,8.4,True
C2282,Sam Subramanian,21,Other,EWS,Jharkhand,Pashchimi Singhbhum,True,True,BBA,"critical-thinking,civil,supply-chain,digital-marketing,javascript",IT,Bhubaneswar,9.1,False
C2283,Sunil Singh,23,Male,ST,Madhya Pradesh,Rewa,False,False,B.Tech,"python,finance",Manufacturing,Any,7.2,False
C2284,Jyoti Reddy,25,Female,SC,Meghalaya,Ribhoi,True,True,B.Tech,"marketing,mechanical",Finance,Gurgaon,7.5,False
C2285,Sachin Singh,24,Male,General,Lakshadweep,Minicoy,False,True,BA,"excel,cad,teaching",Education,Any,6.8,False
C2286,Aryan Banerjee,20,Male,EWS,Rajasthan,Karauli,True,True,B.Tech,"teaching,cad,research,supply-chain,machine-learning",Education,Any,6.9,False
C2287,Atharv Kapoor,25,Male,General,Puducherry,Puducherry,False,False,MCA,"electrical,graphic-design,excel,research",Manufacturing,Vadodara,7.7,False
C2288,Bhavna Iyer,24,Female,OBC,Gujarat,Ahmedabad,False,True,BA,"electrical,finance,civil,communication,excel",IT,Any,7.7,False
C2289,Sanjay Siddiqui,20,Male,OBC,Meghalaya,Ribhoi,True,True,B.Com,"content-writing,digital-marketing",Education,Any,5.6,False
C2290,Vivaan Kulkarni,24,Male,General,Meghalaya,Ribhoi,False,False,BA,"content-writing,agriculture,project-management,data-analysis",IT,Any,7.7,False
C2291,Ajay Khan,25,Male,General,Puducherry,Karaikal,False,True,B.Tech,"teaching,research",Energy,Any,7.8,False
C2292,Swati Ghosh,21,Female,OBC,Madhya Pradesh,Jabalpur,False,False,BA,"teamwork,research,graphic-design,civil",Manufacturing,Coimbatore,8.5,False
C2293,Ishaan Naidu,22,Male,General,Dadra and Nagar Haveli and Daman and Diu,Diu,False,True,MBA,"teaching,accounting",IT,Kolkata,7.0,False
C2294,Sonal Jain,24,Female,General,Telangana,Rangareddy,False,False,BA,"digital-marketing,teamwork",Healthcare,Any,8.3,False
C2295,Kavita Mukherjee,24,Female,General,West Bengal,Hooghly,False,True,BA,"excel,teaching,mechanical,electrical",Education,Gurgaon,7.3,False
C2296,Arjun Dubey,22,Male,SC,Karnataka,Raichur,False,False,BBA,"healthcare,sql",Finance,Bangalore,6.9,False
C2297,Deepak Jain,21,Male,SC,Uttar Pradesh,Siddharthnagar,True,False,B.Com,"healthcare,project-management,java",IT,Any,7.0,False
C2298,Myra Krishnan,20,Female,OBC,Chandigarh,Chandigarh,False,False,B.Tech,"mechanical,content-writing,javascript,excel",Agriculture,Kolkata,7.0,False
C2299,Aadhya Ansari,20,Female,General,Odisha,Dhenkanal,False,False,BSc,"healthcare,c++,teamwork,javascript",IT,Kolkata,6.3,False
C2300,Siddharth Singh,22,Male,General,Manipur,Imphal East,True,False,MCA,"hr-management,graphic-design,teaching",Education,Any,6.6,False
C2301,Deepak Ansari,23,Male,OBC,Sikkim,East District,False,True,MCA,"c++,agriculture",IT,Kochi,7.0,False
C2302,Vikram Kumar,23,Male,General,Kerala,Kottayam,False,True,B.Tech,"digital-marketing,problem-solving,excel",Finance,Bangalore,6.7,False
C2303,Avni Sharma,24,Female,SC,Uttar Pradesh,Agra,False,True,B.Tech,"sql,javascript,c++",Education,Any,8.6,False
C2304,Aryan Mukherjee,23,Male,SC,Sikkim,West District,False,False,MBA,"supply-chain,healthcare,teaching",Agriculture,Any,6.6,False
C2305,Shaurya Kulkarni,25,Male,SC,Goa,South Goa,False,False,BA,"civil,c++",Agriculture,Kochi,6.6,False
C2306,Aarav Khan,22,Male,General,Karnataka,Hubballi-Dharwad,False,True,B.Tech,"python,content-writing,data-analysis,excel",Agriculture,Pune,9.5,False
C2307,Sara Khanna,24,Female,OBC,Nagaland,Kohima,False,False,BBA,"supply-chain,leadership,civil",IT,Bangalore,5.6,False
C2308,Shaurya Gupta,21,Male,General,Chandigarh,Chandigarh,False,False,BA,"electrical,leadership,hr-management,graphic-design",Agriculture,Gurgaon,6.3,False
C2309,Veer Patel,21,Male,EWS,Meghalaya,East Garo Hills,False,True,B.Tech,"marketing,java,c++",Agriculture,Any,6.5,False
C2310,Siddharth Iyer,23,Male,SC,Arunachal Pradesh,Changlang,False,False,B.Tech,"accounting,finance",Agriculture,Nagpur,6.7,False
C2311,Taylor Singh,24,Other,SC,Jharkhand,Simdega,True,False,BA,"communication,leadership",Healthcare,Pune,6.5,False
C2312,Pranav Mehta,21,Male,General,Delhi,West Delhi,False,True,B.Tech,"javascript,content-writing,marketing,hr-management",Healthcare,Any,6.3,False
C2313,Anil Malhotra,21,Male,General,Chandigarh,Chandigarh,False,False,BA,"finance,graphic-design",IT,Kolkata,6.1,False
C2314,Sneha Rajan,24,Female,EWS,Andaman and Nicobar Islands,North and Middle Andaman,True,True,BBA,"problem-solving,leadership,sql,research",Healthcare,Coimbatore,7.3,False
C2315,Rohan Nair,23,Male,General,Odisha,Puri,False,False,BA,"javascript,content-writing,hr-management",Education,Coimbatore,5.6,False
C2316,Gaurav Hussain,24,Male,General,Nagaland,Mokokchung,False,True,B.Tech,"javascript,java,supply-chain",IT,Any,7.2,False
C2317,Ayaan Jain,20,Male,ST,Delhi,North East Delhi,False,False,B.Tech,"python,c++,machine-learning,supply-chain",Finance,Any,7.1,False
C2318,Aadi Tiwari,24,Male,OBC,Andhra Pradesh,Krishna,False,True,B.Tech,"data-analysis,sql,excel,python,digital-marketing",Education,Any,5.0,False
C2319,Suman Chopra,24,Female,SC,Tripura,West Tripura,False,True,MBA,"hr-management,sql,graphic-design,cad",Agriculture,Chandigarh,6.4,False
C2320,Vivek Naidu,21,Male,SC,Lakshadweep,Agatti,False,False,B.Tech,"cad,research,machine-learning,java,javascript",Manufacturing,Any,6.7,False
C2321,Sanjay Gupta,25,Male,OBC,Meghalaya,West Garo Hills,False,True,BA,"teaching,content-writing,civil,graphic-design",Finance,Any,7.7,False
C2322,Manoj Naidu,25,Male,General,Assam,Cachar,False,False,BA,"mechanical,sql,accounting,research",IT,Any,7.5,True
C2323,Vandana Ghosh,25,Female,General,Himachal Pradesh,Chamba,False,False,MBA,"electrical,hr-management,finance",Finance,Any,5.7,False
C2324,Sanjay Reddy,22,Male,General,Punjab,Jalandhar,False,False,BSc,"graphic-design,content-writing",Energy,Any,6.3,False
C2325,Ayaan Jadhav,23,Male,General,Chhattisgarh,Sukma,True,False,BSc,"healthcare,leadership,java,digital-marketing",Healthcare,Lucknow,8.8,False
C2326,Reyansh Khanna,22,Male,OBC,Kerala,Palakkad,False,True,B.Com,"content-writing,leadership,data-analysis",Finance,Any,6.1,False
C2327,Veer Ghosh,24,Male,ST,Ladakh,Kargil,False,False,B.Tech,"content-writing,excel",Finance,Any,8.5,False
C2328,Manoj Sen,23,Male,EWS,Himachal Pradesh,Una,False,False,BSc,"teamwork,electrical,healthcare,communication,java",Agriculture,Lucknow,7.3,False
C2329,Reyansh Joshi,22,Male,OBC,Jammu and Kashmir,Pulwama,False,False,B.Tech,"agriculture,c++,mechanical,finance,healthcare",Agriculture,Coimbatore,8.3,False
C2330,Veer Sen,22,Male,EWS,West Bengal,Hooghly,True,False,BA,"machine-learning,digital-marketing,communication,sql",Energy,Any,7.1,True
C2331,Pooja Bose,23,Female,General,Chandigarh,Chandigarh,False,True,B.Com,"mechanical,electrical,civil,communication,machine-learning",Education,Noida,7.3,False
C2332,Ravi Subramanian,22,Male,General,Jammu and Kashmir,Baramulla,True,False,BA,"accounting,excel,leadership",Manufacturing,Bhubaneswar,7.0,False
C2333,Pallavi Verma,20,Female,ST,Kerala,Palakkad,False,True,BSc,"c++,hr-management",Energy,Lucknow,6.6,False
C2334,Siddharth Ansari,23,Male,OBC,Madhya Pradesh,Vidisha,True,True,MBA,"communication,healthcare,finance,marketing,problem-solving",IT,Mumbai,8.6,False
C2335,Geeta Roy,23,Female,General,Sikkim,East District,False,True,BSc,"accounting,java,critical-thinking,project-management",IT,Any,7.9,True
C2336,Varun Yadav,24,Male,General,Assam,Goalpara,False,False,MBA,"teamwork,leadership,problem-solving,graphic-design",IT,Any,7.5,False
C2337,Ira Chopra,24,Female,OBC,Tripura,South Tripura,False,False,BSc,"agriculture,finance,problem-solving,critical-thinking",Agriculture,Any,8.7,False
C2338,Riya More,24,Female,EWS,Rajasthan,Bharatpur,False,False,B.Tech,"project-management,finance,python,content-writing,problem-solving",IT,Ahmedabad,8.2,False
C2339,Akash Singh,24,Male,General,Tripura,North Tripura,False,False,B.Tech,"mechanical,accounting",IT,Any,7.9,False
C2340,Vivaan Mukherjee,23,Male,General,Ladakh,Kargil,False,True,BA,"critical-thinking,leadership",Energy,Pune,7.1,False
C2341,Atharv Hussain,23,Male,OBC,Dadra and Nagar Haveli and Daman and Diu,Diu,False,False,BSc,"research,machine-learning,javascript,excel,content-writing",IT,Any,7.6,False
C2342,Rani Joshi,23,Female,OBC,Karnataka,Davanagere,False,False,MCA,"python,problem-solving,teamwork,graphic-design,java",Energy,Nagpur,8.5,False
C2343,Ananya Mirza,20,Female,OBC,Nagaland,Mon,True,False,BA,"problem-solving,cad,finance,supply-chain,hr-management",Healthcare,Gurgaon,6.6,False
C2344,Shreya Rao,23,Female,General,Telangana,Khammam,False,True,B.Tech,"problem-solving,electrical,critical-thinking",Finance,Bangalore,8.9,False
C2345,Komal Roy,25,Female,General,Dadra and Nagar Haveli and Daman and Diu,Diu,False,False,B.Tech,"javascript,machine-learning,accounting,marketing",Healthcare,Any,7.5,False
C2346,Saanvi Gaikwad,24,Female,ST,Sikkim,West District,False,False,B.Com,"agriculture,machine-learning,graphic-design,mechanical,electrical",Education,Indore,5.0,True
C2347,Casey Chopra,23,Other,OBC,Jammu and Kashmir,Pulwama,False,True,B.Com,"excel,marketing,electrical,civil",Education,Any,8.7,False
C2348,Yash Bhatia,23,Male,General,Maharashtra,Mumbai,False,False,MBA,"problem-solving,digital-marketing,leadership",Education,Nagpur,7.8,False
C2349,Ira Malhotra,22,Female,ST,Tamil Nadu,Salem,False,True,B.Com,"content-writing,healthcare,civil,agriculture",IT,Any,7.1,False
C2350,Karan Verma,25,Male,SC,Delhi,South Delhi,False,False,MBA,"accounting,c++",Finance,Any,6.1,False
C2351,Shaurya Chopra,22,Male,General,Maharashtra,Gadchiroli,True,False,B.Tech,"communication,machine-learning,finance,supply-chain,research",Energy,Kolkata,8.1,False
C2352,Amit Gupta,22,Male,EWS,Gujarat,Bhavnagar,True,False,B.Tech,"agriculture,c++",IT,Noida,7.8,False
C2353,Rajesh Shaikh,22,Male,General,Telangana,Adilabad,False,False,B.Tech,"healthcare,content-writing,digital-marketing",Energy,Kochi,6.2,False
C2354,Ayaan Khanna,22,Male,SC,Chhattisgarh,Dantewada,True,True,B.Tech,"leadership,project-management,cad,electrical,machine-learning",Agriculture,Any,5.1,True
C2355,Asha Desai,23,Female,OBC,Tamil Nadu,Salem,True,False,BBA,"communication,python",IT,Hyderabad,6.2,False
C2356,Riya Mehta,22,Female,OBC,Puducherry,Puducherry,False,False,B.Tech,"teaching,data-analysis,c++,mechanical,machine-learning",Education,Any,7.9,False
C2357,Yash Hegde,21,Male,OBC,Tripura,West Tripura,False,False,BA,"supply-chain,critical-thinking,data-analysis,java,marketing",Energy,Any,6.6,False
C2358,Deepak Rajan,25,Male,General,Meghalaya,West Garo Hills,False,False,BA,"mechanical,project-management",IT,Bangalore,8.1,False
C2359,Vikram Chatterjee,23,Male,General,Kerala,Wayanad,True,False,BSc,"accounting,python,excel",Education,Noida,7.0,False
C2360,Anita Rao,23,Female,General,Mizoram,Champhai,True,False,BSc,"cad,project-management,healthcare",Manufacturing,Any,7.1,False
C2361,Ira Rao,23,Female,General,Jharkhand,Simdega,False,True,B.Tech,"healthcare,teaching,python",Education,Bangalore,8.7,False
C2362,Alex Rajan,24,Other,ST,Delhi,New Delhi,False,False,BA,"content-writing,civil,supply-chain,java",Healthcare,Ahmedabad,7.4,True
C2363,Ajay Thakur,22,Male,EWS,Sikkim,East District,False,True,MCA,"agriculture,c++",Manufacturing,Hyderabad,8.5,True
C2364,Manish Patel,20,Male,General,Gujarat,Ahmedabad,False,False,B.Tech,"data-analysis,supply-chain",IT,Bangalore,7.3,False
C2365,Nikhil Pillai,20,Male,OBC,Lakshadweep,Minicoy,False,True,MCA,"machine-learning,cad,mechanical,digital-marketing,project-management",Energy,Gurgaon,5.5,False
C2366,Varun Naidu,25,Male,SC,Chhattisgarh,Durg,False,True,B.Tech,"research,c++,civil",Finance,Lucknow,6.2,False
C2367,Gaurav Chatterjee,22,Male,ST,Haryana,Panipat,True,False,BA,"data-analysis,teaching,teamwork,c++",IT,Any,5.9,False
C2368,Karan Ghosh,22,Male,OBC,Andaman and Nicobar Islands,Nicobar,False,True,B.Tech,"teaching,communication,electrical,project-management,graphic-design",Agriculture,Mumbai,7.7,False
C2369,Sunil Choudhary,22,Male,OBC,Ladakh,Leh,False,True,B.Tech,"electrical,healthcare,graphic-design,mechanical,critical-thinking",Agriculture,Ahmedabad,6.6,False
C2370,Preeti Subramanian,21,Female,OBC,Bihar,Jamui,True,False,BBA,"digital-marketing,c++",Healthcare,Any,8.6,False
C2371,Aditya Yadav,20,Male,General,Karnataka,Yadgir,False,False,BSc,"mechanical,machine-learning,marketing,excel,cad",Agriculture,Any,6.9,False
C2372,Ankit Pillai,21,Male,ST,Puducherry,Mahe,False,True,BA,"marketing,graphic-design,sql",IT,Lucknow,5.0,False
C2373,Deepa Shah,23,Female,OBC,Ladakh,Leh,False,False,BSc,"critical-thinking,teaching,excel,marketing",IT,Nagpur,8.6,False
C2374,Tanvi Reddy,21,Female,EWS,Chhattisgarh,Durg,False,False,MBA,"communication,finance,content-writing,marketing,teamwork",Education,Indore,5.7,False
C2375,Vikram Singh,23,Male,EWS,Gujarat,Jamnagar,False,False,B.Tech,"java,civil,digital-marketing,healthcare",Finance,Any,8.6,False
C2376,Geeta More,22,Female,SC,Nagaland,Mokokchung,False,False,B.Tech,"java,problem-solving,critical-thinking",Manufacturing,Any,6.1,True
C2377,Vikram Tiwari,23,Male,SC,West Bengal,North 24 Parganas,True,True,B.Tech,"marketing,electrical",Finance,Delhi,6.3,False
C2378,Rahul Mehta,25,Male,General,West Bengal,Darjeeling,False,True,MBA,"problem-solving,critical-thinking,healthcare,digital-marketing",IT,Kochi,9.2,True
C2379,Komal Sen,20,Female,ST,Assam,Baksa,False,False,BA,"mechanical,python,civil",Agriculture,Any,7.6,False
C2380,Preeti Ansari,25,Female,OBC,Ladakh,Leh,False,False,MBA,"electrical,mechanical,accounting,c++,java",Energy,Vadodara,5.2,False
C2381,Avni Verma,25,Female,ST,Jammu and Kashmir,Kathua,False,True,BA,"marketing,critical-thinking,supply-chain",Education,Any,5.6,False
C2382,Laxmi Nair,23,Female,ST,Uttarakhand,Udham Singh Nagar,True,True,BSc,"excel,healthcare,teaching",IT,Chandigarh,7.3,False
C2383,Laxmi Sharma,25,Female,General,Chhattisgarh,Dantewada,True,False,BSc,"accounting,supply-chain,mechanical,c++",Healthcare,Any,6.0,False
C2384,Avni Kapoor,20,Female,OBC,Maharashtra,Gadchiroli,True,True,BBA,"sql,healthcare,project-management",IT,Lucknow,8.0,False
C2385,Veer Bhatia,21,Male,OBC,Uttar Pradesh,Aligarh,False,False,MBA,"marketing,research,graphic-design",Agriculture,Delhi,6.7,False
C2386,Aditya Nair,25,Male,OBC,Ladakh,Leh,False,False,BSc,"agriculture,javascript,machine-learning,civil",Energy,Any,5.4,False
C2387,Shaurya Mukherjee,21,Male,General,Madhya Pradesh,Barwani,True,True,B.Tech,"hr-management,finance,supply-chain",Finance,Any,6.8,False
C2388,Avni Mukherjee,21,Female,EWS,Tamil Nadu,Kanchipuram,False,False,B.Tech,"teaching,electrical,civil,research",IT,Any,6.2,False
C2389,Jyoti Ansari,22,Female,General,Telangana,Rangareddy,False,True,B.Tech,"teamwork,problem-solving,java,teaching",IT,Any,7.7,False
C2390,Rohan Dubey,23,Male,OBC,Mizoram,Kolasib,False,False,B.Com,"communication,teaching,teamwork,problem-solving",Finance,Any,5.6,False
C2391,Preeti Hussain,24,Female,General,Bihar,Khagaria,False,True,BSc,"agriculture,c++,machine-learning",IT,Any,8.0,False
C2392,Usha Iyer,24,Female,General,Chhattisgarh,Dantewada,False,True,B.Tech,"research,teaching,healthcare",Healthcare,Indore,7.6,True
C2393,Myra Joshi,20,Female,General,Andaman and Nicobar Islands,South Andaman,False,False,MBA,"supply-chain,critical-thinking,content-writing,electrical,problem-solving",Education,Vadodara,6.1,False
C2394,Arjun Farooqui,25,Male,General,Uttarakhand,Haridwar,False,False,BA,"research,java,teamwork",Healthcare,Jaipur,9.4,False
C2395,Kavya Pillai,24,Female,General,Arunachal Pradesh,Tawang,False,False,BSc,"teaching,c++",Manufacturing,Nagpur,7.9,False
C2396,Priya Ali,21,Female,General,Manipur,Imphal West,False,False,BBA,"leadership,supply-chain",Energy,Any,6.4,False
C2397,Pankaj Reddy,25,Male,SC,Bihar,Sitamarhi,True,True,BSc,"cad,civil,sql",Healthcare,Ahmedabad,6.1,False
C2398,Anil Banerjee,25,Male,General,Meghalaya,East Garo Hills,False,False,BSc,"healthcare,javascript",Manufacturing,Any,7.3,False
C2399,Vandana Menon,23,Female,ST,Nagaland,Mokokchung,False,False,BSc,"communication,digital-marketing,teaching,excel,critical-thinking",IT,Coimbatore,7.0,False
C2400,Sara Chatterjee,21,Female,General,Odisha,Cuttack,False,False,BA,"leadership,finance,teaching,accounting",IT,Kolkata,6.4,False
C2401,Rohan Desai,21,Male,General,Punjab,Moga,True,True,BA,"sql,accounting,mechanical,research",IT,Any,5.6,False
C2402,Nisha Khanna,24,Female,SC,Himachal Pradesh,Hamirpur,False,False,B.Tech,"mechanical,digital-marketing,communication,content-writing",Agriculture,Ahmedabad,6.6,False
C2403,Kiara Agarwal,24,Female,General,Meghalaya,Jaintia Hills,False,False,BSc,"data-analysis,agriculture,c++,civil",Healthcare,Any,8.3,False
C2404,Tanvi Chopra,20,Female,SC,West Bengal,Howrah,True,False,B.Tech,"electrical,project-management",IT,Gurgaon,8.6,False
C2405,Aditi Naidu,20,Female,General,Andaman and Nicobar Islands,Nicobar,False,True,B.Tech,"problem-solving,machine-learning,research,excel,accounting",IT,Bhubaneswar,7.0,False
C2406,Aarav Rao,23,Other,OBC,Haryana,Hisar,False,False,B.Tech,"digital-marketing,leadership,agriculture,mechanical,machine-learning",IT,Noida,6.9,False
C2407,Pankaj Gupta,22,Male,SC,Meghalaya,Ribhoi,False,False,BSc,"mechanical,agriculture,content-writing,critical-thinking",IT,Any,8.5,False
C2408,Suresh Tiwari,25,Male,General,Kerala,Wayanad,False,True,BBA,"teamwork,supply-chain,javascript",Healthcare,Any,8.4,False
C2409,Rudra Kulkarni,23,Male,OBC,Mizoram,Lunglei,False,False,MBA,"leadership,excel,teamwork,machine-learning,c++",Healthcare,Any,5.5,False
C2410,Jyoti Malhotra,25,Female,OBC,Uttar Pradesh,Varanasi,False,True,B.Tech,"finance,graphic-design",IT,Bangalore,8.8,False
C2411,Vandana Farooqui,20,Female,OBC,Andaman and Nicobar Islands,North and Middle Andaman,False,False,B.Tech,"content-writing,project-management,sql",Education,Coimbatore,7.1,False
C2412,Meera Ali,23,Female,OBC,Meghalaya,Jaintia Hills,False,False,BSc,"teaching,marketing,teamwork,accounting,content-writing",Healthcare,Kolkata,6.3,True
C2413,Ajay Jadhav,24,Male,OBC,Odisha,Malkangiri,False,False,MBA,"healthcare,hr-management,finance",Education,Nagpur,5.7,False
C2414,Akash Gaikwad,21,Male,General,Lakshadweep,Kavaratti,False,False,MBA,"teamwork,machine-learning",IT,Any,6.2,False
C2415,Ritu Ghosh,23,Female,OBC,Dadra and Nagar Haveli and Daman and Diu,Daman,False,True,BSc,"marketing,civil,excel",Energy,Indore,8.2,False
C2416,Kavya Siddiqui,21,Female,EWS,Kerala,Palakkad,False,True,BBA,"agriculture,problem-solving,research,digital-marketing,marketing",IT,Any,8.7,False
C2417,Vivaan Gaikwad,22,Male,OBC,Uttar Pradesh,Fatehpur,True,False,B.Tech,"content-writing,project-management,digital-marketing",Agriculture,Vadodara,7.8,False
C2418,Sonal Shetty,21,Female,SC,Odisha,Malkangiri,True,True,B.Tech,"leadership,cad,content-writing,finance,excel",Healthcare,Kochi,5.0,False
C2419,Preeti Rajan,24,Female,General,Jammu and Kashmir,Udhampur,False,True,B.Tech,"research,agriculture,excel,problem-solving",Finance,Bangalore,7.7,True
C2420,Rani Gaikwad,23,Female,OBC,Punjab,Ludhiana,False,False,BSc,"supply-chain,leadership,teamwork,electrical,machine-learning",Agriculture,Any,5.7,False
C2421,Sunil Choudhary,25,Male,SC,Jammu and Kashmir,Anantnag,False,False,BBA,"research,communication",Agriculture,Any,7.1,False
C2422,Priya Thakur,21,Female,SC,Punjab,Gurdaspur,False,True,B.Com,"digital-marketing,sql,accounting,finance",Healthcare,Any,9.8,False
C2423,Divya Iyer,22,Female,OBC,Ladakh,Leh,False,True,B.Tech,"python,electrical",Energy,Chandigarh,8.0,False
C2424,Kavita Agarwal,21,Female,General,Telangana,Karimnagar,False,False,B.Com,"finance,communication,marketing",Finance,Any,7.3,False
C2425,Pari More,21,Female,General,Manipur,Ukhrul,False,True,MBA,"marketing,excel,machine-learning",Manufacturing,Noida,7.0,False
C2426,Aarav Thakur,21,Male,OBC,Andhra Pradesh,Krishna,False,False,MCA,"graphic-design,electrical,digital-marketing,hr-management",IT,Noida,7.7,False
C2427,Isha Hegde,25,Female,OBC,Assam,Sonitpur,False,False,B.Tech,"cad,data-analysis",Agriculture,Any,5.0,False
C2428,Aditi Gaikwad,21,Female,General,Chhattisgarh,Dantewada,True,True,B.Tech,"hr-management,accounting,project-management",Manufacturing,Any,6.9,False
C2429,Manisha Singh,23,Female,ST,Tripura,North Tripura,False,True,BSc,"cad,healthcare",Finance,Gurgaon,6.4,False
C2430,Pooja Menon,23,Female,General,Tamil Nadu,Vellore,False,False,MBA,"supply-chain,graphic-design,hr-management,finance,agriculture",IT,Chennai,6.5,False
C2431,Aarav Sen,24,Male,SC,Delhi,Central Delhi,False,True,BSc,"critical-thinking,python,communication",Healthcare,Indore,6.7,True
C2432,Manoj Hussain,25,Male,SC,Arunachal Pradesh,Changlang,False,True,BA,"agriculture,problem-solving",Finance,Any,6.1,False
C2433,Navya Hegde,23,Female,ST,Manipur,Bishnupur,False,False,BSc,"supply-chain,communication,python,c++,project-management",Manufacturing,Any,6.2,False
C2434,Karan Subramanian,23,Male,General,Sikkim,East District,False,True,BSc,"communication,data-analysis,finance,supply-chain",Healthcare,Jaipur,5.8,False
C2435,Kavita Tiwari,25,Female,General,Andhra Pradesh,Visakhapatnam,False,True,MCA,"marketing,javascript",IT,Any,5.0,True
C2436,Vivaan Bhatia,23,Male,SC,Himachal Pradesh,Hamirpur,False,True,B.Tech,"machine-learning,communication,marketing",Education,Jaipur,7.8,False
C2437,Sunita Pillai,20,Female,ST,Arunachal Pradesh,Tawang,False,False,MCA,"healthcare,project-management,civil,sql",IT,Jaipur,5.9,False
C2438,Pooja Pandey,22,Female,General,Odisha,Rayagada,False,False,BSc,"electrical,hr-management,accounting,excel",Finance,Bangalore,5.9,False
C2439,Riya Ghosh,22,Other,General,Maharashtra,Solapur,False,False,BSc,"content-writing,c++",Finance,Any,7.3,False
C2440,Shalini Tiwari,25,Female,SC,Jammu and Kashmir,Udhampur,False,False,MCA,"research,marketing,finance",Agriculture,Any,6.5,False
C2441,Deepa Chopra,22,Female,General,Ladakh,Leh,False,True,B.Tech,"civil,hr-management,marketing,agriculture,leadership",IT,Any,6.8,True
C2442,Morgan Malhotra,20,Other,OBC,Goa,North Goa,False,False,BSc,"project-management,agriculture,critical-thinking,electrical",Energy,Kolkata,6.5,False
C2443,Akash Naidu,23,Male,SC,Tamil Nadu,Chennai,False,False,B.Tech,"critical-thinking,machine-learning",Manufacturing,Bhubaneswar,9.2,False
C2444,Krishna Ahmed,22,Male,OBC,Uttarakhand,Haridwar,True,True,B.Com,"content-writing,machine-learning,finance,hr-management",Finance,Any,9.9,False
C2445,Preeti Khanna,20,Female,SC,Gujarat,Jamnagar,False,False,MBA,"healthcare,civil,leadership,accounting",Finance,Any,8.3,False
C2446,Saanvi Kulkarni,23,Female,General,Delhi,North East Delhi,False,True,MBA,"teamwork,accounting,marketing,supply-chain,hr-management",Healthcare,Mumbai,6.2,False
C2447,Advik Siddiqui,20,Male,General,Gujarat,Ahmedabad,False,False,BA,"leadership,hr-management",IT,Any,7.0,False
C2448,Jyoti Pillai,21,Female,SC,Gujarat,Ahmedabad,True,False,MBA,"research,accounting,communication",IT,Any,5.9,False
C2449,Geeta Menon,23,Female,General,Madhya Pradesh,Singrauli,False,True,B.Com,"excel,communication,accounting,sql,python",Healthcare,Indore,9.1,False
C2450,Suman Chopra,21,Female,OBC,Telangana,Khammam,False,True,BBA,"mechanical,javascript",IT,Any,7.4,False
C2451,Taylor Das,20,Other,EWS,Uttarakhand,Dehradun,False,True,MCA,"project-management,mechanical,agriculture",Agriculture,Any,6.7,False
C2452,Ravi Shaikh,25,Male,General,Telangana,Nizamabad,False,True,MBA,"supply-chain,electrical,content-writing",Finance,Any,8.0,False
C2453,Pallavi Gupta,22,Female,General,Rajasthan,Sirohi,False,True,MBA,"graphic-design,finance,teaching,digital-marketing",Energy,Any,5.9,False
C2454,Ishaan Mishra,21,Male,OBC,Manipur,Ukhrul,False,True,BBA,"critical-thinking,hr-management,teamwork,problem-solving",IT,Any,7.5,False
C2455,Reyansh Kumar,22,Male,OBC,Karnataka,Kalaburagi,False,True,MBA,"research,excel,c++,mechanical",Energy,Gurgaon,5.6,False
C2456,Isha Ansari,25,Female,General,Uttar Pradesh,Balrampur,True,False,B.Tech,"c++,sql,supply-chain,data-analysis",Energy,Noida,7.3,False
C2457,Usha Arora,20,Female,ST,Andhra Pradesh,Anantapur,False,False,BSc,"hr-management,c++,java",Healthcare,Kochi,6.3,False
C2458,Karan Chatterjee,24,Male,General,Lakshadweep,Kavaratti,False,False,MCA,"python,mechanical,sql",Energy,Any,6.6,False
C2459,Ananya Bose,21,Female,OBC,Jharkhand,Palamu,True,False,B.Com,"sql,data-analysis,machine-learning",Energy,Any,7.0,True
C2460,Morgan Patel,22,Other,OBC,Gujarat,Jamnagar,False,False,MBA,"python,digital-marketing",Finance,Any,7.4,False
C2461,Varun Malhotra,22,Male,General,Manipur,Imphal West,False,False,BA,"leadership,marketing",Healthcare,Mumbai,6.3,True
C2462,Rajesh Arora,22,Male,General,Gujarat,Bhavnagar,False,False,MBA,"accounting,data-analysis,javascript",Healthcare,Chennai,9.9,False
C2463,Vihaan Arora,21,Male,General,Mizoram,Champhai,False,True,B.Tech,"javascript,finance,c++,project-management,content-writing",Finance,Any,8.2,False
C2464,Vikram Verma,21,Male,EWS,Puducherry,Karaikal,False,True,B.Tech,"leadership,supply-chain,python",Manufacturing,Any,7.7,False
C2465,Ira Mirza,20,Female,OBC,Madhya Pradesh,Indore,False,True,BBA,"electrical,agriculture,marketing,mechanical",IT,Hyderabad,6.9,False
C2466,Ira Joshi,25,Female,OBC,Uttarakhand,Champawat,False,False,B.Tech,"project-management,excel,accounting,research",Finance,Hyderabad,6.6,True
C2467,Sunita Menon,22,Female,General,Punjab,Moga,True,False,B.Tech,"cad,supply-chain,accounting,machine-learning",IT,Kochi,7.3,True
C2468,Asha Nair,20,Female,OBC,Jammu and Kashmir,Anantnag,False,True,BA,"cad,agriculture,electrical,javascript",IT,Kolkata,6.4,False
C2469,Sanjay Patil,22,Male,EWS,Tamil Nadu,Tirunelveli,False,False,BSc,"problem-solving,accounting,mechanical,hr-management,project-management",IT,Any,6.0,False
C2470,Sunita Arora,20,Female,General,Nagaland,Tuensang,False,False,B.Tech,"data-analysis,critical-thinking",Finance,Delhi,7.6,False
C2471,Geeta Patel,20,Female,SC,Kerala,Kollam,False,True,B.Tech,"hr-management,research,electrical,accounting",Manufacturing,Kolkata,6.7,False
C2472,Saanvi Roy,22,Female,General,Andhra Pradesh,West Godavari,False,False,BSc,"python,leadership",Education,Mumbai,7.8,False
C2473,Harsh Farooqui,23,Male,OBC,Maharashtra,Osmanabad,True,True,MBA,"project-management,electrical,digital-marketing",Education,Coimbatore,7.2,False
C2474,Sneha Jain,23,Female,SC,Sikkim,North District,False,True,B.Tech,"sql,healthcare,finance",Manufacturing,Any,7.5,False
C2475,Sneha Agarwal,24,Female,SC,Ladakh,Leh,False,False,B.Com,"marketing,python,content-writing",Healthcare,Any,5.0,False
C2476,Usha More,25,Female,OBC,Bihar,Khagaria,True,False,B.Tech,"leadership,sql,finance,digital-marketing",Finance,Nagpur,6.1,False
C2477,Rani Dubey,22,Female,SC,Bihar,Purnia,False,True,B.Tech,"machine-learning,electrical,c++,cad,teaching",Education,Any,6.4,True
C2478,Vihaan Rao,25,Male,SC,Puducherry,Puducherry,False,False,MCA,"content-writing,graphic-design,communication,c++",Agriculture,Pune,5.9,False
C2479,Ananya Kulkarni,23,Female,General,Telangana,Rangareddy,False,False,BSc,"digital-marketing,project-management,agriculture",Finance,Chandigarh,8.6,False
C2480,Ishaan Farooqui,25,Male,OBC,Tamil Nadu,Vellore,True,True,B.Tech,"java,digital-marketing",Finance,Kolkata,8.5,False
C2481,Abhishek Kapoor,21,Male,OBC,Jharkhand,Sahibganj,False,True,B.Tech,"digital-marketing,accounting,problem-solving,cad",IT,Pune,8.1,False
C2482,Krishna Hussain,24,Male,General,Mizoram,Champhai,False,False,BBA,"mechanical,machine-learning",Finance,Any,6.5,False
C2483,Ritu Rajan,21,Female,OBC,Goa,North Goa,False,True,BA,"project-management,graphic-design,teamwork",Manufacturing,Any,6.3,False
C2484,Riya Das,24,Other,General,Punjab,Moga,False,True,MCA,"javascript,critical-thinking,electrical,teamwork",Healthcare,Any,6.4,False
C2485,Naveen Dubey,22,Male,General,Puducherry,Karaikal,True,False,BBA,"civil,sql,machine-learning",Agriculture,Ahmedabad,7.0,False
C2486,Nikhil Ansari,21,Male,General,Tamil Nadu,Tirunelveli,False,False,B.Tech,"sql,javascript,research,marketing,excel",IT,Any,8.6,False
C2487,Rekha Bhatia,22,Female,SC,Kerala,Kollam,False,False,B.Tech,"civil,marketing,agriculture,project-management,java",Finance,Kolkata,6.8,False
C2488,Sanjay Ansari,22,Male,ST,Goa,North Goa,False,True,BA,"electrical,project-management,communication,finance",Education,Ahmedabad,6.0,False
C2489,Jyoti Rajan,24,Female,General,Uttar Pradesh,Agra,True,False,MBA,"teamwork,c++",Manufacturing,Any,7.0,False
C2490,Saanvi Patil,20,Female,General,Meghalaya,West Garo Hills,False,False,BA,"communication,civil,critical-thinking",Energy,Ahmedabad,7.9,False
C2491,Ritu Bose,25,Female,SC,Manipur,Bishnupur,True,True,B.Com,"supply-chain,healthcare,teaching,mechanical",IT,Any,8.6,False
C2492,Ritu Malhotra,21,Female,SC,Karnataka,Hubballi-Dharwad,False,True,MCA,"research,mechanical,finance,accounting,digital-marketing",IT,Chandigarh,7.3,False
C2493,Manish Tiwari,25,Male,SC,Telangana,Mahabubnagar,False,False,B.Com,"python,accounting,civil,content-writing",Education,Hyderabad,5.4,False
C2494,Taylor Kulkarni,21,Other,EWS,Chandigarh,Chandigarh,False,False,B.Com,"healthcare,finance,leadership,graphic-design,digital-marketing",Agriculture,Any,5.0,False
C2495,Rahul Rajan,24,Male,OBC,Goa,North Goa,False,False,BSc,"javascript,sql,supply-chain,hr-management,java",IT,Jaipur,5.3,False
C2496,Geeta Banerjee,25,Female,SC,Assam,Jorhat,False,True,MCA,"critical-thinking,graphic-design",Agriculture,Ahmedabad,7.7,False
C2497,Harsh Shetty,24,Male,OBC,Haryana,Karnal,False,False,MBA,"graphic-design,finance,supply-chain",Energy,Any,6.3,False
C2498,Amit Patil,23,Male,OBC,Uttar Pradesh,Bareilly,False,True,BA,"accounting,project-management,c++",Agriculture,Any,7.2,False
C2499,Kabir Sharma,22,Other,SC,West Bengal,Howrah,False,True,B.Com,"cad,healthcare",Energy,Any,8.8,False
C2500,Advik Dubey,21,Male,OBC,Arunachal Pradesh,Changlang,False,False,MCA,"marketing,finance",Agriculture,Any,7.8,True
C2501,Ira Kumar,25,Female,General,Tripura,North Tripura,False,True,MCA,"data-analysis,mechanical,teaching,hr-management",Energy,Pune,6.6,False
C2502,Manisha Chopra,21,Female,OBC,Lakshadweep,Agatti,False,False,BBA,"sql,electrical",Healthcare,Any,9.5,False
C2503,Ananya Thakur,23,Female,OBC,Mizoram,Mamit,True,False,B.Tech,"teamwork,healthcare,accounting",Finance,Any,7.7,False
C2504,Tanvi Malhotra,22,Female,OBC,Nagaland,Kiphire,True,True,B.Tech,"excel,agriculture,sql",IT,Kochi,7.2,True
C2505,Ritu Ahmed,24,Female,General,Kerala,Kollam,False,False,BA,"problem-solving,civil,c++",IT,Any,7.3,False
C2506,Aarav Pandey,24,Male,General,Punjab,Mohali,False,True,BBA,"leadership,javascript,teamwork,hr-management",IT,Kolkata,9.7,False
C2507,Kiara Patil,25,Female,General,Tamil Nadu,Tiruchirappalli,True,False,BSc,"accounting,project-management,supply-chain,mechanical,sql",Healthcare,Any,8.1,False
C2508,Usha More,24,Female,OBC,Manipur,Bishnupur,False,False,BBA,"accounting,teamwork,finance",Education,Kolkata,7.2,False
C2509,Rani Roy,20,Female,ST,Karnataka,Tumakuru,False,True,MCA,"hr-management,teaching,civil,sql",Finance,Any,6.6,False
C2510,Rohan Sen,24,Male,OBC,Telangana,Medchal,False,True,MBA,"sql,graphic-design,research,python,civil",IT,Jaipur,6.9,False
C2511,Shalini Malhotra,23,Female,OBC,Uttar Pradesh,Kanpur Nagar,False,True,MBA,"marketing,graphic-design,mechanical,critical-thinking",Education,Ahmedabad,5.0,False
C2512,Pooja Ghosh,23,Female,General,Dadra and Nagar Haveli and Daman and Diu,Dadra and Nagar Haveli,False,True,MCA,"healthcare,accounting",Education,Delhi,7.4,False
C2513,Suman Bose,21,Female,OBC,Assam,Jorhat,False,True,B.Tech,"mechanical,agriculture,teamwork",Energy,Any,6.6,False
C2514,Pallavi Patil,22,Female,OBC,Manipur,Imphal East,True,True,B.Tech,"leadership,accounting,critical-thinking,agriculture",IT,Gurgaon,6.8,False
C2515,Harsh Thakur,20,Male,OBC,Delhi,East Delhi,False,True,MCA,"mechanical,agriculture,data-analysis,finance",IT,Indore,7.3,False
C2516,Naveen Mehta,24,Male,OBC,Manipur,Thoubal,False,True,B.Com,"machine-learning,teaching,supply-chain",Education,Kochi,5.6,True
C2517,Divya Tiwari,24,Female,ST,Telangana,Nalgonda,False,False,MBA,"sql,teaching,java,graphic-design,research",Finance,Any,6.9,False
C2518,Aadhya Verma,23,Female,OBC,Madhya Pradesh,Bhopal,False,False,MBA,"agriculture,critical-thinking,healthcare,content-writing",Manufacturing,Any,8.4,True
C2519,Diya Dubey,24,Female,General,Chandigarh,Chandigarh,False,True,BSc,"python,marketing,problem-solving",Education,Ahmedabad,8.6,False
C2520,Sunita Mishra,24,Female,General,Tripura,Dhalai,False,False,BA,"accounting,healthcare",IT,Indore,6.3,False
C2521,Mohit Hegde,20,Male,SC,Maharashtra,Kolhapur,False,True,B.Com,"supply-chain,sql,cad,teaching,python",Finance,Chandigarh,9.4,False
C2522,Morgan Agarwal,24,Other,OBC,Rajasthan,Jaipur,True,True,B.Com,"cad,project-management",Healthcare,Mumbai,6.4,False
C2523,Diya Sen,21,Female,General,Himachal Pradesh,Kullu,False,False,MBA,"graphic-design,project-management,mechanical,content-writing,excel",Education,Vadodara,6.9,False
C2524,Aarav Farooqui,20,Male,SC,Lakshadweep,Minicoy,False,True,B.Tech,"hr-management,teaching",Manufacturing,Chandigarh,7.6,False
C2525,Manisha Tiwari,22,Female,OBC,Manipur,Imphal West,False,True,B.Tech,"agriculture,civil,cad",Finance,Kochi,9.3,True
C2526,Shaurya Arora,25,Male,General,Manipur,Thoubal,False,False,BBA,"electrical,digital-marketing,research",Manufacturing,Nagpur,7.2,True
C2527,Veer Mishra,25,Male,SC,Goa,North Goa,False,False,B.Tech,"healthcare,marketing,problem-solving",IT,Any,7.0,True
C2528,Mohit Ali,20,Male,OBC,Madhya Pradesh,Sagar,False,True,B.Tech,"project-management,electrical,digital-marketing,machine-learning",Education,Any,8.1,True
C2529,Isha Shah,24,Female,General,Madhya Pradesh,Ujjain,False,False,BA,"data-analysis,machine-learning,teamwork,supply-chain,java",IT,Chandigarh,7.1,False
C2530,Diya Singh,20,Female,OBC,Karnataka,Kalaburagi,False,False,MBA,"machine-learning,cad,java",Finance,Any,6.8,False
C2531,Vivaan Mehta,24,Male,ST,Kerala,Wayanad,True,True,MCA,"graphic-design,problem-solving",Education,Kolkata,6.2,False
C2532,Rudra Joshi,20,Male,OBC,Assam,Sonitpur,False,False,BBA,"agriculture,data-analysis",Finance,Nagpur,7.0,True
C2533,Ishaan Malhotra,23,Male,SC,Andhra Pradesh,East Godavari,False,True,MBA,"excel,mechanical",IT,Any,8.2,False
C2534,Nisha Krishnan,23,Female,General,Haryana,Faridabad,True,True,MBA,"finance,marketing,healthcare,javascript,research",Healthcare,Lucknow,7.0,False
C2535,Siddharth Pillai,20,Male,EWS,Uttarakhand,Dehradun,False,False,MBA,"python,teamwork",Manufacturing,Any,5.8,False
C2536,Rahul Khanna,22,Male,SC,Dadra and Nagar Haveli and Daman and Diu,Dadra and Nagar Haveli,False,True,B.Tech,"communication,sql,healthcare,teaching",IT,Any,6.9,False
C2537,Vivek Bose,24,Male,SC,Dadra and Nagar Haveli and Daman and Diu,Daman,False,True,BBA,"python,digital-marketing,cad,healthcare",Education,Chennai,9.9,False
C2538,Pallavi Agarwal,20,Female,EWS,Chandigarh,Chandigarh,False,False,MCA,"marketing,machine-learning,accounting,content-writing,leadership",IT,Hyderabad,6.3,False
C2539,Shaurya Bhatia,23,Male,OBC,Punjab,Jalandhar,False,True,B.Com,"leadership,electrical,civil",IT,Indore,7.2,False
C2540,Rahul Choudhary,20,Male,OBC,Chandigarh,Chandigarh,True,False,BSc,"data-analysis,teamwork,java",Manufacturing,Any,6.5,False
C2541,Aadi Das,25,Male,OBC,Andaman and Nicobar Islands,South Andaman,False,True,B.Com,"marketing,communication,leadership,project-management,agriculture",Finance,Any,7.6,False
C2542,Komal Sen,20,Female,EWS,Puducherry,Karaikal,False,True,MBA,"communication,healthcare,javascript,python,c++",Energy,Indore,5.5,True
C2543,Usha Pillai,25,Female,SC,Chandigarh,Chandigarh,False,False,B.Tech,"healthcare,content-writing,machine-learning,teaching",IT,Any,8.9,False
C2544,Jordan Pandey,24,Other,OBC,Chhattisgarh,Korba,False,False,B.Tech,"problem-solving,civil,machine-learning,critical-thinking",IT,Hyderabad,9.3,False
C2545,Suresh Nair,24,Male,General,Delhi,East Delhi,False,False,MCA,"c++,leadership,electrical,accounting",IT,Delhi,6.9,False
C2546,Diya Verma,20,Female,General,West Bengal,Nadia,True,False,BBA,"healthcare,electrical,leadership,teamwork",Finance,Lucknow,7.9,True
C2547,Rohan Shah,25,Male,OBC,Ladakh,Leh,True,False,B.Tech,"cad,sql,marketing,communication",Finance,Chandigarh,5.9,False
C2548,Vivek Bhatia,22,Male,General,Delhi,South West Delhi,False,False,B.Com,"python,javascript",Finance,Any,8.8,False
C2549,Suresh Mehta,24,Male,General,Ladakh,Kargil,False,False,B.Tech,"problem-solving,healthcare",Finance,Coimbatore,8.9,False
C2550,Pallavi Khanna,24,Female,General,Goa,South Goa,False,False,BA,"content-writing,cad,project-management",Finance,Any,6.3,False
C2551,Krishna Malhotra,23,Male,General,Goa,North Goa,False,False,B.Tech,"javascript,cad,teaching,digital-marketing,problem-solving",Healthcare,Gurgaon,6.3,False
C2552,Morgan Kapoor,22,Other,General,Mizoram,Lunglei,False,True,BA,"excel,data-analysis,agriculture,java",Agriculture,Any,6.5,False
C2553,Veer Rajan,22,Male,OBC,Dadra and Nagar Haveli and Daman and Diu,Dadra and Nagar Haveli,False,False,B.Com,"cad,javascript",IT,Any,6.7,False
C2554,Asha Thakur,24,Female,ST,Jammu and Kashmir,Srinagar,False,True,B.Tech,"finance,project-management",Energy,Any,7.0,True
C2555,Ritu Singh,21,Female,General,Jammu and Kashmir,Pulwama,True,False,BSc,"agriculture,problem-solving,teamwork",Agriculture,Any,5.4,False
C2556,Sonal Joshi,20,Female,General,Arunachal Pradesh,Namsai,True,False,MBA,"excel,healthcare,mechanical,graphic-design",IT,Indore,8.4,False
C2557,Atharv Arora,23,Male,OBC,Uttarakhand,Champawat,False,True,BBA,"teamwork,content-writing,finance,graphic-design",Energy,Indore,8.0,False
C2558,Komal Joshi,20,Female,EWS,Arunachal Pradesh,Lower Subansiri,False,False,MCA,"java,mechanical",IT,Any,7.2,False
C2559,Ayaan Shaikh,20,Male,OBC,Dadra and Nagar Haveli and Daman and Diu,Dadra and Nagar Haveli,False,False,B.Tech,"teamwork,c++",Agriculture,Any,5.9,False
C2560,Divya Iyer,24,Female,ST,Puducherry,Yanam,True,False,B.Com,"teamwork,hr-management,excel,graphic-design,marketing",Finance,Any,6.9,False
C2561,Gaurav Nair,24,Male,OBC,Lakshadweep,Agatti,False,True,B.Com,"communication,accounting,teamwork",Education,Hyderabad,7.1,False
C2562,Naveen Mirza,20,Male,SC,Manipur,Ukhrul,False,False,B.Tech,"accounting,mechanical,electrical,machine-learning,graphic-design",Healthcare,Any,6.0,False
C2563,Tanvi Thakur,20,Female,OBC,Himachal Pradesh,Hamirpur,False,False,B.Tech,"teaching,excel,problem-solving",IT,Chennai,8.2,False
C2564,Pari Kapoor,20,Female,OBC,Uttar Pradesh,Moradabad,False,False,B.Tech,"excel,python",Energy,Kolkata,7.2,False
C2565,Asha Jadhav,22,Female,General,Punjab,Mohali,False,False,B.Tech,"graphic-design,electrical",Agriculture,Mumbai,7.7,False
C2566,Rohan Das,22,Male,General,Chhattisgarh,Sukma,True,True,BBA,"java,leadership,graphic-design",IT,Any,6.2,False
C2567,Sonal Agarwal,25,Female,General,Sikkim,East District,False,False,BSc,"excel,java,hr-management,supply-chain,machine-learning",IT,Any,7.5,False
C2568,Suresh Nair,20,Male,General,Telangana,Rangareddy,False,False,MBA,"healthcare,java,excel,machine-learning,hr-management",Energy,Gurgaon,6.5,False
C2569,Gaurav Patil,23,Male,General,Goa,South Goa,False,True,B.Tech,"digital-marketing,project-management,supply-chain,cad,healthcare",Finance,Any,7.4,False
C2570,Deepak Jadhav,22,Male,General,Madhya Pradesh,Jabalpur,True,True,B.Tech,"teamwork,critical-thinking,communication,project-management,hr-management",Manufacturing,Any,9.1,False
C2571,Atharv Ghosh,20,Male,General,Ladakh,Kargil,False,False,BA,"digital-marketing,teamwork,critical-thinking",IT,Bangalore,7.5,False
C2572,Isha Bose,23,Female,General,Delhi,South Delhi,False,True,BBA,"electrical,digital-marketing,finance,content-writing,cad",Finance,Any,6.7,False
C2573,Veer Farooqui,21,Male,OBC,Chhattisgarh,Bastar,False,False,BSc,"excel,teaching,java,javascript",Agriculture,Jaipur,5.6,True
C2574,Geeta Kapoor,24,Female,OBC,Karnataka,Davanagere,False,False,B.Tech,"problem-solving,agriculture,finance,content-writing",Agriculture,Nagpur,8.7,False
C2575,Meera Malhotra,25,Female,General,Delhi,East Delhi,False,False,BA,"python,project-management,content-writing",IT,Chennai,6.4,False
C2576,Suresh Choudhary,25,Male,General,Lakshadweep,Kavaratti,False,False,BSc,"graphic-design,python,finance",Finance,Any,7.6,False
C2577,Sunita Sharma,20,Female,General,Rajasthan,Dholpur,True,False,BA,"project-management,healthcare,java",Finance,Any,7.9,False
C2578,Ravi Tiwari,21,Male,General,Delhi,South Delhi,False,True,MBA,"leadership,research",Energy,Any,7.2,False
C2579,Rekha Jain,24,Female,General,Meghalaya,Jaintia Hills,False,False,B.Tech,"content-writing,healthcare",Manufacturing,Any,9.2,False
C2580,Pankaj Mehta,22,Male,OBC,Karnataka,Hubballi-Dharwad,False,True,MBA,"graphic-design,teaching,finance,communication,project-management",Energy,Any,7.8,False
C2581,Usha Iyer,23,Female,EWS,Ladakh,Kargil,False,False,BSc,"mechanical,hr-management",IT,Any,9.8,False
C2582,Siddharth Patel,25,Male,OBC,Maharashtra,Satara,False,True,BSc,"hr-management,leadership,problem-solving",IT,Any,7.9,False
C2583,Rahul Khan,24,Male,General,Andhra Pradesh,West Godavari,False,True,MCA,"supply-chain,agriculture,mechanical",Agriculture,Any,6.8,False
C2584,Navya Khanna,22,Female,EWS,Chhattisgarh,Mahasamund,False,True,MBA,"teaching,machine-learning",Education,Any,5.9,False
C2585,Nikhil Shetty,23,Male,ST,Chandigarh,Chandigarh,False,True,BSc,"cad,finance,machine-learning",IT,Any,7.0,False
C2586,Sonal Mukherjee,21,Female,General,Haryana,Karnal,False,False,BA,"critical-thinking,electrical,marketing,agriculture",Agriculture,Ahmedabad,5.0,False
C2587,Myra Sharma,20,Female,SC,Mizoram,Champhai,False,False,BSc,"c++,mechanical,data-analysis,python",Manufacturing,Gurgaon,6.5,True
C2588,Shreya Nair,21,Female,OBC,Ladakh,Kargil,False,False,B.Tech,"sql,python",IT,Bhubaneswar,7.0,False
C2589,Sunita Patel,24,Female,EWS,Dadra and Nagar Haveli and Daman and Diu,Daman,False,False,BSc,"digital-marketing,content-writing,marketing,teaching",Healthcare,Any,8.9,False
C2590,Taylor Jain,22,Other,General,Chandigarh,Chandigarh,False,True,B.Tech,"hr-management,communication,healthcare",Healthcare,Chandigarh,7.9,True
C2591,Aadhya Verma,22,Female,General,Andhra Pradesh,Guntur,False,False,MBA,"digital-marketing,mechanical",Finance,Indore,8.1,False
C2592,Anita Shah,23,Female,OBC,Rajasthan,Bikaner,False,True,B.Tech,"critical-thinking,electrical,healthcare,agriculture",IT,Nagpur,8.2,False
C2593,Shalini Bhatia,23,Female,OBC,Chhattisgarh,Kanker,True,True,B.Tech,"civil,digital-marketing",Finance,Nagpur,6.3,False
C2594,Anjali Arora,23,Female,OBC,Jharkhand,Godda,False,False,BSc,"graphic-design,python,critical-thinking",Agriculture,Any,6.4,False
C2595,Isha Pandey,22,Female,SC,Tamil Nadu,Vellore,True,False,B.Com,"critical-thinking,healthcare,agriculture",Agriculture,Ahmedabad,9.9,True
C2596,Ananya Desai,23,Female,ST,Telangana,Nizamabad,False,False,B.Tech,"problem-solving,mechanical,teaching,sql",Energy,Any,8.4,False
C2597,Rekha Sen,22,Female,General,Manipur,Bishnupur,False,True,MBA,"communication,problem-solving",IT,Coimbatore,7.7,False
C2598,Deepak Kapoor,20,Male,EWS,Karnataka,Mysuru,False,True,MBA,"critical-thinking,data-analysis,javascript,project-management,digital-marketing",Energy,Bhubaneswar,7.0,False
C2599,Manish Tiwari,22,Male,OBC,Mizoram,Kolasib,False,True,BBA,"excel,accounting,digital-marketing,finance",Agriculture,Any,5.0,False
C2600,Rohan Mehta,22,Male,SC,Meghalaya,West Garo Hills,False,False,B.Tech,"data-analysis,javascript,sql,research",Education,Gurgaon,8.1,False
C2601,Ayaan Pillai,21,Male,SC,Mizoram,Lunglei,False,True,B.Tech,"graphic-design,agriculture,accounting,electrical",Finance,Hyderabad,7.2,False
C2602,Atharv Hussain,21,Male,ST,Karnataka,Raichur,True,False,BA,"machine-learning,digital-marketing,electrical",Finance,Any,7.9,False
C2603,Anjali Mirza,24,Female,General,Chhattisgarh,Raipur,True,False,BSc,"agriculture,electrical",Education,Any,8.3,False
C2604,Asha Khan,22,Female,OBC,Nagaland,Dimapur,False,False,B.Tech,"digital-marketing,javascript,c++",Agriculture,Nagpur,6.1,False
C2605,Pankaj Chopra,22,Male,OBC,Andhra Pradesh,East Godavari,False,True,BSc,"digital-marketing,teamwork,machine-learning,marketing,research",Education,Nagpur,8.6,False
C2606,Aditya Sen,22,Male,General,Uttarakhand,Pauri Garhwal,False,True,BA,"digital-marketing,critical-thinking",Manufacturing,Chennai,7.7,False
C2607,Aditya Naidu,20,Male,OBC,Puducherry,Karaikal,False,False,BA,"machine-learning,leadership",Finance,Mumbai,8.3,True
C2608,Pooja Kulkarni,21,Female,OBC,Chandigarh,Chandigarh,False,False,BA,"research,graphic-design,mechanical",Agriculture,Any,8.4,False
C2609,Pallavi Sharma,23,Female,OBC,Haryana,Nuh,False,False,B.Tech,"communication,java,teamwork,sql,cad",Energy,Bangalore,8.7,False
C2610,Vihaan Agarwal,22,Male,General,Madhya Pradesh,Sagar,False,False,B.Tech,"javascript,agriculture,finance",IT,Any,8.5,True
C2611,Siddharth Joshi,23,Male,General,Assam,Hailakandi,False,True,MCA,"c++,project-management,graphic-design,supply-chain,cad",Finance,Kolkata,5.6,False
C2612,Suman Hussain,25,Female,General,Andaman and Nicobar Islands,South Andaman,False,False,MCA,"data-analysis,teaching",Education,Indore,8.3,False
C2613,Gaurav Banerjee,24,Male,EWS,Karnataka,Ballari,False,True,B.Tech,"marketing,javascript,cad,mechanical,electrical",IT,Any,7.4,False
C2614,Aditi Jain,22,Female,General,Assam,Cachar,False,False,B.Com,"teamwork,data-analysis,finance,critical-thinking,healthcare",Energy,Any,7.1,False
C2615,Shalini Kumar,22,Female,OBC,Dadra and Nagar Haveli and Daman and Diu,Dadra and Nagar Haveli,False,False,BSc,"teaching,mechanical",IT,Lucknow,9.3,False
C2616,Vandana Gupta,20,Female,OBC,Tamil Nadu,Erode,False,True,B.Tech,"graphic-design,mechanical,python,content-writing",IT,Delhi,7.2,False
C2617,Rohan Subramanian,22,Male,OBC,Odisha,Khordha,False,False,BSc,"critical-thinking,excel,civil,python",Healthcare,Bhubaneswar,6.5,False
C2618,Shaurya Desai,25,Male,General,Chhattisgarh,Dantewada,False,False,BA,"graphic-design,research,teaching,mechanical",Education,Chennai,8.3,False
C2619,Anjali Rao,22,Female,General,Punjab,Hoshiarpur,False,True,MCA,"critical-thinking,excel",Education,Pune,7.4,False
C2620,Vikram Nair,23,Male,General,Kerala,Kollam,False,True,MCA,"leadership,civil,excel,data-analysis",Healthcare,Any,7.4,False
C2621,Ishaan Ahmed,25,Male,General,West Bengal,Birbhum,False,False,MBA,"project-management,java,accounting,civil,data-analysis",Healthcare,Any,6.6,False
C2622,Rajesh Desai,22,Male,ST,Dadra and Nagar Haveli and Daman and Diu,Dadra and Nagar Haveli,False,False,MBA,"sql,healthcare,digital-marketing",Education,Any,8.0,False
C2623,Asha Ghosh,24,Female,EWS,Karnataka,Tumakuru,False,False,MCA,"excel,machine-learning,teamwork,graphic-design",Manufacturing,Kolkata,8.2,False
C2624,Pooja Yadav,24,Female,SC,Ladakh,Leh,False,False,B.Tech,"electrical,healthcare,javascript",Finance,Hyderabad,6.8,False
C2625,Rani Tiwari,20,Female,General,Andhra Pradesh,Y.S.R. Kadapa,False,False,B.Tech,"python,agriculture,teaching",Agriculture,Any,7.3,False
C2626,Geeta Mehta,25,Female,SC,Gujarat,Bhavnagar,False,False,MCA,"content-writing,sql",IT,Nagpur,8.4,False
C2627,Laxmi Hussain,21,Female,OBC,Jharkhand,Dumka,False,False,MCA,"finance,c++",Finance,Any,5.9,False
C2628,Pari Choudhary,20,Female,General,Madhya Pradesh,Chhatarpur,False,True,B.Tech,"graphic-design,finance,leadership,c++",Healthcare,Any,6.4,False
C2629,Anika Bose,20,Female,ST,Karnataka,Tumakuru,False,False,BA,"healthcare,accounting,project-management,machine-learning",Finance,Any,6.6,False
C2630,Amit Krishnan,23,Male,EWS,Nagaland,Mokokchung,False,False,B.Tech,"electrical,mechanical",Finance,Pune,5.2,False
C2631,Vivaan Qureshi,20,Male,General,Andaman and Nicobar Islands,North and Middle Andaman,False,True,B.Tech,"data-analysis,agriculture,excel,healthcare,content-writing",Healthcare,Bhubaneswar,6.7,False
C2632,Aarav Yadav,23,Male,OBC,Kerala,Ernakulam,False,True,B.Tech,"leadership,javascript,accounting,problem-solving,mechanical",IT,Bhubaneswar,8.8,False
C2633,Aadi Shah,24,Male,EWS,Jharkhand,Gumla,True,False,B.Com,"communication,digital-marketing,cad,c++,critical-thinking",Education,Kochi,7.5,False
C2634,Ayaan More,20,Male,General,Goa,North Goa,True,False,MBA,"communication,javascript",Finance,Pune,6.0,True
C2635,Vihaan Mishra,21,Male,ST,Jharkhand,Latehar,False,True,B.Tech,"digital-marketing,civil",IT,Mumbai,8.7,False
C2636,Sara Yadav,24,Female,General,Andaman and Nicobar Islands,North and Middle Andaman,False,False,MCA,"javascript,healthcare,agriculture,cad,project-management",Finance,Any,7.0,False
C2637,Priya Menon,24,Female,EWS,Chandigarh,Chandigarh,False,False,BA,"sql,civil,leadership",Manufacturing,Any,7.3,False
C2638,Pari Ali,23,Female,OBC,Bihar,Gaya,False,False,B.Tech,"critical-thinking,electrical,teaching,digital-marketing,java",IT,Any,8.2,False
C2639,Krishna Dubey,22,Male,SC,Ladakh,Leh,False,True,B.Tech,"teaching,digital-marketing",Agriculture,Any,6.3,False
C2640,Sachin Shetty,21,Male,OBC,Lakshadweep,Kavaratti,True,True,MCA,"hr-management,electrical,research",Agriculture,Any,8.6,False
C2641,Isha Dubey,21,Female,EWS,Goa,South Goa,False,True,B.Com,"javascript,civil,problem-solving,digital-marketing",Finance,Hyderabad,5.0,False
C2642,Varun Ahmed,25,Male,General,Kerala,Alappuzha,False,True,BSc,"marketing,leadership,project-management,graphic-design",IT,Any,8.4,False
C2643,Preeti Subramanian,24,Female,General,Telangana,Nizamabad,False,False,B.Com,"machine-learning,supply-chain",IT,Any,7.2,False
C2644,Sachin Farooqui,25,Male,SC,Tripura,South Tripura,False,True,B.Tech,"teamwork,c++",IT,Any,7.1,False
C2645,Ajay Jadhav,20,Male,General,West Bengal,Birbhum,False,False,BBA,"graphic-design,leadership,python,machine-learning,problem-solving",Finance,Delhi,7.0,False
C2646,Priya Tiwari,23,Female,General,Punjab,Jalandhar,False,False,B.Com,"finance,mechanical,accounting,communication",Agriculture,Nagpur,6.3,False
C2647,Myra Agarwal,22,Female,ST,Kerala,Kozhikode,False,False,B.Tech,"problem-solving,hr-management,supply-chain,cad",Education,Any,8.5,False
C2648,Morgan Hegde,23,Other,General,Uttarakhand,Tehri Garhwal,False,True,B.Tech,"graphic-design,finance,supply-chain",IT,Any,7.4,False
C2649,Ritu Agarwal,24,Female,OBC,Arunachal Pradesh,Namsai,False,False,BBA,"javascript,hr-management",IT,Mumbai,5.5,False
C2650,Rohan Pillai,22,Male,OBC,Goa,North Goa,False,True,B.Com,"mechanical,excel,problem-solving",Manufacturing,Mumbai,8.8,False
C2651,Anika Rao,20,Female,General,Arunachal Pradesh,Papum Pare,False,False,B.Tech,"healthcare,mechanical",Agriculture,Any,8.7,False
C2652,Usha Das,22,Female,EWS,Mizoram,Mamit,False,False,BSc,"sql,graphic-design,research,problem-solving",IT,Kochi,8.5,False
C2653,Kavita Reddy,23,Female,OBC,Karnataka,Ballari,True,True,B.Com,"sql,excel,teamwork",Education,Hyderabad,5.8,False
C2654,Ayaan Bhatia,22,Male,General,Tripura,South Tripura,False,False,BBA,"javascript,sql,accounting,leadership",Energy,Noida,6.2,False
C2655,Reyansh Kulkarni,20,Male,General,Chhattisgarh,Sukma,False,False,B.Com,"accounting,content-writing",IT,Jaipur,9.1,False
C2656,Riya Joshi,24,Other,General,Ladakh,Kargil,False,False,B.Tech,"content-writing,problem-solving,sql",IT,Any,8.3,False
C2657,Rohan Shetty,20,Male,General,Arunachal Pradesh,East Siang,False,False,B.Com,"healthcare,digital-marketing,problem-solving,communication,sql",Agriculture,Any,8.0,False
C2658,Deepak Shetty,24,Male,General,Arunachal Pradesh,West Kameng,False,True,B.Com,"accounting,data-analysis,project-management,finance",IT,Any,9.2,True
C2659,Shreya Roy,23,Female,OBC,Lakshadweep,Agatti,False,True,B.Tech,"accounting,healthcare,graphic-design,finance",Energy,Any,7.0,False
C2660,Priya Arora,25,Female,ST,Goa,South Goa,True,True,BBA,"agriculture,problem-solving,excel,data-analysis",Manufacturing,Nagpur,7.1,False
C2661,Saanvi Shetty,20,Female,General,Tamil Nadu,Tirunelveli,False,True,B.Tech,"project-management,marketing",Education,Gurgaon,6.8,False
C2662,Jyoti Hussain,22,Female,OBC,Kerala,Kannur,True,False,MCA,"electrical,teaching",IT,Any,7.7,False
C2663,Priya Sen,23,Female,SC,Kerala,Kollam,False,True,BA,"agriculture,accounting,hr-management,electrical,teamwork",Healthcare,Nagpur,7.7,True
C2664,Siddharth Gupta,22,Male,OBC,Puducherry,Mahe,False,False,BSc,"cad,critical-thinking",IT,Pune,8.4,False
C2665,Usha Chatterjee,21,Female,SC,West Bengal,North 24 Parganas,False,False,BSc,"teaching,electrical,agriculture,hr-management",IT,Hyderabad,9.4,False
C2666,Sanjay Sen,21,Male,General,Haryana,Yamunanagar,False,False,B.Tech,"marketing,agriculture,civil,leadership,c++",IT,Chandigarh,7.5,False
C2667,Sara Jain,21,Female,General,Punjab,Amritsar,False,True,B.Tech,"content-writing,problem-solving,mechanical,project-management,electrical",Energy,Delhi,9.2,False
C2668,Vivek Kumar,25,Male,ST,Delhi,North Delhi,False,False,BBA,"critical-thinking,communication,excel,python,marketing",Finance,Any,7.5,False
C2669,Varun Chatterjee,20,Male,EWS,Andaman and Nicobar Islands,North and Middle Andaman,False,True,B.Com,"java,communication,digital-marketing,accounting,c++",IT,Nagpur,6.8,False
C2670,Rohan Krishnan,20,Male,SC,West Bengal,Howrah,False,False,BA,"java,communication,javascript,leadership",IT,Chandigarh,7.4,False
C2671,Taylor Kumar,24,Other,OBC,Chhattisgarh,Bilaspur,False,True,BA,"research,hr-management,teamwork,critical-thinking",Energy,Any,6.0,False
C2672,Isha More,22,Female,OBC,Haryana,Panipat,False,True,BSc,"research,sql,finance,agriculture",Healthcare,Pune,6.1,False
C2673,Rani Kumar,24,Female,EWS,Lakshadweep,Kavaratti,False,False,BA,"javascript,cad,civil,hr-management,communication",Healthcare,Any,5.5,False
C2674,Sunita Menon,23,Female,EWS,West Bengal,North 24 Parganas,False,False,B.Tech,"project-management,java,leadership",Finance,Any,5.0,False
C2675,Karan Jain,21,Male,ST,Assam,Baksa,True,False,BA,"teamwork,javascript,critical-thinking,content-writing",Manufacturing,Lucknow,7.0,False
C2676,Pankaj Naidu,25,Male,EWS,Puducherry,Mahe,False,True,B.Com,"mechanical,graphic-design",Manufacturing,Chennai,8.3,True
C2677,Rani Dubey,23,Female,General,Madhya Pradesh,Vidisha,True,False,B.Tech,"research,c++,leadership",Manufacturing,Chandigarh,7.4,True
C2678,Kavita Ali,24,Female,OBC,Goa,North Goa,False,True,MCA,"mechanical,civil",Agriculture,Nagpur,6.7,True
C2679,Amit Kumar,23,Male,General,Bihar,Jamui,True,True,BBA,"accounting,cad,civil,research,c++",IT,Gurgaon,6.5,False
C2680,Ajay Mirza,22,Male,General,Karnataka,Yadgir,True,False,BSc,"hr-management,python,cad,critical-thinking",IT,Bhubaneswar,6.3,False
C2681,Divya Hegde,20,Female,EWS,Himachal Pradesh,Shimla,False,False,BSc,"research,machine-learning",IT,Any,7.8,False
C2682,Varun Roy,22,Male,OBC,Himachal Pradesh,Hamirpur,False,False,MBA,"hr-management,leadership",Finance,Lucknow,8.2,False
C2683,Casey Pillai,24,Other,EWS,Lakshadweep,Kavaratti,False,False,BSc,"problem-solving,machine-learning",Manufacturing,Any,7.6,False
C2684,Neha Gaikwad,25,Female,OBC,Karnataka,Mangaluru,False,True,BA,"java,agriculture,c++",Energy,Nagpur,7.5,False
C2685,Aarav Ansari,23,Male,OBC,Ladakh,Kargil,False,True,BSc,"machine-learning,electrical,javascript,project-management",Education,Mumbai,7.7,False
C2686,Aditya Hegde,23,Male,OBC,Uttar Pradesh,Meerut,False,True,BSc,"marketing,content-writing,critical-thinking,communication,digital-marketing",IT,Any,5.5,False
C2687,Ayaan Tiwari,23,Male,EWS,Andaman and Nicobar Islands,North and Middle Andaman,False,False,B.Tech,"java,civil,accounting,healthcare",Finance,Chandigarh,7.3,False
C2688,Asha Mishra,23,Female,General,Andhra Pradesh,East Godavari,False,True,B.Tech,"research,javascript,python",IT,Any,6.3,False
C2689,Veer Qureshi,21,Male,General,Nagaland,Dimapur,False,False,MBA,"graphic-design,critical-thinking,cad,problem-solving,javascript",Education,Any,7.0,False
C2690,Sneha Qureshi,23,Female,SC,Karnataka,Hubballi-Dharwad,False,False,MBA,"teamwork,mechanical,research,excel,graphic-design",Education,Jaipur,5.8,True
C2691,Siddharth Sharma,20,Male,General,West Bengal,Nadia,False,True,B.Tech,"excel,c++",Energy,Pune,9.1,False
C2692,Kavita Iyer,22,Female,ST,Jammu and Kashmir,Udhampur,False,False,B.Tech,"c++,finance,accounting",IT,Bhubaneswar,7.1,False
C2693,Kavita Yadav,23,Female,General,Odisha,Puri,False,True,BA,"hr-management,leadership",Energy,Delhi,7.9,False
C2694,Navya Dubey,20,Female,OBC,Karnataka,Yadgir,False,True,B.Tech,"teamwork,mechanical",IT,Gurgaon,7.2,False
C2695,Dhruv Ali,21,Male,EWS,Meghalaya,Jaintia Hills,False,False,BBA,"hr-management,marketing,machine-learning,agriculture",Education,Pune,8.3,False
C2696,Bhavna Agarwal,24,Female,General,Haryana,Faridabad,False,False,BBA,"project-management,javascript,c++",Finance,Any,6.6,True
C2697,Kavita Yadav,21,Female,General,Karnataka,Tumakuru,False,False,MBA,"java,research",Education,Bhubaneswar,6.2,False
C2698,Akash Naidu,24,Male,General,Odisha,Dhenkanal,False,True,BBA,"healthcare,cad,leadership,electrical",Finance,Hyderabad,5.5,False
C2699,Ishaan Jadhav,23,Male,OBC,Sikkim,Gangtok,False,False,B.Tech,"healthcare,python,electrical",Finance,Delhi,9.9,False
C2700,Bhavna Shah,23,Female,EWS,Delhi,Central Delhi,False,True,BSc,"mechanical,communication",Education,Any,6.4,False
C2701,Divya Jadhav,25,Female,EWS,Rajasthan,Alwar,False,False,BA,"communication,leadership",Healthcare,Any,6.3,False
C2702,Navya Patil,22,Female,OBC,Meghalaya,East Khasi Hills,False,True,MBA,"critical-thinking,content-writing",IT,Ahmedabad,8.4,False
C2703,Geeta Joshi,22,Female,OBC,Nagaland,Dimapur,False,False,B.Com,"accounting,content-writing,cad",Manufacturing,Any,6.3,False
C2704,Sachin Das,21,Male,EWS,Assam,Hailakandi,False,False,BA,"civil,content-writing",IT,Bangalore,6.0,True
C2705,Rudra Arora,24,Male,OBC,Himachal Pradesh,Mandi,True,False,B.Com,"leadership,supply-chain,machine-learning",Manufacturing,Jaipur,7.8,False
C2706,Ishaan Menon,24,Male,SC,Odisha,Kandhamal,False,False,B.Tech,"excel,java",Manufacturing,Any,6.3,False
C2707,Kabir Bhatia,24,Other,OBC,Delhi,South West Delhi,False,False,B.Tech,"research,teamwork,content-writing,python,critical-thinking",Agriculture,Any,8.2,False
C2708,Meera Kulkarni,20,Female,General,Lakshadweep,Agatti,False,False,BA,"finance,javascript,leadership",IT,Any,7.8,False
C2709,Ajay Khan,21,Male,General,Nagaland,Dimapur,False,True,MBA,"electrical,sql,hr-management",Manufacturing,Pune,8.9,False
C2710,Geeta Tiwari,24,Female,SC,Tamil Nadu,Erode,False,False,B.Tech,"content-writing,civil,javascript,python",Energy,Any,8.3,False
C2711,Pallavi Thakur,24,Female,OBC,Manipur,Thoubal,False,True,BA,"excel,healthcare",Healthcare,Any,5.8,False
C2712,Shalini Menon,22,Female,EWS,Jharkhand,Khunti,True,True,BSc,"sql,communication,teamwork,project-management",Energy,Any,7.9,False
C2713,Tanvi Nair,24,Female,SC,Assam,Barpeta,True,False,B.Tech,"machine-learning,python",IT,Any,5.9,False
C2714,Abhishek Yadav,24,Male,General,Andhra Pradesh,Vizianagaram,True,False,BA,"critical-thinking,python,content-writing,c++,cad",IT,Indore,8.2,True
C2715,Vandana Rao,20,Female,General,Chhattisgarh,Korba,True,True,BA,"digital-marketing,communication,c++",Healthcare,Bangalore,5.5,False
C2716,Ritu Subramanian,22,Female,OBC,Lakshadweep,Minicoy,False,True,MBA,"cad,hr-management,python,javascript",Finance,Any,7.1,False
C2717,Ankit Bose,21,Male,ST,Tripura,Unakoti,False,True,B.Tech,"civil,java",Manufacturing,Chandigarh,7.5,False
C2718,Aryan Gupta,24,Male,General,Uttar Pradesh,Gorakhpur,False,False,B.Com,"content-writing,java,finance,python,cad",Finance,Ahmedabad,8.7,True
C2719,Tanvi Rajan,24,Female,SC,Himachal Pradesh,Kangra,False,False,B.Tech,"accounting,java,healthcare",Manufacturing,Any,6.6,False
C2720,Laxmi Gupta,21,Female,ST,Lakshadweep,Agatti,False,True,B.Com,"project-management,cad,hr-management",Energy,Any,6.3,False
C2721,Anjali Agarwal,24,Female,SC,Meghalaya,East Garo Hills,False,True,B.Tech,"agriculture,project-management,accounting,hr-management",IT,Any,9.2,False
C2722,Aadhya Kumar,23,Female,OBC,Chandigarh,Chandigarh,False,True,MBA,"supply-chain,c++",Manufacturing,Pune,6.8,True
C2723,Naveen Mishra,24,Male,General,West Bengal,North 24 Parganas,False,False,BBA,"healthcare,critical-thinking",Finance,Any,5.4,False
C2724,Vivek Khanna,25,Male,General,Manipur,Ukhrul,False,True,BBA,"healthcare,accounting,critical-thinking,graphic-design",Finance,Any,8.1,False
C2725,Asha Kumar,23,Female,General,Chandigarh,Chandigarh,False,True,B.Tech,"project-management,c++,graphic-design,research,javascript",IT,Bangalore,5.6,False
C2726,Sunil Mirza,20,Male,OBC,Chandigarh,Chandigarh,False,True,MBA,"c++,python,javascript",Finance,Bangalore,7.6,False
C2727,Geeta Ahmed,23,Female,OBC,Chhattisgarh,Durg,False,True,B.Com,"c++,teamwork,agriculture,project-management",Energy,Any,7.2,False
C2728,Sachin Rao,20,Male,OBC,Maharashtra,Osmanabad,True,True,BA,"accounting,supply-chain",Healthcare,Any,8.2,False
C2729,Jyoti Kulkarni,22,Female,OBC,Odisha,Balangir,False,True,MCA,"finance,javascript",IT,Any,5.7,False
C2730,Tanvi Menon,20,Female,ST,West Bengal,Hooghly,False,True,B.Tech,"supply-chain,data-analysis,accounting",Finance,Any,6.2,False
C2731,Kabir Jadhav,23,Male,OBC,Mizoram,Kolasib,False,True,MBA,"communication,machine-learning,content-writing,problem-solving,java",Finance,Pune,6.5,False
C2732,Suresh Sharma,20,Male,General,Meghalaya,Ribhoi,False,False,MBA,"machine-learning,research,problem-solving,communication",IT,Indore,7.4,False
C2733,Arjun Mirza,21,Male,General,Bihar,Katihar,True,False,B.Tech,"finance,project-management,data-analysis,accounting",IT,Ahmedabad,7.6,False
C2734,Ayaan Iyer,24,Male,General,Punjab,Amritsar,False,True,B.Com,"machine-learning,c++,teaching,cad,critical-thinking",IT,Gurgaon,6.7,False
C2735,Shreya Chatterjee,22,Female,ST,Bihar,Bhagalpur,True,False,B.Com,"healthcare,content-writing",Healthcare,Any,8.4,False
C2736,Laxmi Ali,23,Female,OBC,Tamil Nadu,Erode,False,False,B.Tech,"python,mechanical",Education,Any,9.1,False
C2737,Ishaan Sharma,23,Male,General,Andhra Pradesh,Guntur,False,True,BBA,"javascript,accounting,hr-management,excel,research",Energy,Jaipur,8.1,False
C2738,Myra Rajan,22,Female,SC,West Bengal,Kolkata,False,False,MCA,"finance,graphic-design,java,accounting",Agriculture,Any,6.2,True
C2739,Rahul Iyer,24,Male,ST,Nagaland,Mokokchung,False,True,BBA,"teamwork,critical-thinking",Healthcare,Mumbai,7.8,False
C2740,Vandana Ghosh,20,Female,General,Mizoram,Champhai,False,False,B.Com,"sql,teamwork,communication,electrical,project-management",IT,Any,7.6,False
C2741,Ajay Malhotra,20,Male,OBC,Dadra and Nagar Haveli and Daman and Diu,Diu,False,False,BBA,"healthcare,hr-management,civil,finance",Healthcare,Kochi,9.6,False
C2742,Abhishek Chopra,25,Male,OBC,Sikkim,West District,False,True,BA,"machine-learning,problem-solving,civil",Manufacturing,Any,7.5,False
C2743,Sam Chatterjee,25,Other,General,Uttar Pradesh,Meerut,False,False,MCA,"data-analysis,digital-marketing,content-writing,excel,electrical",Manufacturing,Any,7.0,False
C2744,Taylor Mehta,22,Other,ST,Tamil Nadu,Kanchipuram,False,False,MCA,"civil,agriculture",Finance,Any,7.7,False
C2745,Abhishek Bhatia,24,Male,General,Gujarat,Rajkot,True,False,B.Tech,"teaching,python",Education,Chennai,7.5,False
C2746,Kavita Ghosh,23,Female,General,Dadra and Nagar Haveli and Daman and Diu,Daman,False,True,MCA,"mechanical,c++,research",Education,Any,7.5,True
C2747,Meera Patel,21,Female,OBC,Assam,Goalpara,False,False,BSc,"cad,electrical,finance,sql,leadership",Finance,Jaipur,6.6,False
C2748,Nisha Shetty,20,Female,OBC,Rajasthan,Kota,False,True,B.Tech,"project-management,agriculture",Manufacturing,Any,7.7,False
C2749,Ira Jain,25,Female,SC,Meghalaya,East Garo Hills,False,False,BBA,"java,finance",Finance,Kochi,6.8,False
C2750,Atharv Rao,24,Male,General,Lakshadweep,Agatti,False,False,B.Tech,"mechanical,graphic-design,electrical,leadership",Education,Any,7.5,False
C2751,Rakesh Shah,25,Male,General,Manipur,Bishnupur,False,False,B.Tech,"excel,electrical,mechanical,javascript,hr-management",IT,Any,6.6,True
C2752,Aanya Rajan,20,Female,OBC,Delhi,South Delhi,False,False,MBA,"communication,critical-thinking,research,machine-learning,graphic-design",Healthcare,Any,7.5,False
C2753,Nisha Gupta,21,Female,SC,Assam,Goalpara,True,True,MBA,"data-analysis,problem-solving,research,communication,digital-marketing",Finance,Any,6.1,False
C2754,Sunil Shetty,20,Male,ST,Delhi,Shahdara,False,False,B.Tech,"leadership,hr-management",IT,Any,6.9,False
C2755,Akash Rajan,25,Male,OBC,Chandigarh,Chandigarh,False,True,MBA,"digital-marketing,excel,critical-thinking",Agriculture,Delhi,6.6,True
C2756,Ajay Rao,25,Male,SC,Gujarat,Surat,False,False,BA,"accounting,python,marketing,supply-chain",Energy,Kolkata,7.8,False
C2757,Myra Chopra,20,Female,EWS,Goa,North Goa,False,True,BA,"excel,critical-thinking,accounting",Education,Chandigarh,5.8,False
C2758,Myra Roy,22,Female,OBC,Sikkim,South District,False,True,BSc,"finance,mechanical,leadership,graphic-design,teamwork",Manufacturing,Any,6.4,False
C2759,Vikram Farooqui,25,Male,SC,Manipur,Imphal East,True,False,B.Tech,"accounting,python",IT,Any,6.8,False
C2760,Bhavna Rao,20,Female,General,Goa,North Goa,False,False,BA,"excel,communication",Agriculture,Lucknow,7.6,True
C2761,Sonal Agarwal,21,Female,OBC,Arunachal Pradesh,West Kameng,True,False,MBA,"cad,python,data-analysis",Manufacturing,Any,8.5,False
C2762,Manoj Hussain,20,Male,General,Bihar,Jamui,False,False,B.Com,"mechanical,problem-solving,digital-marketing,civil,teamwork",IT,Any,8.2,False
C2763,Pooja Jadhav,23,Female,SC,Puducherry,Yanam,False,False,BSc,"marketing,mechanical,supply-chain,content-writing,machine-learning",Finance,Pune,8.3,False
C2764,Naveen Menon,24,Male,General,Kerala,Kozhikode,False,False,BBA,"excel,agriculture,teamwork,cad,java",Energy,Kolkata,6.0,False
C2765,Aadi Desai,25,Male,EWS,Chandigarh,Chandigarh,False,True,B.Com,"content-writing,sql",Finance,Chandigarh,7.4,False
C2766,Neha Shaikh,23,Female,General,Meghalaya,Ribhoi,True,False,B.Tech,"problem-solving,data-analysis",Healthcare,Any,7.6,True
C2767,Arjun Mukherjee,24,Male,OBC,Madhya Pradesh,Sagar,False,False,BA,"marketing,excel,project-management,healthcare",Education,Any,8.2,True
C2768,Karan Hegde,22,Male,EWS,West Bengal,Murshidabad,True,True,BSc,"java,problem-solving,supply-chain",IT,Bhubaneswar,8.1,False
C2769,Sunil Naidu,24,Male,EWS,Rajasthan,Udaipur,True,False,MCA,"digital-marketing,hr-management,mechanical",Education,Any,6.0,False
C2770,Bhavna Menon,20,Female,OBC,Jharkhand,Godda,True,True,BBA,"teaching,content-writing,healthcare,electrical,supply-chain",IT,Coimbatore,5.8,False
C2771,Shaurya Qureshi,25,Male,EWS,Mizoram,Champhai,False,True,BBA,"finance,problem-solving,electrical,python",Education,Mumbai,9.1,False
C2772,Arjun Bhatia,23,Male,EWS,Odisha,Ganjam,False,True,BA,"graphic-design,cad,communication",Healthcare,Kolkata,5.9,True
C2773,Pooja Khan,24,Female,EWS,Sikkim,South District,False,False,BBA,"excel,content-writing,data-analysis,civil",Healthcare,Chandigarh,8.3,False
C2774,Aditya Krishnan,23,Male,SC,Odisha,Sundargarh,False,True,MBA,"machine-learning,c++,excel,finance",Finance,Mumbai,7.9,False
C2775,Ajay Kapoor,20,Male,General,Chhattisgarh,Kondagaon,False,False,BA,"accounting,content-writing,java,project-management",Energy,Any,9.8,False
C2776,Yash Menon,22,Male,General,Madhya Pradesh,Bhopal,False,True,BSc,"javascript,project-management,supply-chain",IT,Any,8.5,False
C2777,Shaurya Mukherjee,22,Male,EWS,Uttarakhand,Tehri Garhwal,False,False,B.Tech,"sql,digital-marketing,research",IT,Any,5.9,False
C2778,Deepak Jain,25,Male,OBC,Tamil Nadu,Virudhunagar,False,False,BBA,"healthcare,problem-solving,communication",IT,Any,6.3,False
C2779,Sneha Ghosh,24,Female,General,Karnataka,Raichur,True,False,B.Com,"problem-solving,excel",IT,Any,7.1,True
C2780,Usha Pillai,20,Female,General,Jharkhand,Khunti,True,True,BSc,"teamwork,python,accounting",Education,Hyderabad,5.8,False
C2781,Atharv Singh,22,Male,General,Uttar Pradesh,Bahraich,False,False,B.Tech,"cad,leadership,graphic-design,marketing",Education,Any,6.2,False
C2782,Anika Patil,22,Female,SC,Nagaland,Mon,True,False,BA,"agriculture,electrical,supply-chain,hr-management",Healthcare,Mumbai,7.2,False
C2783,Naveen Dubey,21,Male,General,Rajasthan,Jaisalmer,False,False,MCA,"supply-chain,agriculture,machine-learning,graphic-design",Energy,Mumbai,7.3,False
C2784,Aditya Reddy,24,Male,OBC,Meghalaya,Jaintia Hills,False,False,MCA,"healthcare,sql,leadership,agriculture,supply-chain",Finance,Any,7.2,False
C2785,Avni Chopra,21,Female,EWS,Assam,Cachar,False,False,BA,"supply-chain,c++",Healthcare,Lucknow,7.8,False
C2786,Laxmi Iyer,20,Female,SC,Assam,Cachar,False,False,B.Tech,"java,javascript,leadership,digital-marketing,finance",IT,Any,6.4,False
C2787,Riya Shetty,21,Other,General,Himachal Pradesh,Kullu,False,True,MCA,"c++,javascript,cad,python",Healthcare,Mumbai,8.0,False
C2788,Rakesh Nair,24,Male,ST,Sikkim,South District,False,False,BSc,"digital-marketing,supply-chain",Energy,Any,5.7,False
C2789,Vikram Chopra,23,Male,OBC,Odisha,Nuapada,False,False,B.Com,"communication,sql,civil,python,finance",Agriculture,Coimbatore,8.0,False
C2790,Ravi Tiwari,23,Male,OBC,Ladakh,Leh,False,False,BSc,"sql,c++",Manufacturing,Jaipur,6.9,False
C2791,Asha Menon,20,Female,OBC,Goa,North Goa,False,False,MBA,"javascript,marketing,graphic-design,cad,machine-learning",Agriculture,Any,6.3,False
C2792,Krishna Mehta,21,Male,OBC,Andaman and Nicobar Islands,Nicobar,False,True,B.Tech,"c++,communication",Finance,Chennai,7.2,False
C2793,Advik Mukherjee,25,Male,OBC,Meghalaya,Jaintia Hills,False,False,MBA,"machine-learning,content-writing",IT,Any,6.7,False
C2794,Tanvi Desai,20,Female,ST,Puducherry,Puducherry,False,False,B.Tech,"electrical,critical-thinking,teaching,graphic-design,python",Agriculture,Hyderabad,6.9,False
C2795,Priya Dubey,24,Female,General,Nagaland,Tuensang,False,True,B.Com,"accounting,healthcare,electrical,digital-marketing,java",Healthcare,Gurgaon,7.6,False
C2796,Asha Khan,23,Female,General,Lakshadweep,Kavaratti,False,True,MBA,"data-analysis,project-management,c++",Education,Any,7.7,False
C2797,Anika Mishra,21,Female,OBC,Nagaland,Tuensang,False,False,BBA,"healthcare,research,supply-chain",IT,Kochi,7.5,True
C2798,Vivaan Shetty,24,Male,SC,Uttar Pradesh,Prayagraj,False,True,B.Tech,"finance,teamwork,cad,supply-chain",Energy,Lucknow,6.9,False
C2799,Manoj Arora,25,Male,General,Gujarat,Jamnagar,False,False,B.Tech,"research,marketing",IT,Delhi,6.2,False
C2800,Pankaj Chatterjee,24,Male,EWS,Himachal Pradesh,Kangra,False,False,B.Com,"civil,content-writing,healthcare",Education,Any,6.8,False
C2801,Diya Malhotra,25,Female,EWS,Uttarakhand,Pauri Garhwal,False,True,MBA,"teaching,mechanical,c++,data-analysis,finance",Manufacturing,Delhi,9.0,False
C2802,Abhishek Shaikh,22,Male,General,Odisha,Cuttack,False,True,B.Tech,"marketing,javascript",IT,Any,5.8,True
C2803,Karan Gaikwad,24,Male,General,Goa,South Goa,False,False,BSc,"teaching,supply-chain,electrical,excel",IT,Any,7.1,False
C2804,Sanjay Shetty,25,Male,ST,Karnataka,Mysuru,False,False,B.Com,"teaching,content-writing",IT,Indore,6.6,False
C2805,Swati Verma,22,Female,OBC,Lakshadweep,Minicoy,True,False,BA,"graphic-design,c++",Education,Any,6.9,False
C2806,Veer Roy,21,Male,OBC,Delhi,West Delhi,False,False,B.Com,"javascript,project-management",Education,Noida,6.4,False
C2807,Ishaan Jadhav,21,Male,General,Goa,South Goa,False,False,MBA,"agriculture,finance",Healthcare,Chennai,7.9,False
C2808,Isha Rao,23,Female,General,Chandigarh,Chandigarh,False,False,MBA,"cad,hr-management",IT,Hyderabad,8.5,False
C2809,Kavita Banerjee,24,Female,OBC,Manipur,Imphal West,False,False,BSc,"graphic-design,teamwork,civil,marketing,agriculture",Manufacturing,Any,7.8,False
C2810,Priya Kapoor,20,Female,General,Punjab,Jalandhar,False,True,BA,"supply-chain,electrical,teaching",Education,Indore,6.7,False
C2811,Neha Jadhav,20,Female,EWS,Lakshadweep,Agatti,False,True,B.Com,"sql,digital-marketing,accounting",Energy,Kolkata,8.6,True
C2812,Deepa Patel,24,Female,General,Ladakh,Kargil,False,False,B.Tech,"marketing,content-writing,problem-solving",IT,Any,6.5,True
C2813,Rakesh Naidu,20,Male,General,Andhra Pradesh,East Godavari,False,True,BSc,"agriculture,supply-chain,content-writing,mechanical,research",Education,Coimbatore,8.9,True
C2814,Neha Nair,25,Female,OBC,Madhya Pradesh,Vidisha,False,True,BA,"java,healthcare,project-management,cad",IT,Chennai,8.7,True
C2815,Kavita Das,20,Female,OBC,Chhattisgarh,Narayanpur,False,True,MCA,"civil,graphic-design",Manufacturing,Any,6.9,False
C2816,Ishaan Patel,20,Male,ST,Chhattisgarh,Bastar,False,False,B.Tech,"supply-chain,excel,communication,sql,cad",Education,Any,7.5,False
C2817,Pallavi Naidu,24,Female,OBC,Dadra and Nagar Haveli and Daman and Diu,Dadra and Nagar Haveli,False,True,BSc,"sql,javascript,hr-management,accounting",IT,Any,7.9,False
C2818,Swati Singh,23,Female,OBC,Delhi,Shahdara,False,False,BSc,"cad,data-analysis,accounting",Agriculture,Any,9.4,False
C2819,Komal Shetty,22,Female,SC,Andaman and Nicobar Islands,Nicobar,False,True,BSc,"agriculture,javascript,accounting,mechanical",Finance,Mumbai,8.3,False
C2820,Rakesh Siddiqui,23,Male,SC,Tripura,West Tripura,False,False,BA,"marketing,python,teaching,teamwork",Education,Any,6.6,False
C2821,Gaurav Thakur,22,Male,SC,Nagaland,Mon,False,False,BBA,"sql,teaching,data-analysis,excel",Finance,Any,7.0,False
C2822,Kabir Patel,21,Male,OBC,Andhra Pradesh,Y.S.R. Kadapa,True,False,MBA,"critical-thinking,machine-learning,agriculture,problem-solving",Finance,Kolkata,8.0,False
C2823,Isha Shah,24,Female,General,Goa,North Goa,True,True,B.Tech,"electrical,hr-management,supply-chain,communication,python",Finance,Any,7.4,False
C2824,Avni Chopra,20,Female,ST,Dadra and Nagar Haveli and Daman and Diu,Dadra and Nagar Haveli,False,False,MBA,"healthcare,leadership,python,cad",Energy,Any,5.5,False
C2825,Pankaj Krishnan,24,Male,General,Madhya Pradesh,Chhatarpur,False,False,BSc,"communication,digital-marketing,teamwork",Agriculture,Lucknow,5.5,False
C2826,Mohit Chopra,24,Male,General,Tamil Nadu,Chennai,False,True,BA,"accounting,sql",Manufacturing,Nagpur,7.2,True
C2827,Shalini Gupta,23,Female,General,Tamil Nadu,Thanjavur,False,False,BSc,"healthcare,excel,problem-solving,leadership,communication",IT,Jaipur,6.7,False
C2828,Suresh Dubey,22,Male,ST,Assam,Udalguri,False,False,BBA,"civil,mechanical,communication,graphic-design",Education,Ahmedabad,7.0,False
C2829,Aarohi Arora,23,Female,General,Maharashtra,Nandurbar,True,False,BBA,"graphic-design,teaching,data-analysis,c++,agriculture",Agriculture,Ahmedabad,7.8,False
C2830,Rakesh Chatterjee,24,Male,ST,Manipur,Imphal East,False,False,MBA,"supply-chain,digital-marketing,research,electrical,finance",IT,Gurgaon,7.3,False
C2831,Abhishek Ghosh,21,Male,General,Ladakh,Kargil,False,False,BBA,"digital-marketing,agriculture,civil,teamwork",IT,Any,8.0,False
C2832,Pooja Sharma,21,Female,General,Bihar,Araria,False,True,B.Tech,"excel,teaching,problem-solving,research",IT,Any,9.2,False
C2833,Vikram Desai,24,Male,SC,Odisha,Sundargarh,False,False,B.Tech,"python,teaching",Energy,Any,8.7,False
C2834,Pankaj Iyer,22,Male,General,Mizoram,Aizawl,False,False,MCA,"mechanical,excel,javascript",Agriculture,Chandigarh,7.1,False
C2835,Atharv Ansari,25,Male,General,Himachal Pradesh,Solan,False,False,B.Com,"content-writing,research,machine-learning,cad,healthcare",IT,Jaipur,8.3,False
C2836,Suman Mirza,22,Female,General,Rajasthan,Baran,False,False,B.Tech,"c++,supply-chain,digital-marketing,teamwork,machine-learning",Energy,Kochi,5.7,False
C2837,Komal Sen,21,Female,EWS,Gujarat,Bhavnagar,False,True,BSc,"data-analysis,agriculture,mechanical,excel",Education,Any,5.3,False
C2838,Karan Patel,25,Male,General,Maharashtra,Mumbai,False,True,B.Com,"cad,healthcare",IT,Kochi,6.2,False
C2839,Divya Desai,23,Female,OBC,Haryana,Hisar,False,False,BBA,"content-writing,marketing",Education,Any,6.8,False
C2840,Geeta Joshi,20,Female,General,Maharashtra,Mumbai,False,False,BSc,"agriculture,finance",Healthcare,Bhubaneswar,7.5,False
C2841,Vivek Naidu,21,Male,OBC,Ladakh,Kargil,False,False,B.Tech,"agriculture,machine-learning,teaching,javascript",IT,Noida,6.7,True
C2842,Kavya Subramanian,25,Female,OBC,Kerala,Alappuzha,False,True,B.Tech,"content-writing,electrical",Education,Delhi,8.0,True
C2843,Sonal Nair,25,Female,EWS,Assam,Dhubri,True,True,BBA,"data-analysis,healthcare",IT,Bangalore,7.9,True
C2844,Nisha More,24,Female,OBC,Maharashtra,Mumbai,False,True,BSc,"digital-marketing,communication,teamwork",Education,Any,5.5,False
C2845,Ravi Shah,21,Male,General,Telangana,Nizamabad,False,False,B.Com,"digital-marketing,communication",Finance,Kolkata,5.8,False
C2846,Vikram Patil,23,Male,SC,Chhattisgarh,Korba,False,False,B.Com,"data-analysis,project-management,problem-solving,teaching",IT,Any,6.0,False
C2847,Swati Patil,23,Female,ST,Puducherry,Mahe,False,True,B.Tech,"communication,java,research",Finance,Nagpur,9.3,False
C2848,Yash Thakur,22,Male,EWS,Jammu and Kashmir,Jammu,False,True,BBA,"healthcare,mechanical,supply-chain,c++,research",Energy,Any,7.6,False
C2849,Komal Tiwari,21,Female,OBC,Telangana,Adilabad,False,False,MCA,"hr-management,teaching,critical-thinking,javascript",Finance,Vadodara,8.0,False
C2850,Usha Choudhary,20,Female,General,Andaman and Nicobar Islands,South Andaman,False,False,BA,"digital-marketing,mechanical,sql",IT,Any,6.5,False
C2851,Diya Malhotra,21,Female,General,Odisha,Puri,False,True,BSc,"javascript,machine-learning,teaching",Energy,Any,9.0,False
C2852,Pari Shetty,21,Female,ST,Delhi,Central Delhi,True,False,B.Tech,"teamwork,excel,c++,sql,python",Finance,Any,8.0,False
C2853,Rani Bhatia,23,Female,OBC,Meghalaya,East Garo Hills,False,False,B.Tech,"electrical,content-writing,java,c++,problem-solving",IT,Delhi,6.1,False
C2854,Komal Subramanian,24,Female,ST,Tamil Nadu,Virudhunagar,False,False,B.Tech,"electrical,teamwork,marketing,graphic-design",Finance,Gurgaon,7.0,False
C2855,Advik Bose,23,Male,General,Rajasthan,Udaipur,False,True,BA,"marketing,digital-marketing,problem-solving,data-analysis",Manufacturing,Any,6.5,False
C2856,Vandana Kulkarni,21,Female,SC,Uttarakhand,Champawat,False,True,BSc,"javascript,electrical",IT,Any,8.6,True
C2857,Vivek Joshi,24,Male,General,Rajasthan,Baran,False,False,MCA,"mechanical,project-management,critical-thinking",IT,Vadodara,7.8,False
C2858,Rudra Krishnan,23,Male,OBC,Uttarakhand,Udham Singh Nagar,False,True,MBA,"project-management,excel,python,content-writing,communication",Finance,Mumbai,7.9,False
C2859,Isha Pillai,21,Female,OBC,Lakshadweep,Agatti,False,True,MBA,"java,data-analysis",Education,Any,6.6,True
C2860,Anil Sharma,25,Male,OBC,Uttarakhand,Nainital,False,False,BSc,"communication,javascript,excel",Finance,Any,6.3,False
C2861,Avni Rao,23,Female,General,Andhra Pradesh,Chittoor,False,True,B.Tech,"supply-chain,teaching,data-analysis",IT,Any,8.0,False
C2862,Divya Mehta,20,Female,OBC,Gujarat,Narmada,True,True,BA,"graphic-design,sql",IT,Lucknow,6.6,False
C2863,Kiara Iyer,20,Female,EWS,Meghalaya,East Khasi Hills,False,True,MBA,"leadership,data-analysis,machine-learning,communication",IT,Nagpur,7.0,False
C2864,Aditya Mukherjee,25,Male,General,Chandigarh,Chandigarh,False,False,B.Tech,"data-analysis,project-management,teaching",IT,Nagpur,8.7,False
C2865,Ira Gupta,25,Female,SC,Mizoram,Lunglei,False,True,B.Tech,"agriculture,data-analysis",IT,Any,7.4,False
C2866,Harsh Jain,21,Male,OBC,Madhya Pradesh,Barwani,True,False,B.Tech,"electrical,civil,sql,c++",IT,Any,7.6,False
C2867,Vivaan Chatterjee,24,Male,OBC,Jharkhand,Dumka,True,False,MBA,"leadership,mechanical,excel",IT,Any,6.7,False
C2868,Divya Subramanian,20,Female,SC,Haryana,Sonipat,False,True,BBA,"teaching,java,finance,machine-learning,research",Agriculture,Nagpur,6.9,False
C2869,Bhavna Dubey,22,Female,General,Karnataka,Ballari,True,True,MCA,"healthcare,civil,graphic-design,accounting,supply-chain",IT,Any,7.0,True
C2870,Vivek Hegde,25,Male,ST,Karnataka,Kalaburagi,False,False,BBA,"civil,javascript",Healthcare,Coimbatore,8.1,False
C2871,Shreya Jain,20,Female,OBC,Maharashtra,Washim,True,False,B.Tech,"research,healthcare,teaching,machine-learning",IT,Gurgaon,7.8,True
C2872,Sonal Jain,21,Female,General,Assam,Kamrup,False,False,MBA,"content-writing,marketing,java",IT,Any,5.0,False
C2873,Aryan Menon,23,Male,OBC,Sikkim,Gangtok,False,True,BSc,"problem-solving,marketing,python",IT,Coimbatore,8.7,False
C2874,Aditya Gupta,23,Male,OBC,Andhra Pradesh,Vizianagaram,False,False,BSc,"machine-learning,digital-marketing,critical-thinking",Manufacturing,Vadodara,8.8,False
C2875,Preeti Reddy,23,Female,EWS,Gujarat,Vadodara,False,True,B.Tech,"leadership,civil",IT,Ahmedabad,8.3,True
C2876,Reyansh Malhotra,21,Male,General,Himachal Pradesh,Una,False,True,B.Tech,"cad,sql,teamwork,leadership,excel",Finance,Indore,8.1,False
C2877,Usha Khanna,24,Female,General,Punjab,Mohali,False,True,B.Tech,"accounting,finance",Finance,Ahmedabad,7.9,False
C2878,Deepa Shaikh,20,Female,OBC,Chhattisgarh,Rajnandgaon,True,False,B.Tech,"project-management,hr-management",IT,Any,6.2,False
C2879,Anjali Choudhary,21,Female,OBC,Uttar Pradesh,Lucknow,False,True,B.Tech,"marketing,c++,accounting,machine-learning",IT,Any,9.5,False
C2880,Vivaan Chopra,24,Male,OBC,Sikkim,South District,False,False,B.Com,"data-analysis,sql,python,mechanical",Healthcare,Bangalore,7.6,False
C2881,Krishna Mishra,20,Male,OBC,Goa,North Goa,False,True,BBA,"hr-management,project-management",Healthcare,Ahmedabad,6.9,False
C2882,Vandana Das,21,Female,OBC,Telangana,Hyderabad,False,True,B.Tech,"c++,leadership,sql,critical-thinking,project-management",IT,Gurgaon,7.6,False
C2883,Aarohi Arora,20,Female,EWS,Tamil Nadu,Vellore,False,False,B.Com,"java,civil,data-analysis",IT,Any,5.0,False
C2884,Arjun Jain,21,Male,OBC,Arunachal Pradesh,Tawang,False,True,BA,"accounting,excel,java,sql",Healthcare,Any,6.6,False
C2885,Diya Sharma,24,Female,OBC,Karnataka,Belagavi,False,True,BA,"java,graphic-design,cad,teamwork",Energy,Nagpur,6.8,True
C2886,Ravi Shetty,24,Male,General,Chandigarh,Chandigarh,False,False,B.Tech,"finance,teamwork",Agriculture,Any,7.8,True
C2887,Mohit More,25,Male,General,Himachal Pradesh,Mandi,True,True,BA,"finance,digital-marketing,machine-learning,sql,civil",Healthcare,Any,6.5,False
C2888,Manoj Pillai,22,Male,ST,Nagaland,Kiphire,True,True,BSc,"data-analysis,agriculture,healthcare,project-management,excel",Agriculture,Pune,7.3,False
C2889,Yash Ahmed,24,Male,ST,Karnataka,Ballari,False,False,BBA,"electrical,machine-learning,leadership,accounting,digital-marketing",Energy,Bangalore,8.4,False
C2890,Vivaan Sharma,20,Male,OBC,Nagaland,Kohima,False,False,MBA,"java,project-management,agriculture,teamwork",Manufacturing,Nagpur,6.4,False
C2891,Kiara Shetty,24,Female,EWS,Punjab,Patiala,False,False,B.Tech,"mechanical,java,teaching,supply-chain",Energy,Any,7.9,False
C2892,Pooja Bhatia,21,Female,General,Mizoram,Champhai,True,False,BBA,"communication,marketing,healthcare,data-analysis,accounting",Healthcare,Noida,6.7,False
C2893,Rakesh Kumar,21,Male,OBC,Tripura,North Tripura,False,True,BA,"leadership,digital-marketing",Finance,Noida,7.7,True
C2894,Harsh Tiwari,24,Male,SC,Kerala,Ernakulam,False,False,B.Tech,"problem-solving,c++,healthcare,teaching,finance",Manufacturing,Indore,7.1,False
C2895,Ira Agarwal,21,Female,General,Uttar Pradesh,Ghaziabad,True,False,BBA,"agriculture,java,digital-marketing,research,communication",Education,Any,7.6,False
C2896,Ira Shah,23,Female,OBC,Assam,Hailakandi,True,False,MCA,"leadership,excel,marketing",Energy,Any,6.8,False
C2897,Tanvi Reddy,24,Female,General,Haryana,Panipat,False,True,B.Tech,"healthcare,critical-thinking,excel",Manufacturing,Any,5.9,False
C2898,Karan Sharma,24,Male,SC,Karnataka,Ballari,False,True,BBA,"teamwork,python,excel,communication,mechanical",IT,Indore,7.6,False
C2899,Anil Agarwal,25,Male,ST,West Bengal,Dakshin Dinajpur,False,False,MBA,"leadership,excel,digital-marketing,javascript,teamwork",Manufacturing,Vadodara,6.3,True
C2900,Sai Jadhav,24,Male,General,Jammu and Kashmir,Jammu,False,True,BA,"marketing,content-writing,digital-marketing",Manufacturing,Kochi,6.9,True
C2901,Sachin Krishnan,21,Male,SC,Tripura,Gomati,False,False,B.Com,"marketing,cad,healthcare,communication",Agriculture,Chennai,6.9,False
C2902,Sneha Kumar,20,Female,General,Jharkhand,Gumla,False,False,B.Com,"civil,javascript",Finance,Chennai,7.1,False
C2903,Reyansh Reddy,24,Male,EWS,Arunachal Pradesh,Changlang,False,True,MBA,"data-analysis,sql,mechanical,c++,graphic-design",IT,Lucknow,6.4,True
C2904,Neha Rao,21,Female,General,Assam,Guwahati,False,True,B.Tech,"electrical,machine-learning,teaching",IT,Kolkata,7.5,False
C2905,Rajesh Qureshi,20,Male,SC,Lakshadweep,Minicoy,False,False,BSc,"supply-chain,c++,machine-learning,hr-management",IT,Any,8.5,True
C2906,Aadi Kapoor,23,Male,OBC,Kerala,Thiruvananthapuram,False,True,B.Tech,"data-analysis,java,mechanical,supply-chain",Agriculture,Hyderabad,8.5,False
C2907,Amit Khan,25,Male,OBC,Chandigarh,Chandigarh,False,True,B.Tech,"supply-chain,cad,machine-learning",Manufacturing,Chennai,5.0,False
C2908,Aryan Kapoor,21,Male,OBC,Andaman and Nicobar Islands,North and Middle Andaman,False,True,MBA,"healthcare,python,sql,graphic-design,communication",Energy,Gurgaon,6.6,False
C2909,Pankaj Ali,21,Male,SC,Assam,Sonitpur,True,False,B.Tech,"supply-chain,digital-marketing,machine-learning,java",Manufacturing,Gurgaon,7.8,False
C2910,Amit Thakur,25,Male,OBC,Punjab,Firozpur,True,True,BBA,"accounting,content-writing,c++",Education,Bhubaneswar,5.7,False
C2911,Ravi Agarwal,21,Male,OBC,Jammu and Kashmir,Anantnag,False,False,BBA,"python,communication,c++",Finance,Ahmedabad,8.7,False
C2912,Priya Tiwari,25,Female,ST,Telangana,Rangareddy,False,True,B.Tech,"project-management,data-analysis,communication,python",IT,Gurgaon,9.3,False
C2913,Ankit Dubey,20,Male,OBC,Uttarakhand,Udham Singh Nagar,False,True,B.Tech,"data-analysis,content-writing",Manufacturing,Any,7.5,True
C2914,Aryan Qureshi,20,Male,General,Karnataka,Mysuru,False,True,BSc,"problem-solving,accounting,content-writing",Finance,Bhubaneswar,6.3,False
C2915,Diya Pandey,24,Female,General,Jharkhand,Palamu,False,False,MBA,"healthcare,agriculture,mechanical",Energy,Mumbai,7.7,False
C2916,Rahul More,22,Male,SC,Chhattisgarh,Durg,False,False,BSc,"excel,marketing",Energy,Pune,7.4,False
C2917,Ajay Mishra,24,Male,General,Dadra and Nagar Haveli and Daman and Diu,Dadra and Nagar Haveli,False,True,BSc,"healthcare,digital-marketing,teamwork,machine-learning",Healthcare,Jaipur,6.7,False
C2918,Diya Banerjee,23,Female,General,Tripura,North Tripura,False,False,B.Com,"healthcare,data-analysis,graphic-design,problem-solving,java",Agriculture,Any,7.6,True
C2919,Isha Khanna,21,Female,EWS,Uttar Pradesh,Shrawasti,True,False,B.Tech,"healthcare,machine-learning,digital-marketing,excel,civil",Education,Delhi,6.0,False
C2920,Pallavi Naidu,20,Female,OBC,Delhi,Shahdara,False,True,B.Tech,"civil,java",Finance,Any,7.7,False
C2921,Reyansh Yadav,22,Male,ST,Tamil Nadu,Coimbatore,False,False,BA,"accounting,electrical,research",Healthcare,Jaipur,6.6,False
C2922,Avni Patil,23,Female,General,Puducherry,Mahe,False,True,MBA,"leadership,mechanical,agriculture",IT,Any,6.1,False
C2923,Priya Khanna,21,Female,SC,Punjab,Bathinda,False,False,BBA,"teamwork,mechanical,problem-solving,javascript,critical-thinking",Agriculture,Any,6.8,False
C2924,Dhruv Ansari,21,Male,ST,Mizoram,Lunglei,False,False,MBA,"teamwork,healthcare,electrical",Manufacturing,Mumbai,9.2,False
C2925,Jyoti Thakur,24,Female,OBC,Uttar Pradesh,Prayagraj,False,True,BA,"mechanical,problem-solving,sql,civil,graphic-design",IT,Any,7.6,False
C2926,Nikhil Krishnan,25,Male,OBC,Bihar,Banka,True,True,BA,"critical-thinking,c++",Education,Any,6.2,False
C2927,Suresh Mukherjee,22,Male,General,Andhra Pradesh,Chittoor,False,False,B.Com,"critical-thinking,java,digital-marketing,teaching",Energy,Vadodara,5.2,False
C2928,Vandana Nair,25,Female,ST,Goa,North Goa,False,False,BA,"java,finance",Manufacturing,Gurgaon,7.2,False
C2929,Krishna Hegde,21,Male,ST,Andaman and Nicobar Islands,South Andaman,False,True,BA,"finance,data-analysis",Finance,Any,6.5,False
C2930,Pooja Patel,25,Female,General,Nagaland,Mon,True,False,MBA,"problem-solving,teamwork,civil,accounting",IT,Mumbai,7.3,False
C2931,Aarav Agarwal,20,Other,General,Chhattisgarh,Bastar,True,True,BA,"cad,data-analysis,mechanical,machine-learning",Energy,Kolkata,7.1,True
C2932,Anita Ali,20,Female,OBC,Odisha,Kandhamal,False,False,B.Tech,"machine-learning,critical-thinking",Healthcare,Kochi,7.3,True
C2933,Aanya Dubey,25,Female,OBC,Delhi,New Delhi,False,False,B.Com,"supply-chain,agriculture,cad,marketing,project-management",Agriculture,Kolkata,6.5,False
C2934,Diya Banerjee,20,Female,ST,Haryana,Rohtak,False,True,BSc,"excel,mechanical,javascript,accounting",Healthcare,Any,7.5,False
C2935,Kavita Pandey,21,Female,SC,Delhi,North Delhi,False,False,BA,"mechanical,agriculture",Agriculture,Chandigarh,6.3,False
C2936,Yash Gupta,23,Male,OBC,Telangana,Karimnagar,False,True,BBA,"supply-chain,sql,project-management,marketing",Healthcare,Hyderabad,9.6,False
C2937,Sai Pillai,25,Male,ST,Telangana,Medchal,False,False,BSc,"accounting,civil,leadership,finance,electrical",IT,Delhi,8.3,False
C2938,Akash Chopra,20,Male,General,Jammu and Kashmir,Udhampur,False,False,BA,"digital-marketing,problem-solving,sql,agriculture",Manufacturing,Any,7.0,False
C2939,Pranav Singh,23,Male,General,Assam,Hailakandi,False,False,MBA,"problem-solving,accounting,hr-management,project-management",IT,Any,7.7,True
C2940,Rajesh Dubey,24,Male,EWS,Madhya Pradesh,Vidisha,False,False,BA,"accounting,civil,digital-marketing,marketing",Energy,Any,5.6,False
C2941,Abhishek Sen,21,Male,General,Himachal Pradesh,Solan,False,False,BSc,"teamwork,content-writing,machine-learning,data-analysis",IT,Any,8.6,False
C2942,Ajay Subramanian,23,Male,OBC,Karnataka,Raichur,True,False,BSc,"mechanical,javascript",Agriculture,Any,5.1,False
C2943,Ajay Ali,24,Male,EWS,Maharashtra,Solapur,False,True,B.Tech,"excel,critical-thinking,java,mechanical",IT,Kochi,7.0,False
C2944,Geeta Hegde,24,Female,OBC,Nagaland,Mon,False,False,BA,"python,teamwork,data-analysis",Finance,Any,8.2,False
C2945,Bhavna Thakur,21,Female,SC,Maharashtra,Pune,False,False,MBA,"python,civil",Education,Nagpur,7.0,False
C2946,Vivaan Kulkarni,23,Male,EWS,Rajasthan,Jodhpur,False,True,BA,"javascript,sql,python,cad,electrical",Energy,Nagpur,7.1,True
C2947,Neha Kapoor,23,Female,ST,Puducherry,Mahe,False,False,B.Tech,"finance,research,marketing",IT,Chandigarh,6.0,False
C2948,Priya Farooqui,23,Female,EWS,Dadra and Nagar Haveli and Daman and Diu,Daman,False,False,B.Tech,"teamwork,python,teaching,project-management,electrical",Manufacturing,Gurgaon,7.5,False
C2949,Swati Iyer,24,Female,General,Chhattisgarh,Bilaspur,False,False,MBA,"electrical,cad",Education,Hyderabad,5.0,True
C2950,Anil Patil,21,Male,General,Tripura,West Tripura,False,False,BBA,"cad,c++,research,electrical,excel",IT,Any,7.3,True
C2951,Ravi More,20,Male,OBC,Puducherry,Karaikal,False,False,BA,"digital-marketing,mechanical,hr-management,civil,research",IT,Chandigarh,8.2,False
C2952,Sonal Rao,25,Female,EWS,Kerala,Kollam,False,True,MBA,"digital-marketing,accounting,research,java",Agriculture,Any,8.1,False
C2953,Karan Rao,25,Male,OBC,Gujarat,Narmada,True,True,BA,"c++,javascript,teaching,leadership,accounting",Agriculture,Kochi,6.2,False
C2954,Veer Krishnan,22,Male,SC,Manipur,Bishnupur,False,False,MBA,"content-writing,leadership,agriculture,java,machine-learning",IT,Any,5.2,False
C2955,Aryan Bose,22,Male,OBC,Gujarat,Gandhinagar,False,False,BA,"data-analysis,c++,electrical,critical-thinking",Healthcare,Any,8.2,False
C2956,Aditi Ali,25,Female,General,Manipur,Churachandpur,False,False,B.Tech,"accounting,cad,civil",IT,Noida,8.4,False
C2957,Aanya Qureshi,22,Female,EWS,Haryana,Sonipat,False,False,BA,"cad,teamwork,excel",IT,Any,6.7,False
C2958,Bhavna Bose,21,Female,ST,Assam,Kamrup,False,False,BSc,"teaching,project-management,excel,java,content-writing",IT,Any,6.4,False
C2959,Aadhya Ansari,20,Female,OBC,Chhattisgarh,Sukma,False,True,B.Tech,"healthcare,data-analysis,excel,accounting",IT,Vadodara,8.5,True
C2960,Naveen Patil,20,Male,EWS,Lakshadweep,Kavaratti,False,True,BSc,"electrical,research,sql",Energy,Coimbatore,7.0,False
C2961,Harsh Qureshi,21,Male,OBC,Manipur,Ukhrul,True,True,B.Tech,"agriculture,digital-marketing,research,supply-chain",Healthcare,Any,5.7,False
C2962,Naveen Kumar,21,Male,ST,Punjab,Patiala,False,True,B.Com,"cad,teaching",IT,Mumbai,8.8,False
C2963,Vandana Roy,20,Female,OBC,Kerala,Kollam,False,True,B.Tech,"critical-thinking,communication,c++,java",IT,Any,5.4,False
C2964,Isha Hegde,25,Female,EWS,Jammu and Kashmir,Jammu,False,True,B.Tech,"critical-thinking,digital-marketing,hr-management,machine-learning,sql",Agriculture,Lucknow,5.5,False
C2965,Diya Verma,20,Female,OBC,Andaman and Nicobar Islands,North and Middle Andaman,False,True,BA,"finance,project-management,content-writing,excel",Finance,Chennai,9.5,False
C2966,Harsh Chatterjee,24,Male,EWS,Bihar,Muzaffarpur,True,False,B.Com,"mechanical,python,electrical,data-analysis,teamwork",Energy,Noida,8.5,False
C2967,Karan Mishra,25,Male,General,Manipur,Churachandpur,False,True,B.Tech,"content-writing,java,python",Manufacturing,Bhubaneswar,7.5,False
C2968,Sai Pandey,22,Male,EWS,Maharashtra,Pune,False,True,MCA,"cad,agriculture",IT,Chennai,7.0,False
C2969,Anita Shetty,23,Female,ST,Kerala,Palakkad,False,True,B.Com,"teaching,excel",Energy,Pune,7.5,False
C2970,Nikhil Farooqui,23,Male,SC,Karnataka,Raichur,True,False,BSc,"java,c++",Education,Kochi,8.1,False
C2971,Riya Kulkarni,21,Female,OBC,Chhattisgarh,Bijapur,False,True,B.Com,"content-writing,electrical,healthcare,teaching,teamwork",Agriculture,Lucknow,5.0,False
C2972,Pranav Mehta,23,Male,SC,Jharkhand,Dumka,False,False,BA,"agriculture,critical-thinking,healthcare",IT,Nagpur,7.6,False
C2973,Saanvi Sen,24,Female,ST,Chhattisgarh,Raipur,False,False,B.Tech,"java,communication,javascript,machine-learning",Agriculture,Mumbai,6.4,False
C2974,Aryan Choudhary,21,Male,OBC,Uttar Pradesh,Gorakhpur,False,False,B.Com,"mechanical,machine-learning,critical-thinking",IT,Any,8.9,False
C2975,Ayaan Desai,25,Male,SC,Punjab,Firozpur,False,False,BSc,"data-analysis,java,hr-management",Energy,Hyderabad,6.5,True
C2976,Yash Rao,21,Male,SC,Odisha,Nabarangpur,True,False,B.Com,"teaching,java,sql,marketing,python",IT,Kochi,7.7,False
C2977,Sanjay Hegde,20,Male,General,Odisha,Koraput,False,True,B.Tech,"supply-chain,teaching",Finance,Any,7.0,False
C2978,Reyansh Yadav,23,Male,General,Bihar,Patna,False,True,MBA,"sql,marketing,leadership,critical-thinking,digital-marketing",IT,Delhi,6.8,False
C2979,Reyansh Sharma,25,Male,General,Haryana,Ambala,False,True,B.Com,"cad,mechanical",Finance,Gurgaon,7.6,False
C2980,Akash Nair,25,Male,General,Chhattisgarh,Kanker,False,False,B.Com,"leadership,javascript,c++,project-management,teamwork",Finance,Pune,7.3,False
C2981,Suresh Subramanian,24,Male,SC,Tamil Nadu,Virudhunagar,True,False,BA,"problem-solving,python",Healthcare,Pune,6.7,False
C2982,Abhishek Pandey,25,Male,OBC,Punjab,Gurdaspur,False,False,B.Tech,"leadership,accounting,excel,mechanical",Manufacturing,Indore,7.9,False
C2983,Sara Kulkarni,25,Female,OBC,Meghalaya,East Khasi Hills,False,True,B.Tech,"agriculture,teaching,graphic-design,problem-solving",Energy,Noida,6.5,False
C2984,Meera Pandey,22,Female,General,Delhi,West Delhi,False,False,B.Tech,"critical-thinking,cad,machine-learning,research,mechanical",Energy,Indore,5.9,False
C2985,Komal Iyer,22,Female,ST,Odisha,Koraput,False,False,MBA,"hr-management,marketing",Finance,Any,7.0,True
C2986,Sunita Kulkarni,25,Female,OBC,Tamil Nadu,Chennai,False,True,B.Tech,"civil,research,mechanical",IT,Chandigarh,6.0,False
C2987,Shreya Sen,20,Female,General,Haryana,Nuh,False,False,B.Tech,"healthcare,civil,marketing",Finance,Lucknow,8.1,False
C2988,Tanvi Desai,20,Female,General,Delhi,North East Delhi,False,False,MBA,"hr-management,civil,cad,data-analysis,content-writing",Manufacturing,Any,8.6,False
C2989,Pari Shah,24,Female,OBC,Lakshadweep,Kavaratti,False,True,BSc,"research,leadership,machine-learning,data-analysis",Education,Any,6.5,False
C2990,Swati Shaikh,20,Female,SC,Andaman and Nicobar Islands,South Andaman,False,False,BSc,"c++,javascript,java",Manufacturing,Any,8.5,False
C2991,Shalini Krishnan,25,Female,General,Tamil Nadu,Tiruchirappalli,False,True,B.Com,"healthcare,cad,teaching",Manufacturing,Gurgaon,5.7,False
C2992,Aanya Khan,20,Female,SC,Sikkim,Gangtok,False,False,BBA,"critical-thinking,agriculture,cad,civil",IT,Vadodara,5.9,False
C2993,Kiara Rao,21,Female,ST,Tripura,West Tripura,False,False,MCA,"civil,teamwork,agriculture,machine-learning",IT,Nagpur,6.1,False
C2994,Riya Pillai,25,Female,OBC,Uttarakhand,Pauri Garhwal,False,True,MCA,"python,healthcare",Energy,Delhi,8.5,False
C2995,Rani Khanna,21,Female,OBC,Meghalaya,East Khasi Hills,False,False,BSc,"machine-learning,agriculture,research",Manufacturing,Gurgaon,6.6,False
C2996,Pranav Das,21,Male,General,Haryana,Panipat,False,False,B.Tech,"c++,leadership,graphic-design,python,teaching",Healthcare,Any,6.4,False
C2997,Ritu Desai,22,Female,General,Telangana,Karimnagar,True,False,BBA,"project-management,graphic-design,hr-management,civil",IT,Chandigarh,7.4,False
C2998,Mohit Patil,21,Male,OBC,Haryana,Panipat,False,False,B.Tech,"sql,leadership,mechanical,marketing,hr-management",Energy,Any,6.6,False
C2999,Kiara Khanna,22,Female,SC,Andhra Pradesh,East Godavari,False,False,BA,"c++,leadership",Agriculture,Chandigarh,5.3,False
C3000,Vikram Joshi,20,Male,OBC,West Bengal,Birbhum,True,True,BA,"data-analysis,hr-management,agriculture,problem-solving",Healthcare,Any,7.3,False
C3001,Manisha Agarwal,25,Female,SC,Madhya Pradesh,Vidisha,True,False,B.Tech,"content-writing,javascript",IT,Any,5.8,False
C3002,Amit Khanna,21,Male,General,Himachal Pradesh,Chamba,True,True,BSc,"c++,healthcare",Finance,Kochi,9.1,False
C3003,Komal Ansari,25,Female,ST,Dadra and Nagar Haveli and Daman and Diu,Diu,False,False,BA,"content-writing,digital-marketing",Healthcare,Any,8.3,False
C3004,Pranav Shaikh,22,Male,OBC,Sikkim,North District,False,False,B.Com,"hr-management,project-management,sql",IT,Any,8.1,False
C3005,Myra Verma,22,Female,General,Maharashtra,Ahmednagar,False,False,BSc,"cad,marketing,electrical,teamwork,javascript",IT,Any,8.5,False
C3006,Abhishek Rao,21,Male,General,Rajasthan,Alwar,False,True,B.Com,"java,digital-marketing,mechanical,content-writing",IT,Bangalore,7.7,False
C3007,Aarohi Reddy,20,Female,ST,Mizoram,Champhai,False,False,MCA,"sql,civil,critical-thinking,java,marketing",IT,Nagpur,5.7,False
C3008,Anika Arora,23,Female,ST,Maharashtra,Nandurbar,False,True,BSc,"machine-learning,sql,healthcare",Manufacturing,Any,6.1,False
C3009,Rahul Patil,21,Male,ST,Maharashtra,Nagpur,False,True,MBA,"electrical,marketing,excel,mechanical",IT,Coimbatore,7.2,True
C3010,Jordan Gaikwad,25,Other,OBC,Arunachal Pradesh,West Kameng,False,True,B.Com,"sql,c++,problem-solving,leadership",Manufacturing,Bhubaneswar,7.7,False
C3011,Naveen Hussain,22,Male,OBC,Tamil Nadu,Salem,True,True,B.Com,"civil,python",Energy,Kolkata,7.9,False
C3012,Ajay Singh,25,Male,ST,West Bengal,Jalpaiguri,False,True,B.Tech,"critical-thinking,healthcare,problem-solving,c++,agriculture",IT,Coimbatore,7.6,False
C3013,Geeta Jadhav,25,Female,OBC,Bihar,Aurangabad,True,False,B.Tech,"problem-solving,data-analysis",IT,Any,7.5,True
C3014,Aditi Khanna,24,Female,ST,Karnataka,Raichur,True,True,BSc,"finance,machine-learning",Healthcare,Any,7.4,True
C3015,Veer Jain,23,Male,ST,Chandigarh,Chandigarh,True,False,B.Tech,"agriculture,machine-learning,accounting,digital-marketing",Healthcare,Vadodara,6.1,False
C3016,Advik Banerjee,21,Male,General,Gujarat,Ahmedabad,False,False,B.Tech,"communication,research,excel,marketing",Energy,Indore,7.1,False
C3017,Sanjay Mirza,25,Male,EWS,Uttar Pradesh,Aligarh,False,True,B.Tech,"sql,healthcare,javascript",Education,Hyderabad,8.6,False
C3018,Rakesh More,22,Male,OBC,Mizoram,Kolasib,False,True,BBA,"civil,project-management,javascript,communication",Healthcare,Indore,8.0,False
C3019,Aarav Ansari,22,Male,OBC,Mizoram,Champhai,False,False,BSc,"communication,content-writing,healthcare,critical-thinking,leadership",Manufacturing,Any,8.0,False
C3020,Aanya Mehta,21,Female,SC,Mizoram,Aizawl,False,False,BSc,"graphic-design,machine-learning",Finance,Hyderabad,7.0,True
C3021,Saanvi Mukherjee,20,Female,OBC,Goa,South Goa,False,False,BSc,"sql,supply-chain,java,accounting,problem-solving",Finance,Vadodara,8.2,False
C3022,Aarav Gaikwad,23,Male,General,Andaman and Nicobar Islands,South Andaman,False,True,BSc,"research,cad",Healthcare,Gurgaon,7.9,False
C3023,Tanvi Yadav,22,Female,SC,Tripura,Gomati,False,False,B.Tech,"c++,critical-thinking,python,hr-management,project-management",Finance,Any,8.4,False
C3024,Naveen Bhatia,20,Male,General,Manipur,Imphal West,False,False,MCA,"marketing,machine-learning,critical-thinking,agriculture,python",IT,Delhi,6.8,False
C3025,Aditya Siddiqui,20,Male,SC,Tamil Nadu,Thanjavur,False,True,B.Tech,"critical-thinking,python,healthcare,data-analysis,sql",Finance,Hyderabad,7.4,False
C3026,Rudra Agarwal,23,Male,General,Delhi,Shahdara,False,False,MBA,"sql,finance,graphic-design,project-management",Manufacturing,Any,7.2,True
C3027,Asha Siddiqui,24,Female,OBC,Goa,South Goa,False,False,BBA,"accounting,machine-learning",Finance,Kochi,7.6,False
C3028,Yash Tiwari,24,Male,General,Punjab,Moga,True,False,MCA,"teamwork,leadership,accounting",Healthcare,Bangalore,5.7,False
C3029,Bhavna Desai,22,Female,SC,Gujarat,Surat,False,True,BA,"project-management,data-analysis,machine-learning,research",Finance,Hyderabad,6.4,False
C3030,Atharv Kulkarni,24,Male,OBC,Odisha,Koraput,False,True,BA,"c++,marketing,finance",Finance,Any,8.1,False
C3031,Usha Verma,22,Female,General,Kerala,Ernakulam,False,True,MBA,"communication,electrical,agriculture,leadership",IT,Vadodara,5.0,False
C3032,Deepak Desai,25,Male,OBC,Tamil Nadu,Kanchipuram,False,True,B.Tech,"healthcare,research",IT,Chandigarh,8.0,False
C3033,Deepa Siddiqui,20,Female,SC,Mizoram,Aizawl,False,True,B.Tech,"graphic-design,marketing,teaching,research,healthcare",IT,Any,5.9,False
C3034,Vihaan Mirza,23,Male,OBC,Arunachal Pradesh,West Kameng,False,False,B.Tech,"accounting,graphic-design,mechanical",Manufacturing,Any,9.9,True
C3035,Rani Pandey,23,Female,General,Karnataka,Raichur,True,False,B.Tech,"project-management,cad,python",Finance,Any,7.2,False
C3036,Aarav Ali,21,Male,SC,Karnataka,Mysuru,False,True,B.Tech,"healthcare,civil,communication,agriculture",IT,Lucknow,8.0,False
C3037,Rohan Verma,23,Male,General,Manipur,Bishnupur,False,False,B.Tech,"research,electrical,project-management",Finance,Chennai,8.7,False
C3038,Amit Mukherjee,23,Male,OBC,Madhya Pradesh,Gwalior,False,False,BSc,"hr-management,graphic-design,finance,supply-chain",Energy,Any,7.1,False
C3039,Kavita Banerjee,20,Female,SC,Odisha,Koraput,False,False,B.Tech,"machine-learning,finance",IT,Noida,6.8,False
C3040,Sai Chatterjee,25,Male,General,Uttar Pradesh,Chandauli,True,True,BSc,"teaching,excel,accounting,research,digital-marketing",Healthcare,Pune,7.4,False
C3041,Deepa Singh,21,Female,OBC,Puducherry,Yanam,False,False,BSc,"communication,excel",Agriculture,Ahmedabad,7.2,False
C3042,Usha Shah,23,Female,General,Bihar,Sheikhpura,True,True,B.Tech,"machine-learning,research,marketing,civil",IT,Vadodara,7.1,True
C3043,Casey Mehta,25,Other,General,Dadra and Nagar Haveli and Daman and Diu,Diu,False,False,B.Com,"research,teamwork,critical-thinking,communication",Manufacturing,Lucknow,7.6,False
C3044,Sneha Hegde,25,Female,ST,Arunachal Pradesh,West Kameng,False,False,BSc,"electrical,sql,finance",Agriculture,Any,6.9,False
C3045,Vihaan Desai,25,Male,General,Gujarat,Bhavnagar,True,False,MCA,"accounting,excel,cad,supply-chain,electrical",Healthcare,Any,8.3,False
C3046,Pankaj Mehta,23,Male,SC,Uttar Pradesh,Kanpur Nagar,False,False,B.Com,"digital-marketing,content-writing,accounting",Finance,Any,6.1,True
C3047,Abhishek Pandey,24,Male,General,Meghalaya,Jaintia Hills,False,False,B.Tech,"java,content-writing",Education,Any,8.3,True
C3048,Avni Kumar,20,Female,OBC,Telangana,Warangal,False,False,BA,"sql,leadership,electrical",Education,Kolkata,8.0,False
C3049,Ankit Sen,20,Male,General,Gujarat,Gandhinagar,False,True,MBA,"content-writing,python,sql",Manufacturing,Any,7.5,False
C3050,Ravi Joshi,23,Male,OBC,Sikkim,West District,True,False,MCA,"excel,c++,critical-thinking,accounting,supply-chain",IT,Any,9.0,False
C3051,Usha Subramanian,24,Female,General,Delhi,South West Delhi,False,True,BA,"civil,supply-chain,finance,electrical,machine-learning",IT,Any,6.8,False
C3052,Abhishek Reddy,22,Male,OBC,Chandigarh,Chandigarh,False,False,BBA,"project-management,content-writing,supply-chain,mechanical",Agriculture,Indore,7.8,False
C3053,Ritu Ghosh,20,Female,OBC,Odisha,Rayagada,True,False,B.Tech,"electrical,accounting,python,research",Education,Bangalore,8.7,False
C3054,Aanya Thakur,20,Other,EWS,Rajasthan,Jaipur,False,False,BSc,"mechanical,research,data-analysis",IT,Vadodara,5.4,False
C3055,Sanjay Rao,25,Male,OBC,Chandigarh,Chandigarh,False,False,BBA,"graphic-design,civil,communication",Finance,Any,7.8,False
C3056,Riya Joshi,24,Other,OBC,Uttar Pradesh,Prayagraj,False,True,BBA,"finance,machine-learning",Finance,Any,7.1,False
C3057,Isha Gaikwad,24,Female,General,Mizoram,Kolasib,False,False,MBA,"data-analysis,finance,hr-management,communication,teamwork",Manufacturing,Any,6.2,False
C3058,Aryan Kumar,24,Male,OBC,Odisha,Kandhamal,False,True,MCA,"machine-learning,supply-chain,cad,c++,finance",Healthcare,Any,6.4,False
C3059,Aditya Arora,24,Male,OBC,Delhi,South Delhi,False,False,BSc,"teamwork,content-writing,digital-marketing,cad,c++",Manufacturing,Bangalore,7.4,False
C3060,Vikram Ghosh,22,Male,OBC,Andhra Pradesh,East Godavari,False,True,BBA,"research,accounting,c++,healthcare,project-management",IT,Chennai,8.5,False
C3061,Rudra Thakur,22,Male,EWS,Tripura,West Tripura,False,True,B.Tech,"teaching,c++,digital-marketing",Education,Delhi,7.8,True
C3062,Bhavna Qureshi,25,Female,OBC,Andhra Pradesh,Chittoor,False,False,BA,"data-analysis,java",IT,Chennai,7.1,False
C3063,Aanya Ali,21,Other,General,Manipur,Ukhrul,False,True,B.Tech,"mechanical,civil,research,java,problem-solving",Energy,Any,6.6,False
C3064,Aditya Das,24,Male,General,Punjab,Firozpur,False,True,MBA,"python,electrical,leadership,communication,critical-thinking",Finance,Nagpur,7.8,False
C3065,Aanya Mukherjee,24,Other,OBC,Maharashtra,Gadchiroli,True,False,BSc,"python,communication,data-analysis",IT,Bangalore,7.1,False
C3066,Aryan Chatterjee,20,Male,SC,Arunachal Pradesh,Lower Subansiri,False,False,BA,"python,leadership,machine-learning,cad",IT,Any,6.7,False
C3067,Aditya Shaikh,21,Male,General,Assam,Dhubri,False,True,MBA,"graphic-design,machine-learning",Healthcare,Bhubaneswar,8.6,False
C3068,Neha Kulkarni,21,Female,ST,Telangana,Warangal,False,False,BBA,"healthcare,digital-marketing,sql,python,research",Healthcare,Indore,7.8,False
C3069,Avni Chatterjee,20,Female,OBC,Himachal Pradesh,Kullu,False,False,B.Com,"content-writing,java,hr-management,cad",Agriculture,Vadodara,7.8,False
C3070,Bhavna Choudhary,23,Female,ST,Chandigarh,Chandigarh,False,False,BSc,"content-writing,java,python",Finance,Any,6.5,False
C3071,Asha Siddiqui,25,Female,OBC,West Bengal,Paschim Bardhaman,False,False,B.Tech,"civil,java,excel",IT,Any,5.0,True
C3072,Jyoti Shaikh,23,Female,General,Andhra Pradesh,West Godavari,False,False,B.Com,"critical-thinking,research,electrical,problem-solving,civil",Education,Any,9.2,False
C3073,Avni Kulkarni,23,Female,OBC,Goa,North Goa,False,True,MCA,"hr-management,healthcare,supply-chain,data-analysis",IT,Noida,8.8,False
C3074,Dhruv Mirza,21,Male,OBC,Rajasthan,Jaipur,False,True,BSc,"digital-marketing,leadership,sql,cad",Education,Any,8.7,True
C3075,Divya Jain,25,Female,ST,Odisha,Gajapati,False,True,MBA,"project-management,teaching,sql,research",Manufacturing,Any,6.3,False
C3076,Swati Subramanian,25,Female,OBC,Meghalaya,Ribhoi,True,True,BBA,"electrical,critical-thinking,problem-solving,project-management,research",IT,Vadodara,7.7,False
C3077,Rudra Desai,24,Male,OBC,Gujarat,Gandhinagar,False,False,B.Tech,"accounting,graphic-design,c++,python",Manufacturing,Nagpur,8.5,False
C3078,Rudra Tiwari,24,Male,EWS,Jharkhand,Latehar,True,True,B.Com,"mechanical,supply-chain,electrical,finance,teamwork",Agriculture,Lucknow,8.7,False
C3079,Pankaj Mukherjee,20,Male,OBC,Maharashtra,Nandurbar,True,False,BSc,"communication,teamwork,mechanical",Healthcare,Chennai,5.6,False
C3080,Reyansh Mishra,22,Male,SC,Karnataka,Belagavi,False,False,B.Tech,"machine-learning,teaching,java",IT,Chandigarh,7.8,False
C3081,Manisha Tiwari,25,Female,General,Manipur,Thoubal,False,True,MBA,"marketing,leadership,cad,mechanical,healthcare",IT,Any,7.5,False
C3082,Avni Singh,22,Female,OBC,Uttarakhand,Almora,False,False,B.Tech,"mechanical,machine-learning,java,supply-chain",Education,Noida,5.8,False
C3083,Kavya Pandey,21,Female,SC,Punjab,Gurdaspur,False,True,B.Tech,"civil,content-writing,communication",IT,Vadodara,6.8,True
C3084,Myra Yadav,23,Female,General,Puducherry,Mahe,False,True,MCA,"communication,data-analysis,teamwork,problem-solving,research",Finance,Bangalore,8.9,False
C3085,Bhavna Gupta,21,Female,OBC,Maharashtra,Thane,True,False,BA,"excel,agriculture,sql,javascript",Energy,Any,6.7,False
C3086,Deepa Ahmed,21,Female,SC,Madhya Pradesh,Gwalior,False,True,B.Com,"civil,project-management",Energy,Bhubaneswar,6.0,False
C3087,Rudra Ali,24,Male,ST,Rajasthan,Kota,False,False,BBA,"leadership,project-management",Agriculture,Any,5.9,True
C3088,Atharv Krishnan,20,Male,General,Goa,North Goa,False,True,B.Com,"electrical,sql,agriculture,excel",Manufacturing,Indore,7.3,False
C3089,Reyansh Khan,24,Male,ST,Bihar,Katihar,False,True,B.Tech,"finance,graphic-design,leadership,excel,cad",Education,Any,7.6,False
C3090,Diya Shetty,25,Female,OBC,Himachal Pradesh,Kangra,False,False,MBA,"excel,healthcare,data-analysis",Manufacturing,Pune,8.5,False
C3091,Isha Krishnan,20,Female,OBC,Kerala,Kannur,False,True,B.Tech,"cad,agriculture,graphic-design,healthcare,supply-chain",IT,Chennai,6.7,True
C3092,Rekha Hussain,21,Female,OBC,Uttar Pradesh,Bahraich,True,True,B.Com,"javascript,cad",Manufacturing,Mumbai,6.9,False
C3093,Jordan Agarwal,20,Other,OBC,Tripura,Unakoti,False,False,BBA,"research,digital-marketing,c++,marketing",Healthcare,Coimbatore,6.6,False
C3094,Sara Menon,22,Female,EWS,Madhya Pradesh,Bhopal,False,True,MBA,"hr-management,python",Healthcare,Kochi,9.9,False
C3095,Suresh Shah,23,Male,ST,West Bengal,North 24 Parganas,False,True,BA,"machine-learning,communication",Finance,Any,5.4,False
C3096,Shreya Chatterjee,21,Female,OBC,West Bengal,Howrah,False,False,MCA,"python,machine-learning,leadership",IT,Any,5.7,False
C3097,Anita Subramanian,24,Female,EWS,Mizoram,Lunglei,False,True,BBA,"civil,finance,research,digital-marketing,excel",IT,Any,7.8,False
C3098,Aanya Tiwari,20,Female,OBC,Maharashtra,Ahmednagar,True,True,MCA,"excel,civil,agriculture",Energy,Mumbai,8.3,False
C3099,Pallavi Ghosh,22,Female,General,Telangana,Nizamabad,False,True,MCA,"graphic-design,mechanical,excel,machine-learning,communication",Energy,Noida,8.8,True
C3100,Suman Kumar,24,Female,EWS,Jammu and Kashmir,Srinagar,True,True,BA,"teaching,content-writing",Education,Any,5.8,False
C3101,Bhavna Subramanian,23,Female,General,Kerala,Kozhikode,True,False,B.Com,"marketing,javascript,accounting",Energy,Any,6.0,False
C3102,Laxmi Kumar,24,Female,OBC,Goa,South Goa,False,True,BSc,"teaching,c++,agriculture",IT,Mumbai,7.1,False
C3103,Kabir Malhotra,20,Other,EWS,Chandigarh,Chandigarh,False,False,B.Tech,"sql,critical-thinking",Energy,Pune,7.8,False
C3104,Ayaan Kapoor,20,Male,General,Chhattisgarh,Sukma,False,False,BSc,"research,project-management,critical-thinking,leadership,sql",IT,Chennai,7.2,True
C3105,Saanvi Banerjee,22,Female,SC,Jharkhand,Dumka,False,False,B.Com,"civil,hr-management,agriculture,marketing",Manufacturing,Delhi,6.7,False
C3106,Ankit Sharma,24,Male,ST,Lakshadweep,Kavaratti,True,False,B.Com,"finance,supply-chain,electrical,healthcare",Manufacturing,Kolkata,7.3,False
C3107,Amit Bhatia,24,Male,OBC,Chhattisgarh,Korba,False,False,BBA,"research,civil",Healthcare,Any,7.7,False
C3108,Rudra Mehta,24,Male,ST,Meghalaya,West Garo Hills,False,True,BSc,"python,c++,hr-management",Agriculture,Any,8.3,True
C3109,Geeta Joshi,25,Female,General,Jammu and Kashmir,Baramulla,False,False,BSc,"hr-management,civil,agriculture,electrical",Energy,Nagpur,7.0,False
C3110,Ira Sharma,23,Female,SC,Jharkhand,Latehar,True,True,MBA,"research,critical-thinking,javascript,java,graphic-design",Energy,Hyderabad,5.6,False
C3111,Laxmi Naidu,23,Female,General,Rajasthan,Ajmer,True,True,B.Tech,"teaching,teamwork,javascript,marketing,graphic-design",Healthcare,Jaipur,7.8,False
C3112,Neha Qureshi,24,Female,General,Tamil Nadu,Tiruchirappalli,False,True,B.Com,"leadership,research,marketing,electrical",Healthcare,Delhi,7.2,False
C3113,Atharv Jadhav,25,Male,SC,Haryana,Panipat,False,True,BBA,"civil,communication,sql,machine-learning",IT,Indore,8.8,False
C3114,Advik Subramanian,22,Male,General,Puducherry,Puducherry,False,True,MBA,"healthcare,teamwork,marketing",Agriculture,Nagpur,5.0,False
C3115,Nisha Yadav,20,Female,OBC,Lakshadweep,Kavaratti,False,False,B.Tech,"cad,accounting,agriculture,project-management,teaching",Finance,Kochi,5.3,False
C3116,Mohit Shaikh,22,Male,General,Andhra Pradesh,Chittoor,False,False,BA,"civil,problem-solving,finance,graphic-design,sql",IT,Indore,7.0,False
C3117,Divya Mehta,25,Female,General,Meghalaya,Jaintia Hills,False,False,MBA,"machine-learning,data-analysis,healthcare",IT,Any,8.9,True
C3118,Krishna Mehta,20,Male,OBC,Uttar Pradesh,Gorakhpur,False,False,BBA,"marketing,leadership",Healthcare,Any,7.1,True
C3119,Sachin More,20,Male,EWS,Sikkim,Gangtok,False,True,BA,"javascript,machine-learning,marketing,healthcare,graphic-design",Manufacturing,Any,5.0,False
C3120,Deepa Das,24,Female,OBC,Puducherry,Puducherry,False,True,BA,"civil,leadership,project-management",Manufacturing,Chandigarh,6.9,False
C3121,Vivek Banerjee,24,Male,General,Goa,North Goa,False,False,B.Com,"critical-thinking,agriculture,digital-marketing,healthcare",Healthcare,Any,7.0,True
C3122,Ayaan Choudhary,25,Male,General,Puducherry,Karaikal,False,False,BSc,"accounting,mechanical,javascript,digital-marketing",Agriculture,Any,5.5,False
C3123,Avni Joshi,25,Female,EWS,Gujarat,Rajkot,False,True,B.Tech,"civil,javascript,marketing,content-writing",IT,Any,6.4,False
C3124,Neha Singh,24,Female,General,Maharashtra,Solapur,False,False,B.Com,"leadership,content-writing",Agriculture,Coimbatore,8.5,False
C3125,Varun Shetty,23,Male,OBC,Mizoram,Lunglei,False,False,B.Com,"marketing,mechanical,content-writing,data-analysis,excel",Education,Any,7.0,False
C3126,Shaurya Gaikwad,20,Male,General,Assam,Barpeta,False,True,B.Tech,"electrical,data-analysis,content-writing",Education,Any,7.0,False
C3127,Rudra Rajan,22,Male,General,Kerala,Kottayam,False,False,B.Tech,"supply-chain,cad",IT,Indore,6.8,False
C3128,Jordan Jadhav,24,Other,EWS,Lakshadweep,Kavaratti,False,False,MBA,"javascript,marketing",Agriculture,Kolkata,6.8,False
C3129,Nikhil More,25,Male,SC,Assam,Guwahati,False,False,B.Tech,"mechanical,critical-thinking",Agriculture,Chennai,6.4,True
C3130,Sanjay Desai,20,Male,General,Odisha,Kalahandi,False,False,BBA,"excel,teaching",Energy,Ahmedabad,7.2,False
C3131,Ayaan Thakur,21,Male,ST,Arunachal Pradesh,Papum Pare,False,False,MBA,"content-writing,accounting,finance",Healthcare,Vadodara,5.9,False
C3132,Vivek Sharma,22,Male,OBC,Kerala,Palakkad,False,False,BBA,"finance,c++",Healthcare,Hyderabad,6.8,True
C3133,Suman Shetty,25,Female,OBC,Andaman and Nicobar Islands,North and Middle Andaman,False,False,B.Com,"cad,healthcare,python",IT,Any,6.3,False
C3134,Pari Singh,23,Female,General,Delhi,Shahdara,True,False,B.Com,"research,finance,communication,problem-solving,teamwork",IT,Vadodara,7.6,True
C3135,Abhishek Sen,23,Male,General,Puducherry,Karaikal,False,True,B.Com,"mechanical,java",Education,Hyderabad,6.9,True
C3136,Kabir Das,23,Male,EWS,Nagaland,Kohima,False,True,B.Com,"c++,java,javascript,data-analysis",Finance,Kolkata,7.3,False
C3137,Sonal Rajan,20,Female,OBC,Chhattisgarh,Kanker,True,False,B.Com,"research,marketing,content-writing,leadership",Agriculture,Coimbatore,6.2,False
C3138,Aadi Ali,23,Male,SC,Telangana,Nalgonda,False,False,B.Tech,"teamwork,c++",Healthcare,Coimbatore,7.9,False
C3139,Sneha Rao,23,Female,OBC,Chhattisgarh,Durg,False,True,MCA,"digital-marketing,problem-solving,c++,javascript,excel",IT,Any,8.3,False
C3140,Swati Malhotra,25,Female,General,Puducherry,Karaikal,False,False,B.Tech,"teaching,c++,leadership,digital-marketing,communication",Education,Mumbai,6.6,False
C3141,Ira Pillai,23,Female,SC,Odisha,Kalahandi,False,True,MBA,"mechanical,agriculture,leadership",Agriculture,Kochi,8.7,False
C3142,Divya Hussain,24,Female,EWS,Chhattisgarh,Bijapur,False,False,BA,"research,marketing,healthcare,supply-chain,teaching",Healthcare,Lucknow,5.0,False
C3143,Anil Nair,21,Male,OBC,Sikkim,South District,False,True,BSc,"digital-marketing,teaching,communication,excel",Energy,Jaipur,7.7,False
C3144,Taylor More,21,Other,General,West Bengal,Maldah,False,True,BSc,"python,digital-marketing,marketing,graphic-design,c++",Manufacturing,Kochi,5.2,True
C3145,Gaurav Iyer,20,Male,OBC,Sikkim,East District,False,True,B.Tech,"agriculture,research,accounting,content-writing",Healthcare,Delhi,7.8,False
C3146,Pooja Agarwal,24,Female,General,Ladakh,Leh,False,True,B.Tech,"communication,electrical,data-analysis,finance",Finance,Ahmedabad,7.4,False
C3147,Ravi Choudhary,22,Male,OBC,Arunachal Pradesh,Lower Subansiri,False,True,BBA,"supply-chain,agriculture,excel,c++",IT,Chennai,7.8,False
C3148,Akash Mirza,21,Male,OBC,Andhra Pradesh,Vizianagaram,False,False,B.Tech,"machine-learning,problem-solving",Manufacturing,Hyderabad,6.2,False
C3149,Pallavi Jadhav,24,Female,ST,Delhi,South Delhi,False,False,B.Com,"marketing,finance,communication,agriculture",Education,Mumbai,9.9,False
C3150,Riya Mirza,24,Other,OBC,Lakshadweep,Kavaratti,True,True,B.Tech,"project-management,agriculture,data-analysis",IT,Hyderabad,5.0,False
C3151,Nikhil Ali,25,Male,SC,Haryana,Panipat,False,True,BSc,"research,leadership,c++",IT,Jaipur,8.6,False
C3152,Geeta Khanna,23,Female,SC,Punjab,Hoshiarpur,False,True,MCA,"problem-solving,digital-marketing,cad",Energy,Lucknow,7.7,False
C3153,Meera Jadhav,24,Female,OBC,Manipur,Imphal East,False,False,BSc,"hr-management,leadership",Energy,Vadodara,8.7,True
C3154,Ajay Qureshi,20,Male,EWS,Arunachal Pradesh,Changlang,False,False,BSc,"research,leadership",IT,Ahmedabad,7.1,False
C3155,Shreya More,25,Female,General,Assam,Udalguri,True,True,B.Com,"critical-thinking,teamwork,sql,teaching",Healthcare,Kolkata,5.4,False
C3156,Usha More,21,Female,SC,Andhra Pradesh,Vizianagaram,True,False,MBA,"content-writing,c++,communication",Energy,Any,6.4,False
C3157,Swati Ahmed,21,Female,EWS,Meghalaya,East Khasi Hills,False,False,BA,"teamwork,python,finance,machine-learning",IT,Nagpur,5.7,False
C3158,Rakesh Singh,25,Male,General,Tripura,West Tripura,False,False,B.Tech,"electrical,healthcare,critical-thinking,data-analysis,hr-management",IT,Any,8.1,False
C3159,Riya Dubey,22,Other,SC,Andhra Pradesh,Visakhapatnam,False,False,BSc,"python,problem-solving,hr-management,communication,java",Healthcare,Lucknow,8.4,False
C3160,Deepak Das,24,Male,General,West Bengal,North 24 Parganas,False,False,BSc,"teamwork,communication,excel,c++,healthcare",Finance,Any,6.6,False
C3161,Kavita Mehta,24,Female,OBC,Nagaland,Dimapur,False,False,B.Tech,"finance,hr-management,python,c++,teaching",Finance,Vadodara,8.0,False
C3162,Varun Ghosh,21,Male,General,Rajasthan,Kota,False,True,B.Com,"excel,sql",Manufacturing,Bhubaneswar,8.6,False
C3163,Nikhil Mukherjee,23,Male,General,Ladakh,Leh,False,False,MBA,"electrical,c++",IT,Any,7.1,False
C3164,Swati Yadav,21,Female,General,Telangana,Nizamabad,False,False,BSc,"communication,teamwork,teaching",Education,Any,6.7,False
C3165,Geeta Nair,24,Female,SC,Arunachal Pradesh,Namsai,True,False,B.Tech,"agriculture,problem-solving",Finance,Lucknow,7.2,False
C3166,Komal Chatterjee,21,Female,General,Tamil Nadu,Tiruchirappalli,False,True,BSc,"cad,c++,civil",Healthcare,Any,8.0,False
C3167,Deepak Shetty,23,Male,SC,Maharashtra,Gadchiroli,False,True,MBA,"teamwork,healthcare,electrical",Finance,Lucknow,6.4,True
C3168,Kabir Das,23,Male,OBC,West Bengal,Murshidabad,True,True,BSc,"python,machine-learning",Finance,Bangalore,5.2,False
C3169,Riya Khan,24,Female,EWS,Maharashtra,Thane,False,False,BSc,"content-writing,teaching",IT,Kolkata,9.3,False
C3170,Pari Subramanian,25,Female,EWS,West Bengal,Hooghly,True,False,BBA,"project-management,excel,machine-learning",Finance,Mumbai,8.6,True
C3171,Mohit Chopra,24,Male,General,Dadra and Nagar Haveli and Daman and Diu,Dadra and Nagar Haveli,False,False,BA,"communication,leadership,excel,python,data-analysis",Education,Gurgaon,7.6,False
C3172,Rudra Mukherjee,24,Male,SC,Gujarat,Kutch,False,True,B.Com,"digital-marketing,critical-thinking",IT,Mumbai,5.7,True
C3173,Alex Sen,23,Other,ST,Chhattisgarh,Sukma,False,True,B.Tech,"problem-solving,supply-chain,content-writing,mechanical,project-management",Healthcare,Kochi,5.9,False
C3174,Vikram Rao,22,Male,SC,Dadra and Nagar Haveli and Daman and Diu,Daman,False,True,BSc,"c++,electrical,sql",Education,Chennai,7.9,False
C3175,Pallavi Arora,24,Female,General,Lakshadweep,Agatti,False,True,B.Com,"graphic-design,excel,data-analysis,leadership,research",Agriculture,Any,7.9,False
C3176,Tanvi Siddiqui,25,Female,General,Haryana,Faridabad,False,True,BSc,"c++,hr-management",IT,Any,5.0,False
C3177,Vihaan Kapoor,23,Male,ST,Madhya Pradesh,Indore,False,True,B.Tech,"agriculture,electrical,c++,finance,teaching",IT,Any,8.1,False
C3178,Jyoti Rajan,21,Female,SC,Mizoram,Mamit,True,True,MBA,"communication,digital-marketing",Education,Indore,6.5,False
C3179,Reyansh Arora,20,Male,ST,Telangana,Nizamabad,False,False,B.Com,"teamwork,java",IT,Any,6.9,False
C3180,Avni Rajan,21,Female,SC,Haryana,Ambala,False,False,BSc,"critical-thinking,civil,content-writing,agriculture",Finance,Bhubaneswar,7.2,False
C3181,Rekha Bose,24,Female,SC,Punjab,Ludhiana,False,True,MBA,"accounting,project-management,sql,c++,civil",Agriculture,Any,8.1,False
C3182,Vikram Khan,23,Male,General,Odisha,Balangir,False,False,B.Tech,"javascript,digital-marketing,machine-learning",IT,Any,7.8,False
C3183,Shalini Nair,20,Female,EWS,Kerala,Wayanad,True,False,B.Tech,"excel,teaching,teamwork,mechanical,digital-marketing",Healthcare,Any,8.2,False
C3184,Meera Jadhav,20,Female,OBC,Arunachal Pradesh,Namsai,True,True,B.Tech,"problem-solving,communication,supply-chain,graphic-design",IT,Chandigarh,9.2,False
C3185,Sunita Mirza,20,Female,General,Karnataka,Raichur,False,False,MBA,"agriculture,project-management,healthcare,python",IT,Ahmedabad,5.8,False
C3186,Sunil Das,20,Male,SC,Puducherry,Karaikal,False,False,MBA,"excel,teaching",Finance,Delhi,7.0,False
C3187,Pranav Hegde,22,Male,OBC,Dadra and Nagar Haveli and Daman and Diu,Diu,False,True,BSc,"accounting,python,electrical,java",Education,Indore,7.2,False
C3188,Ravi Krishnan,21,Male,OBC,Telangana,Rangareddy,False,True,B.Com,"java,python,mechanical,project-management,research",IT,Any,7.4,False
C3189,Vivek More,24,Male,ST,Telangana,Mahabubnagar,False,False,B.Tech,"leadership,healthcare,finance",Manufacturing,Any,6.2,False
C3190,Sara Ali,23,Female,General,Madhya Pradesh,Barwani,True,False,B.Com,"teamwork,marketing",IT,Any,5.3,True
C3191,Riya Dubey,21,Female,ST,Telangana,Karimnagar,False,False,B.Tech,"marketing,data-analysis",Healthcare,Kolkata,7.8,False
C3192,Aryan Yadav,23,Male,SC,Jammu and Kashmir,Udhampur,False,False,MBA,"machine-learning,excel",Manufacturing,Any,8.5,True
C3193,Aarav Roy,25,Male,SC,Kerala,Kannur,False,False,MBA,"finance,electrical,graphic-design,excel",Agriculture,Chennai,8.6,False
C3194,Ravi Roy,21,Male,OBC,Odisha,Cuttack,False,False,B.Tech,"data-analysis,sql",Agriculture,Any,5.4,False
C3195,Usha Dubey,24,Female,SC,Jharkhand,Hazaribagh,False,False,B.Tech,"project-management,mechanical,teaching",Agriculture,Any,7.4,False
C3196,Ira Yadav,23,Female,General,Haryana,Hisar,False,False,B.Tech,"marketing,data-analysis,mechanical,research,content-writing",IT,Any,6.2,False
C3197,Vihaan Arora,22,Male,OBC,Mizoram,Champhai,False,False,B.Tech,"healthcare,cad",Energy,Gurgaon,5.7,False
C3198,Kavita Patil,24,Female,SC,Delhi,South Delhi,False,True,B.Tech,"electrical,teamwork,sql,teaching,accounting",Manufacturing,Any,6.0,False
C3199,Manisha Rajan,24,Female,EWS,Assam,Barpeta,True,False,BBA,"content-writing,hr-management",Finance,Kolkata,5.3,False
C3200,Vivek Ghosh,20,Male,OBC,Odisha,Dhenkanal,False,True,BA,"critical-thinking,project-management,content-writing,problem-solving",Energy,Any,6.5,False
C3201,Naveen Pillai,25,Male,General,Meghalaya,Jaintia Hills,True,True,B.Tech,"finance,problem-solving,supply-chain,civil",Finance,Any,5.5,False
C3202,Karan Chatterjee,22,Male,General,Manipur,Churachandpur,False,True,MCA,"graphic-design,content-writing,problem-solving",Finance,Noida,8.6,False
C3203,Anjali Ali,25,Female,EWS,Haryana,Rohtak,False,False,B.Com,"excel,agriculture,teaching,civil,graphic-design",Agriculture,Any,6.0,False
C3204,Krishna Desai,23,Male,OBC,Goa,South Goa,False,False,B.Com,"data-analysis,content-writing,accounting,teaching",Agriculture,Gurgaon,6.8,False
C3205,Taylor Singh,21,Other,OBC,Maharashtra,Osmanabad,True,False,B.Com,"accounting,electrical,hr-management",Education,Bhubaneswar,5.3,False
C3206,Kabir Ansari,22,Other,OBC,Manipur,Imphal East,False,False,BA,"excel,teamwork,finance,marketing",Agriculture,Ahmedabad,9.3,True
C3207,Rekha Siddiqui,21,Female,SC,Punjab,Gurdaspur,False,False,B.Com,"problem-solving,agriculture",Manufacturing,Coimbatore,9.2,True
C3208,Aadhya Kulkarni,21,Female,General,Rajasthan,Jaisalmer,True,True,BBA,"marketing,civil,teamwork,javascript",Energy,Jaipur,8.1,False
C3209,Sunita Rajan,24,Female,EWS,Manipur,Bishnupur,False,False,MBA,"mechanical,leadership,marketing",Healthcare,Delhi,9.7,False
C3210,Komal Choudhary,21,Female,OBC,Andhra Pradesh,Y.S.R. Kadapa,True,True,BSc,"machine-learning,leadership",Healthcare,Coimbatore,8.5,False
C3211,Abhishek Hussain,23,Male,OBC,Chandigarh,Chandigarh,False,True,BSc,"leadership,agriculture,teaching,content-writing",Finance,Bhubaneswar,7.6,False
C3212,Suresh Hussain,22,Male,EWS,Goa,South Goa,False,False,B.Com,"sql,graphic-design,hr-management",Healthcare,Bangalore,9.9,False
C3213,Sonal Banerjee,22,Female,OBC,Andaman and Nicobar Islands,North and Middle Andaman,False,False,B.Com,"graphic-design,machine-learning",Agriculture,Coimbatore,8.1,False
C3214,Aadhya Malhotra,22,Female,OBC,Gujarat,Gandhinagar,False,True,BBA,"electrical,supply-chain,digital-marketing",IT,Jaipur,8.8,False
C3215,Aadi Bhatia,21,Male,SC,Andhra Pradesh,Chittoor,False,False,BBA,"data-analysis,leadership",IT,Any,7.2,False
C3216,Manisha Bose,20,Female,General,Ladakh,Kargil,False,False,B.Tech,"communication,finance,problem-solving,sql,content-writing",Finance,Jaipur,7.9,False
C3217,Usha Yadav,23,Female,OBC,Andhra Pradesh,Chittoor,False,True,B.Tech,"sql,data-analysis,mechanical,healthcare",IT,Any,7.2,False
C3218,Atharv Patil,20,Male,SC,West Bengal,Birbhum,False,True,B.Tech,"research,data-analysis",Healthcare,Ahmedabad,8.1,False
C3219,Aadi Sharma,22,Male,SC,Arunachal Pradesh,Lower Subansiri,False,False,BSc,"python,graphic-design,communication,teamwork",Healthcare,Chennai,7.3,False
C3220,Krishna Roy,21,Male,EWS,Delhi,Central Delhi,False,True,BSc,"civil,c++,agriculture,hr-management,excel",IT,Pune,6.6,False
C3221,Neha Choudhary,23,Female,OBC,Lakshadweep,Minicoy,False,True,B.Tech,"graphic-design,digital-marketing,healthcare",Agriculture,Pune,5.7,False
C3222,Aditi Patil,21,Female,OBC,Jammu and Kashmir,Rajouri,False,False,BSc,"c++,cad,python",Energy,Lucknow,6.7,False
C3223,Sai Yadav,24,Male,OBC,Arunachal Pradesh,Namsai,True,True,B.Com,"digital-marketing,cad,supply-chain,sql",Agriculture,Any,7.0,False
C3224,Avni Banerjee,24,Female,EWS,Tamil Nadu,Coimbatore,False,False,MCA,"javascript,content-writing,java",IT,Noida,8.0,False
C3225,Jyoti Roy,25,Female,ST,Karnataka,Bengaluru Urban,False,False,BA,"supply-chain,java,communication,marketing,javascript",Manufacturing,Any,6.9,False
C3226,Naveen Joshi,21,Male,OBC,Himachal Pradesh,Una,False,True,B.Tech,"data-analysis,cad",Finance,Nagpur,6.1,False
C3227,Anil Thakur,24,Male,SC,Chhattisgarh,Korba,True,True,BSc,"critical-thinking,hr-management,mechanical,teaching,supply-chain",Education,Gurgaon,8.2,False
C3228,Laxmi Jadhav,20,Female,OBC,Tamil Nadu,Virudhunagar,True,False,BA,"sql,communication,marketing",Healthcare,Any,7.6,False
C3229,Manoj Singh,20,Male,OBC,Rajasthan,Kota,False,False,B.Tech,"cad,javascript,finance",Manufacturing,Pune,7.2,False
C3230,Pranav Hegde,23,Male,OBC,Chhattisgarh,Narayanpur,False,False,MBA,"teaching,sql,graphic-design,civil,mechanical",IT,Any,7.7,False
C3231,Asha Ali,23,Female,SC,Tripura,South Tripura,False,True,BA,"python,project-management,electrical,research,graphic-design",IT,Chandigarh,6.7,False
C3232,Casey Siddiqui,22,Other,SC,Punjab,Amritsar,False,False,B.Com,"research,c++,agriculture",IT,Any,5.4,False
C3233,Aarohi Agarwal,24,Female,ST,Telangana,Warangal,True,True,BSc,"c++,java,marketing,excel,python",Finance,Indore,5.2,False
C3234,Manish Mishra,21,Male,General,Odisha,Sundargarh,False,False,MCA,"healthcare,java",Finance,Coimbatore,5.0,False
C3235,Tanvi Jadhav,21,Female,General,Goa,North Goa,False,True,BSc,"python,communication",IT,Any,8.6,False
C3236,Preeti Shah,22,Female,General,Uttarakhand,Nainital,False,True,BA,"c++,cad,machine-learning,content-writing",Manufacturing,Any,6.9,False
C3237,Jyoti Siddiqui,24,Female,OBC,Gujarat,Ahmedabad,False,False,BA,"leadership,project-management,c++,content-writing,research",IT,Chennai,7.6,False
C3238,Asha Naidu,21,Female,OBC,Madhya Pradesh,Indore,False,False,BSc,"hr-management,graphic-design,electrical",Finance,Indore,7.4,False
C3239,Anita Naidu,20,Female,General,Kerala,Palakkad,False,False,BSc,"hr-management,teaching,research,cad",IT,Any,7.3,False
C3240,Aadi Kumar,20,Male,General,Madhya Pradesh,Singrauli,False,True,BSc,"machine-learning,finance,data-analysis",Manufacturing,Coimbatore,7.2,False
C3241,Aadhya Hegde,24,Female,OBC,Karnataka,Kalaburagi,True,False,BA,"critical-thinking,machine-learning,python,javascript,healthcare",IT,Any,6.0,False
C3242,Advik Ansari,25,Male,SC,Madhya Pradesh,Sagar,False,True,BSc,"python,data-analysis,sql,c++",Finance,Any,7.2,False
C3243,Siddharth Kapoor,21,Male,General,Karnataka,Raichur,True,False,BSc,"marketing,sql",Healthcare,Nagpur,9.8,False
C3244,Vivek Choudhary,24,Male,General,Manipur,Ukhrul,False,True,B.Tech,"digital-marketing,healthcare,machine-learning,electrical,research",Finance,Any,8.4,False
C3245,Aarav Sen,20,Other,SC,Kerala,Thiruvananthapuram,False,True,B.Tech,"data-analysis,java",Energy,Nagpur,5.5,False
C3246,Divya Jain,24,Female,OBC,Manipur,Chandel,True,False,B.Tech,"electrical,javascript,sql",Manufacturing,Kochi,7.2,False
C3247,Ritu Kapoor,22,Female,General,Meghalaya,West Garo Hills,False,False,BA,"communication,supply-chain,hr-management,mechanical",Education,Chandigarh,8.5,False
C3248,Meera Kumar,23,Female,ST,Manipur,Imphal West,False,False,MCA,"communication,sql,graphic-design,agriculture,project-management",Energy,Any,7.1,False
C3249,Siddharth Arora,24,Male,OBC,Nagaland,Mon,False,True,BBA,"java,healthcare",IT,Ahmedabad,5.9,False
C3250,Pari More,23,Female,OBC,Delhi,Shahdara,False,False,MCA,"machine-learning,python,teamwork,project-management,digital-marketing",Manufacturing,Ahmedabad,7.5,False
C3251,Arjun Krishnan,20,Male,OBC,West Bengal,Howrah,True,True,MCA,"problem-solving,java,critical-thinking",Education,Any,7.8,False
C3252,Atharv Mishra,25,Male,OBC,Sikkim,West District,True,True,MBA,"c++,machine-learning",Energy,Nagpur,7.1,False
C3253,Saanvi Desai,25,Female,OBC,Delhi,South Delhi,False,False,BBA,"data-analysis,research,accounting",Manufacturing,Noida,7.7,False
C3254,Aadhya Gaikwad,23,Female,General,Dadra and Nagar Haveli and Daman and Diu,Diu,False,True,B.Com,"critical-thinking,supply-chain,c++,teaching,civil",Education,Any,7.0,False
C3255,Arjun Patel,23,Male,SC,Bihar,Khagaria,True,False,MCA,"sql,accounting",Education,Lucknow,6.8,False
C3256,Tanvi Jadhav,21,Female,OBC,Rajasthan,Ajmer,False,False,BSc,"critical-thinking,hr-management,healthcare,electrical",Agriculture,Mumbai,6.6,False
C3257,Jyoti Desai,21,Female,SC,Ladakh,Leh,False,True,BSc,"hr-management,teamwork,graphic-design,marketing",IT,Noida,9.3,False
C3258,Myra Hussain,25,Female,General,Odisha,Balangir,False,False,B.Tech,"java,civil,electrical,teamwork,javascript",Finance,Any,6.9,False
C3259,Aarav Thakur,25,Other,General,Sikkim,North District,False,True,BSc,"graphic-design,teamwork,excel,electrical",IT,Kochi,6.4,True
C3260,Rekha Singh,24,Female,OBC,Uttar Pradesh,Bareilly,False,True,B.Tech,"data-analysis,content-writing,supply-chain",Healthcare,Any,8.2,False
C3261,Pari Verma,25,Female,SC,Assam,Darrang,True,True,BA,"electrical,java",Energy,Gurgaon,8.1,False
C3262,Deepa More,23,Female,ST,Jammu and Kashmir,Udhampur,False,False,B.Com,"communication,javascript,cad,digital-marketing",Education,Jaipur,7.3,False
C3263,Ayaan Dubey,25,Male,OBC,Ladakh,Leh,False,True,MBA,"accounting,healthcare,excel,python,critical-thinking",Manufacturing,Vadodara,6.4,False
C3264,Sneha Jain,22,Female,ST,Delhi,Central Delhi,False,False,B.Tech,"digital-marketing,hr-management,finance,accounting",Education,Bhubaneswar,6.6,False
C3265,Asha Desai,20,Female,ST,Karnataka,Ballari,False,True,BA,"c++,finance,communication,java,hr-management",Manufacturing,Any,6.1,False
C3266,Bhavna Khanna,20,Female,ST,Chhattisgarh,Korba,True,False,MCA,"critical-thinking,hr-management",Education,Any,6.2,False
C3267,Vihaan Rao,23,Male,ST,Chandigarh,Chandigarh,False,True,BA,"data-analysis,civil",IT,Pune,9.8,False
C3268,Morgan Shah,22,Other,EWS,Arunachal Pradesh,Namsai,True,True,B.Com,"machine-learning,communication",Education,Any,7.1,False
C3269,Manisha Rao,24,Female,EWS,Odisha,Sundargarh,False,False,B.Tech,"communication,python,graphic-design",Healthcare,Any,7.4,False
C3270,Naveen Gupta,20,Male,General,Ladakh,Kargil,False,True,B.Tech,"teamwork,digital-marketing",Healthcare,Any,8.2,False
C3271,Suman Thakur,20,Female,General,Karnataka,Yadgir,True,True,BA,"hr-management,project-management,teamwork",Education,Hyderabad,7.9,False
C3272,Gaurav Naidu,25,Male,OBC,Uttarakhand,Almora,False,False,BBA,"critical-thinking,data-analysis,civil,electrical,sql",IT,Coimbatore,6.4,False
C3273,Riya Shetty,22,Female,OBC,Dadra and Nagar Haveli and Daman and Diu,Diu,True,False,B.Tech,"project-management,marketing",Agriculture,Any,6.1,False
C3274,Diya Kulkarni,20,Female,OBC,Chandigarh,Chandigarh,False,False,MBA,"mechanical,excel,content-writing,problem-solving",Finance,Delhi,7.9,False
C3275,Gaurav Jadhav,21,Male,SC,Uttarakhand,Almora,False,False,BSc,"content-writing,critical-thinking,graphic-design",Agriculture,Indore,5.8,False
C3276,Atharv Patil,22,Male,SC,Kerala,Alappuzha,False,False,B.Tech,"marketing,electrical,graphic-design,finance,supply-chain",Energy,Lucknow,7.3,True
C3277,Isha Yadav,25,Female,General,Delhi,North Delhi,False,True,BA,"problem-solving,c++,graphic-design",Manufacturing,Kochi,6.7,False
C3278,Sachin Qureshi,20,Male,General,Arunachal Pradesh,Lower Subansiri,False,True,BSc,"sql,python,leadership",Finance,Pune,7.7,False
C3279,Sara Khan,23,Female,EWS,Uttar Pradesh,Lucknow,False,False,B.Tech,"research,teamwork",Education,Bhubaneswar,7.2,False
C3280,Sanjay Singh,24,Male,General,Himachal Pradesh,Shimla,False,False,B.Com,"problem-solving,teamwork",Manufacturing,Any,7.8,False
C3281,Atharv Nair,20,Male,General,West Bengal,Kolkata,False,False,BSc,"java,javascript",IT,Hyderabad,7.8,True
C3282,Kabir Ansari,21,Male,SC,Dadra and Nagar Haveli and Daman and Diu,Dadra and Nagar Haveli,False,False,BA,"civil,c++,teamwork,machine-learning,project-management",IT,Any,6.2,False
C3283,Pooja Hegde,22,Female,EWS,Tamil Nadu,Kanchipuram,False,False,BA,"content-writing,accounting,machine-learning,marketing,supply-chain",Healthcare,Gurgaon,7.2,False
C3284,Aanya Reddy,21,Other,OBC,Puducherry,Puducherry,False,False,B.Tech,"accounting,digital-marketing",Energy,Lucknow,7.0,False
C3285,Ravi Banerjee,25,Male,SC,Puducherry,Yanam,False,False,B.Com,"java,sql",IT,Kochi,8.1,False
C3286,Meera Roy,22,Female,General,Himachal Pradesh,Kangra,False,False,B.Tech,"hr-management,communication",Energy,Any,7.3,False
C3287,Deepa Ali,20,Female,General,Bihar,Bhagalpur,False,True,B.Com,"mechanical,supply-chain,cad,data-analysis",Finance,Mumbai,6.5,False
C3288,Priya More,25,Female,SC,Bihar,Araria,False,True,BA,"project-management,finance,c++",Finance,Ahmedabad,7.2,False
C3289,Suresh Chopra,20,Male,SC,Himachal Pradesh,Una,False,False,B.Tech,"digital-marketing,c++",Energy,Any,7.9,False
C3290,Mohit Shaikh,21,Male,OBC,Andaman and Nicobar Islands,Nicobar,False,False,B.Tech,"digital-marketing,critical-thinking,electrical,hr-management,teaching",Energy,Kolkata,6.9,False
C3291,Aadi Chopra,21,Male,OBC,Goa,North Goa,True,True,B.Tech,"research,machine-learning",IT,Any,6.2,False
C3292,Rani Banerjee,20,Female,General,Gujarat,Bhavnagar,False,True,BBA,"finance,problem-solving",IT,Ahmedabad,6.1,False
C3293,Sachin Siddiqui,24,Male,SC,Arunachal Pradesh,Lower Subansiri,False,False,BSc,"data-analysis,mechanical",IT,Any,8.9,False
C3294,Vihaan Gaikwad,20,Male,General,Chandigarh,Chandigarh,False,False,BSc,"data-analysis,civil,marketing,teamwork",Healthcare,Kolkata,9.3,False
C3295,Ayaan Kulkarni,21,Male,EWS,Meghalaya,East Garo Hills,False,True,BBA,"java,problem-solving,supply-chain,research,mechanical",Finance,Chandigarh,6.7,False
C3296,Dhruv Reddy,21,Male,General,Jammu and Kashmir,Anantnag,False,True,B.Tech,"civil,critical-thinking",Energy,Jaipur,8.7,False
C3297,Amit Joshi,23,Male,SC,Puducherry,Yanam,False,False,B.Tech,"teaching,research,data-analysis,civil,mechanical",Finance,Indore,8.1,False
C3298,Sachin Choudhary,24,Male,EWS,Uttar Pradesh,Sonbhadra,False,True,B.Tech,"agriculture,excel,cad",Agriculture,Bhubaneswar,6.6,False
C3299,Atharv Desai,20,Male,OBC,Andaman and Nicobar Islands,South Andaman,False,True,B.Com,"leadership,javascript,civil",Finance,Nagpur,7.5,False
C3300,Ritu Subramanian,23,Female,General,Delhi,Shahdara,True,False,BA,"java,project-management",Education,Chennai,7.1,False
C3301,Vandana Hegde,25,Female,EWS,Goa,North Goa,False,True,BBA,"data-analysis,teaching",Manufacturing,Any,6.6,False
C3302,Veer Farooqui,22,Male,OBC,Madhya Pradesh,Bhopal,False,True,MBA,"cad,hr-management",Agriculture,Delhi,7.1,False
C3303,Riya Ghosh,20,Female,SC,Rajasthan,Jodhpur,False,False,B.Com,"accounting,communication,electrical,marketing",IT,Bangalore,8.1,False
C3304,Shreya Singh,20,Female,General,Uttar Pradesh,Kanpur Nagar,False,True,B.Tech,"machine-learning,communication,javascript",Energy,Hyderabad,7.0,False
C3305,Shaurya Mirza,20,Male,ST,Andaman and Nicobar Islands,South Andaman,False,True,B.Tech,"machine-learning,javascript,leadership,teamwork",Finance,Any,7.6,False
C3306,Anita Shetty,22,Female,ST,Maharashtra,Kolhapur,False,False,MCA,"sql,supply-chain,civil,agriculture,electrical",Finance,Jaipur,6.7,False
C3307,Aditya Choudhary,21,Male,OBC,Sikkim,West District,False,True,BBA,"mechanical,supply-chain,excel,c++,content-writing",IT,Coimbatore,7.0,False
C3308,Sai Shaikh,21,Male,ST,Madhya Pradesh,Ujjain,False,False,BA,"teaching,project-management,java,supply-chain,mechanical",Education,Chennai,7.0,False
C3309,Shreya Yadav,25,Female,ST,Tripura,West Tripura,False,False,MCA,"mechanical,digital-marketing,civil",IT,Any,6.4,False
C3310,Vivek Desai,21,Male,ST,Punjab,Hoshiarpur,False,True,MBA,"excel,supply-chain",Agriculture,Lucknow,8.5,False
C3311,Abhishek Khanna,22,Male,General,Sikkim,South District,False,False,B.Com,"mechanical,hr-management,marketing",Education,Delhi,7.0,False
C3312,Manisha Rao,25,Female,General,Rajasthan,Baran,True,False,B.Tech,"javascript,electrical,hr-management",IT,Kochi,8.3,True
C3313,Yash Roy,20,Male,ST,Telangana,Warangal,False,False,MBA,"problem-solving,cad",Education,Any,9.4,True
C3314,Ayaan Roy,23,Male,SC,Telangana,Medchal,False,True,B.Com,"teaching,content-writing,teamwork,data-analysis,python",Finance,Gurgaon,6.9,False
C3315,Kiara Siddiqui,23,Female,OBC,Assam,Dhubri,False,False,BA,"graphic-design,excel,communication,marketing,accounting",Healthcare,Noida,8.1,False
C3316,Sai Chopra,24,Male,SC,Tamil Nadu,Thanjavur,False,True,B.Com,"data-analysis,electrical,critical-thinking",IT,Any,7.8,False
C3317,Vihaan Ansari,24,Male,OBC,Chhattisgarh,Bilaspur,False,True,BBA,"communication,healthcare",Energy,Any,5.7,False
C3318,Aditi Menon,24,Female,General,Mizoram,Lunglei,False,False,B.Tech,"electrical,cad",Healthcare,Kochi,8.3,False
C3319,Pooja Nair,21,Female,ST,Chandigarh,Chandigarh,True,True,BSc,"mechanical,teamwork,content-writing,electrical,accounting",Finance,Lucknow,7.2,False
C3320,Vandana Arora,23,Female,SC,Kerala,Palakkad,True,True,MBA,"content-writing,hr-management",IT,Any,7.2,False
C3321,Pooja Shetty,25,Female,General,Haryana,Rohtak,False,False,MBA,"research,excel,teamwork,data-analysis,critical-thinking",Education,Chennai,7.4,False
C3322,Deepa Das,24,Female,General,Uttarakhand,Nainital,False,False,MBA,"graphic-design,project-management,civil,cad,hr-management",IT,Delhi,5.5,True
C3323,Rekha Patil,20,Female,General,Odisha,Sundargarh,False,True,BA,"finance,c++,accounting",Energy,Ahmedabad,5.3,False
C3324,Vikram Chatterjee,21,Male,OBC,Rajasthan,Bikaner,False,True,B.Com,"agriculture,python,accounting",Manufacturing,Any,5.7,False
C3325,Sunita Qureshi,21,Female,General,Andhra Pradesh,Visakhapatnam,False,False,B.Com,"research,finance,electrical,accounting,supply-chain",Healthcare,Any,6.4,False
C3326,Jordan Thakur,21,Other,EWS,Karnataka,Kalaburagi,False,True,BBA,"machine-learning,research,marketing,teaching,communication",Manufacturing,Hyderabad,6.8,False
C3327,Aanya Ahmed,25,Female,OBC,Mizoram,Kolasib,False,True,BSc,"content-writing,machine-learning",Agriculture,Any,5.0,False
C3328,Anika Mishra,23,Female,EWS,Uttar Pradesh,Kanpur Nagar,True,True,B.Com,"research,finance,supply-chain,agriculture",IT,Any,8.0,False
C3329,Arjun Siddiqui,21,Male,General,Haryana,Rohtak,False,True,B.Tech,"mechanical,supply-chain,communication,digital-marketing,problem-solving",IT,Vadodara,9.5,False
C3330,Rakesh Jain,22,Male,OBC,Manipur,Imphal West,False,True,MBA,"graphic-design,hr-management,python,data-analysis,javascript",Agriculture,Any,6.1,False
C3331,Aarohi Thakur,21,Female,General,Andhra Pradesh,Anantapur,False,False,BA,"graphic-design,machine-learning,electrical",Finance,Any,7.6,False
C3332,Karan Mishra,22,Male,General,Nagaland,Kohima,False,True,B.Tech,"graphic-design,python,finance,c++,civil",Finance,Any,9.3,True
C3333,Isha Khan,25,Female,OBC,Nagaland,Dimapur,False,False,B.Tech,"mechanical,javascript",Agriculture,Any,8.0,False
C3334,Anika Das,23,Female,OBC,Chandigarh,Chandigarh,False,True,B.Com,"content-writing,accounting,civil,electrical,machine-learning",Education,Any,7.0,False
C3335,Suman Bose,25,Female,OBC,Madhya Pradesh,Guna,False,True,BSc,"python,electrical,data-analysis,research",IT,Any,5.6,False
C3336,Rohan Bose,20,Male,OBC,Meghalaya,West Garo Hills,False,True,B.Tech,"project-management,mechanical,machine-learning",Finance,Pune,7.4,False
C3337,Sanjay Chopra,24,Male,EWS,Tamil Nadu,Erode,False,True,BBA,"finance,java,accounting",Finance,Nagpur,6.1,False
C3338,Aarav Chatterjee,22,Other,ST,Bihar,Patna,False,False,B.Com,"teamwork,project-management,supply-chain,civil,electrical",IT,Mumbai,8.2,False
C3339,Suresh Ali,20,Male,OBC,Tamil Nadu,Virudhunagar,True,False,B.Tech,"excel,research",Healthcare,Nagpur,5.0,False
C3340,Vikram Rao,20,Male,General,Punjab,Jalandhar,False,False,B.Tech,"content-writing,leadership,project-management,javascript,c++",Manufacturing,Noida,7.2,False
C3341,Ankit Nair,21,Male,OBC,Nagaland,Kiphire,True,False,BBA,"electrical,research,cad",Manufacturing,Any,7.8,False
C3342,Rakesh Joshi,20,Male,General,Madhya Pradesh,Bhopal,False,True,BBA,"communication,java",Healthcare,Bangalore,7.8,False
C3343,Rahul Patil,24,Male,EWS,Jharkhand,Ranchi,True,False,B.Com,"civil,marketing,sql",Education,Jaipur,7.6,False
C3344,Laxmi Nair,20,Female,EWS,Tamil Nadu,Erode,False,True,MBA,"problem-solving,python,supply-chain,civil,digital-marketing",Healthcare,Chennai,7.2,False
C3345,Aanya Qureshi,20,Female,ST,Andhra Pradesh,Anantapur,False,True,BA,"electrical,finance,civil,mechanical",Education,Jaipur,8.6,False
C3346,Vihaan Tiwari,21,Male,OBC,Telangana,Khammam,False,True,BSc,"project-management,data-analysis,machine-learning,teamwork,agriculture",Finance,Bangalore,7.7,True
C3347,Aryan Verma,24,Male,General,Uttarakhand,Udham Singh Nagar,True,False,BBA,"leadership,project-management",Healthcare,Nagpur,7.4,False
C3348,Sara Hegde,23,Female,EWS,Bihar,Khagaria,True,True,MBA,"problem-solving,agriculture",IT,Ahmedabad,7.4,False
C3349,Manisha Reddy,22,Female,OBC,Andaman and Nicobar Islands,North and Middle Andaman,False,True,B.Com,"research,marketing,javascript,healthcare,finance",Energy,Any,6.1,False
C3350,Aditi Shetty,20,Female,OBC,Rajasthan,Udaipur,False,True,BA,"marketing,healthcare",IT,Jaipur,6.5,False
C3351,Meera Mukherjee,22,Female,OBC,Meghalaya,West Garo Hills,False,False,B.Tech,"sql,communication,project-management,data-analysis,content-writing",Energy,Any,7.3,False
C3352,Shaurya Iyer,23,Male,OBC,Sikkim,Gangtok,False,True,B.Tech,"finance,machine-learning,c++,electrical,graphic-design",Manufacturing,Any,7.0,False
C3353,Geeta Arora,24,Female,SC,Jammu and Kashmir,Kupwara,False,True,B.Tech,"graphic-design,finance,cad,hr-management,c++",Agriculture,Vadodara,6.9,False
C3354,Vivek Hegde,22,Male,ST,Himachal Pradesh,Kullu,False,False,MCA,"healthcare,project-management,research,electrical",Healthcare,Gurgaon,8.5,False
C3355,Rajesh Reddy,20,Male,SC,Maharashtra,Solapur,False,True,B.Tech,"machine-learning,healthcare,agriculture,content-writing",IT,Hyderabad,9.6,False
C3356,Anika Arora,21,Female,ST,Uttarakhand,Udham Singh Nagar,True,False,BSc,"leadership,java,content-writing",IT,Kochi,7.7,False
C3357,Varun Chopra,23,Male,SC,Bihar,Jamui,False,False,B.Tech,"marketing,electrical",Education,Any,6.3,False
C3358,Pari Chatterjee,20,Female,General,Madhya Pradesh,Indore,False,True,B.Com,"healthcare,python,digital-marketing,leadership,data-analysis",Healthcare,Kolkata,8.5,False
C3359,Ishaan Desai,22,Male,General,Rajasthan,Jaisalmer,True,False,MBA,"c++,critical-thinking,accounting,python",Agriculture,Bangalore,6.0,False
C3360,Yash Jain,25,Male,General,Tripura,West Tripura,False,True,BSc,"hr-management,project-management",Healthcare,Jaipur,7.0,False
C3361,Sai Kulkarni,24,Male,OBC,Telangana,Rangareddy,False,False,B.Com,"leadership,civil,agriculture",Manufacturing,Noida,6.9,False
C3362,Ankit Gaikwad,25,Male,General,Puducherry,Puducherry,False,False,BSc,"accounting,javascript,finance,excel,java",Energy,Any,9.0,False
C3363,Kavita Shah,23,Female,General,Tamil Nadu,Coimbatore,False,True,B.Tech,"machine-learning,java,mechanical",IT,Vadodara,8.7,False
C3364,Kavita Kumar,22,Female,General,Meghalaya,Jaintia Hills,False,False,MCA,"python,research",Healthcare,Mumbai,7.3,True
C3365,Aarohi Iyer,24,Female,OBC,Ladakh,Kargil,False,False,B.Tech,"teaching,teamwork",IT,Any,6.9,False
C3366,Sonal Ansari,22,Female,OBC,Uttarakhand,Pauri Garhwal,False,True,MCA,"javascript,critical-thinking,problem-solving",Healthcare,Gurgaon,6.7,False
C3367,Shreya Mirza,23,Female,OBC,West Bengal,Dakshin Dinajpur,True,True,B.Tech,"teamwork,hr-management,civil,project-management,accounting",Finance,Ahmedabad,8.4,False
C3368,Neha Khan,25,Female,EWS,Gujarat,Bhavnagar,False,False,BSc,"cad,data-analysis",IT,Coimbatore,8.1,False
C3369,Isha Ali,24,Female,General,Lakshadweep,Minicoy,False,True,B.Tech,"project-management,hr-management",IT,Hyderabad,8.1,False
C3370,Nisha Das,23,Female,SC,Madhya Pradesh,Sagar,False,False,BSc,"java,project-management,supply-chain",Agriculture,Any,6.9,False
C3371,Reyansh Desai,23,Male,ST,Kerala,Kottayam,False,False,BSc,"c++,finance,javascript,content-writing,teamwork",IT,Any,7.4,False
C3372,Yash Singh,21,Male,General,Uttar Pradesh,Varanasi,False,False,B.Tech,"hr-management,marketing,machine-learning,python",Finance,Any,8.3,False
C3373,Rudra Ali,22,Male,General,West Bengal,Paschim Bardhaman,False,True,B.Com,"accounting,hr-management",IT,Any,6.2,True
C3374,Harsh Chatterjee,22,Male,General,Rajasthan,Bikaner,False,True,B.Com,"hr-management,electrical,python,c++,excel",IT,Any,8.9,False
C3375,Aadi Chopra,25,Male,General,Tamil Nadu,Tirunelveli,False,False,MBA,"civil,research,problem-solving,critical-thinking",Finance,Delhi,5.9,False
C3376,Kavita Tiwari,24,Female,General,Ladakh,Kargil,False,True,BA,"supply-chain,agriculture,communication,javascript",IT,Kolkata,7.2,False
C3377,Morgan Ali,25,Other,ST,Arunachal Pradesh,Lower Subansiri,False,False,B.Tech,"critical-thinking,excel,cad",Healthcare,Any,7.8,False
C3378,Abhishek Singh,23,Male,General,Rajasthan,Bikaner,False,False,BA,"project-management,critical-thinking,civil,excel",IT,Any,6.3,False
C3379,Pankaj Patil,24,Male,OBC,Jharkhand,Gumla,False,True,B.Tech,"civil,hr-management,graphic-design",IT,Any,6.4,False
C3380,Aadi Singh,22,Male,General,Jharkhand,Latehar,True,True,BSc,"python,content-writing,machine-learning,javascript,teamwork",Manufacturing,Bangalore,8.6,False
C3381,Suman Gaikwad,20,Female,EWS,Delhi,North Delhi,False,False,B.Tech,"supply-chain,healthcare",Agriculture,Indore,7.2,False
C3382,Pallavi Dubey,21,Female,SC,Bihar,Aurangabad,False,False,BBA,"digital-marketing,accounting,research",Energy,Any,8.2,True
C3383,Sneha Ali,22,Female,SC,Manipur,Churachandpur,False,True,MBA,"marketing,javascript,data-analysis,leadership,critical-thinking",IT,Vadodara,7.4,False
C3384,Laxmi Shaikh,21,Female,General,Jharkhand,Purbi Singhbhum,False,False,BSc,"research,c++,sql,project-management",Education,Any,6.1,False
C3385,Aarohi Khanna,22,Female,OBC,Assam,Udalguri,True,True,B.Tech,"critical-thinking,healthcare,graphic-design",IT,Bhubaneswar,7.0,False
C3386,Laxmi Verma,25,Female,SC,Gujarat,Gandhinagar,False,False,B.Tech,"critical-thinking,communication",Finance,Hyderabad,5.3,False
C3387,Kiara Dubey,23,Female,OBC,Assam,Hailakandi,False,False,B.Tech,"sql,excel,communication,teaching",Finance,Vadodara,6.7,False
C3388,Ishaan Rajan,25,Male,EWS,Jharkhand,Khunti,False,False,BA,"healthcare,agriculture,teamwork,teaching,civil",Energy,Any,7.4,False
C3389,Amit Kumar,22,Male,General,Sikkim,North District,False,True,B.Tech,"electrical,digital-marketing,hr-management",Finance,Any,7.1,False
C3390,Nikhil Gaikwad,20,Male,OBC,Uttarakhand,Udham Singh Nagar,True,True,BBA,"research,java,finance,problem-solving,critical-thinking",Manufacturing,Any,7.2,False
C3391,Taylor Kulkarni,20,Other,General,Lakshadweep,Kavaratti,True,True,B.Tech,"research,agriculture",Finance,Indore,6.3,False
C3392,Bhavna Khanna,24,Female,OBC,Tamil Nadu,Salem,False,False,B.Tech,"project-management,java,finance,machine-learning,electrical",Manufacturing,Chandigarh,5.1,False
C3393,Kabir Dubey,23,Male,General,Jharkhand,Pashchimi Singhbhum,True,True,B.Com,"healthcare,javascript,critical-thinking",IT,Ahmedabad,7.5,False
C3394,Krishna Naidu,20,Male,OBC,Sikkim,Gangtok,False,False,B.Tech,"agriculture,javascript,finance,teamwork,java",IT,Vadodara,6.4,False
C3395,Diya Bose,24,Female,OBC,Rajasthan,Alwar,False,True,MBA,"problem-solving,leadership,finance",IT,Mumbai,8.0,False
C3396,Manisha Malhotra,21,Female,OBC,Manipur,Imphal West,False,False,B.Com,"sql,agriculture,hr-management,python,problem-solving",Healthcare,Any,6.6,False
C3397,Pari Chopra,24,Female,OBC,Ladakh,Leh,False,False,MBA,"communication,digital-marketing",IT,Gurgaon,8.1,False
C3398,Preeti Choudhary,21,Female,SC,Mizoram,Kolasib,False,False,B.Tech,"finance,content-writing,project-management,python,machine-learning",Education,Any,6.6,False
C3399,Pankaj Joshi,21,Male,General,Ladakh,Leh,True,False,B.Com,"hr-management,healthcare,accounting,finance",Agriculture,Chennai,7.5,False
C3400,Aadhya Singh,22,Female,OBC,Gujarat,Ahmedabad,False,True,BA,"marketing,python,data-analysis",Education,Vadodara,5.0,False
C3401,Pranav Rao,22,Male,General,West Bengal,Murshidabad,True,True,MBA,"javascript,problem-solving,hr-management,leadership,data-analysis",Finance,Ahmedabad,7.0,False
C3402,Pooja Pandey,20,Female,SC,Tripura,Gomati,False,False,BSc,"leadership,cad",Healthcare,Kolkata,8.7,False
C3403,Pooja Kulkarni,24,Female,General,Arunachal Pradesh,Namsai,True,True,BBA,"accounting,hr-management,critical-thinking,content-writing",Finance,Delhi,7.6,False
C3404,Laxmi Tiwari,25,Female,General,Odisha,Rayagada,False,True,MCA,"agriculture,marketing,finance,supply-chain",IT,Any,7.0,False
C3405,Anika Menon,20,Female,General,Kerala,Kozhikode,False,False,BA,"excel,hr-management,supply-chain,content-writing",Manufacturing,Delhi,7.9,False
C3406,Sai Chatterjee,21,Male,OBC,Dadra and Nagar Haveli and Daman and Diu,Daman,False,False,BSc,"leadership,c++,healthcare,python",IT,Indore,7.2,False
C3407,Pallavi Khan,23,Female,General,Madhya Pradesh,Singrauli,False,False,B.Com,"data-analysis,problem-solving,critical-thinking",Finance,Bhubaneswar,6.4,False
C3408,Deepak Ansari,20,Male,OBC,Kerala,Ernakulam,False,True,B.Tech,"research,teaching,agriculture,cad,supply-chain",Energy,Delhi,7.7,False
C3409,Pallavi Gaikwad,20,Female,SC,Maharashtra,Nandurbar,False,False,BSc,"civil,mechanical,cad,teamwork",Finance,Coimbatore,7.9,False
C3410,Pranav Menon,21,Male,General,Chhattisgarh,Mahasamund,False,False,BA,"python,civil,javascript,data-analysis,marketing",IT,Any,6.6,False
C3411,Priya Kapoor,24,Female,General,Kerala,Ernakulam,False,True,B.Tech,"civil,graphic-design,accounting",IT,Bangalore,5.5,True
C3412,Suman Nair,20,Female,OBC,Maharashtra,Thane,False,True,BSc,"project-management,data-analysis",Energy,Any,7.1,True
C3413,Kabir Chopra,20,Male,General,Mizoram,Lunglei,False,False,B.Com,"marketing,electrical,sql",IT,Any,5.9,False
C3414,Swati Hussain,23,Female,General,Andaman and Nicobar Islands,South Andaman,False,True,BBA,"teamwork,agriculture,finance",Education,Ahmedabad,6.4,False
C3415,Sara Subramanian,21,Female,SC,Goa,North Goa,False,True,BSc,"content-writing,communication,mechanical,finance",IT,Any,9.2,False
C3416,Varun Thakur,20,Male,General,Dadra and Nagar Haveli and Daman and Diu,Dadra and Nagar Haveli,True,True,BSc,"cad,java,critical-thinking,c++",Manufacturing,Delhi,7.8,True
C3417,Naveen Hussain,23,Male,ST,West Bengal,Dakshin Dinajpur,False,True,B.Tech,"supply-chain,sql,critical-thinking,communication,java",Finance,Coimbatore,7.3,False
C3418,Neha Mukherjee,21,Female,OBC,Arunachal Pradesh,Namsai,True,False,BBA,"project-management,data-analysis,problem-solving,research,marketing",Energy,Any,8.1,False
C3419,Preeti Jain,23,Female,OBC,Dadra and Nagar Haveli and Daman and Diu,Daman,False,True,B.Tech,"hr-management,communication,teaching,cad",Manufacturing,Any,5.5,False
C3420,Manisha More,24,Female,General,Andhra Pradesh,Anantapur,False,False,B.Tech,"data-analysis,marketing,project-management,healthcare,communication",Healthcare,Any,5.0,True
C3421,Krishna Chatterjee,24,Male,General,Maharashtra,Nandurbar,True,True,B.Com,"cad,hr-management,finance,python,agriculture",Manufacturing,Any,6.6,False
C3422,Sneha Bose,23,Female,OBC,Chhattisgarh,Raipur,False,False,B.Com,"c++,graphic-design",Finance,Coimbatore,7.7,False
C3423,Manish Kulkarni,25,Male,SC,Dadra and Nagar Haveli and Daman and Diu,Dadra and Nagar Haveli,False,False,B.Com,"critical-thinking,cad,c++,teaching,supply-chain",Manufacturing,Any,7.6,False
C3424,Dhruv Rajan,23,Male,OBC,Tamil Nadu,Kanchipuram,False,False,B.Com,"graphic-design,civil,teaching,javascript",Manufacturing,Hyderabad,5.6,False
C3425,Advik Chopra,24,Male,OBC,Tamil Nadu,Tirunelveli,False,False,BA,"electrical,project-management,agriculture,teaching,teamwork",Healthcare,Noida,5.4,False
C3426,Shreya Rao,24,Female,OBC,Telangana,Karimnagar,False,True,MBA,"finance,supply-chain,accounting,civil",Manufacturing,Jaipur,6.2,False
C3427,Aanya Das,21,Female,EWS,Punjab,Amritsar,False,False,B.Tech,"hr-management,research,critical-thinking",Finance,Any,8.3,True
C3428,Aryan Roy,21,Male,General,Tamil Nadu,Virudhunagar,False,False,B.Tech,"data-analysis,digital-marketing",Finance,Any,7.6,False
C3429,Alex Nair,24,Other,General,Madhya Pradesh,Khandwa,False,True,B.Tech,"javascript,hr-management,teaching,problem-solving,machine-learning",Finance,Any,7.0,False
C3430,Kiara Pandey,25,Female,OBC,Chandigarh,Chandigarh,False,False,BSc,"mechanical,data-analysis,agriculture,teaching,healthcare",Energy,Mumbai,7.0,False
C3431,Ishaan Naidu,23,Male,SC,West Bengal,Kolkata,False,False,BSc,"machine-learning,electrical,accounting,agriculture,content-writing",Agriculture,Lucknow,7.5,False
C3432,Vihaan Chopra,20,Male,OBC,Dadra and Nagar Haveli and Daman and Diu,Dadra and Nagar Haveli,False,False,BSc,"javascript,project-management,civil",Manufacturing,Bhubaneswar,6.7,False
C3433,Manisha Kumar,23,Female,OBC,Lakshadweep,Minicoy,False,True,BBA,"machine-learning,supply-chain,accounting,project-management,data-analysis",Healthcare,Gurgaon,7.5,False
C3434,Anjali Farooqui,21,Female,EWS,Dadra and Nagar Haveli and Daman and Diu,Diu,True,False,B.Tech,"marketing,electrical,leadership,problem-solving",Finance,Any,6.5,False
C3435,Ajay Khanna,21,Male,OBC,Tripura,North Tripura,False,False,B.Tech,"teaching,hr-management",Healthcare,Any,5.7,True
C3436,Suman Joshi,22,Female,ST,Puducherry,Karaikal,False,True,B.Tech,"problem-solving,machine-learning,agriculture",Energy,Chennai,6.5,False
C3437,Avni Sen,25,Female,OBC,Karnataka,Belagavi,False,True,BBA,"marketing,python",Education,Ahmedabad,5.2,True
C3438,Shalini Kapoor,25,Female,SC,Puducherry,Yanam,False,True,BA,"digital-marketing,content-writing,agriculture,project-management,civil",IT,Any,6.4,False
C3439,Ishaan Kumar,23,Male,ST,Mizoram,Lunglei,False,True,BA,"agriculture,problem-solving,communication",IT,Any,7.4,False
C3440,Ayaan Ahmed,22,Male,EWS,Karnataka,Tumakuru,False,False,BBA,"digital-marketing,communication,teamwork,healthcare,research",IT,Hyderabad,9.3,False
C3441,Taylor Singh,24,Other,General,Jharkhand,Lohardaga,True,True,B.Tech,"hr-management,project-management",Energy,Any,7.6,False
C3442,Rekha Dubey,24,Female,OBC,Uttar Pradesh,Bahraich,True,False,B.Tech,"problem-solving,hr-management,critical-thinking,agriculture,electrical",IT,Chennai,6.5,False
C3443,Saanvi Subramanian,20,Female,OBC,Bihar,Bhagalpur,False,False,BBA,"civil,python",Education,Any,5.4,False
C3444,Pranav Banerjee,24,Male,OBC,Sikkim,East District,False,False,B.Tech,"mechanical,graphic-design,cad,communication,digital-marketing",Manufacturing,Chennai,7.2,True
C3445,Komal Reddy,24,Female,OBC,Maharashtra,Aurangabad,False,True,BA,"project-management,c++,content-writing,hr-management",Healthcare,Kolkata,6.3,False
C3446,Karan Chopra,21,Male,ST,Chandigarh,Chandigarh,False,False,B.Tech,"teaching,marketing,sql,civil",Manufacturing,Jaipur,8.4,False
C3447,Kiara Mishra,22,Female,OBC,Haryana,Faridabad,False,False,BSc,"digital-marketing,supply-chain,finance",Healthcare,Any,6.4,False
C3448,Ishaan Agarwal,22,Male,General,Dadra and Nagar Haveli and Daman and Diu,Diu,False,False,B.Tech,"electrical,supply-chain,civil,graphic-design,hr-management",Finance,Chennai,8.8,True
C3449,Sunita More,20,Female,ST,Meghalaya,Jaintia Hills,False,True,B.Tech,"agriculture,research,javascript",Finance,Pune,6.4,True
C3450,Navya Das,21,Female,ST,Maharashtra,Ahmednagar,False,False,B.Com,"java,teaching,c++,marketing",IT,Noida,7.0,False
C3451,Arjun Yadav,20,Male,EWS,Assam,Cachar,True,False,B.Tech,"civil,mechanical,excel,critical-thinking",Finance,Indore,7.1,True
C3452,Kabir Das,21,Male,OBC,Tripura,Unakoti,False,True,BBA,"research,accounting,javascript",Education,Noida,7.8,False
C3453,Shalini Choudhary,24,Female,General,Gujarat,Surat,False,False,MCA,"civil,teamwork,content-writing,excel,marketing",IT,Bangalore,5.6,False
C3454,Aanya Pandey,25,Female,ST,Nagaland,Kohima,False,False,B.Com,"project-management,javascript,leadership,supply-chain",IT,Any,7.3,False
C3455,Vihaan Verma,23,Male,General,Tamil Nadu,Virudhunagar,False,False,BBA,"project-management,python,critical-thinking,supply-chain,sql",IT,Chennai,7.3,False
C3456,Kiara Choudhary,25,Female,General,Himachal Pradesh,Chamba,True,True,B.Tech,"digital-marketing,cad,leadership",IT,Nagpur,7.5,False
C3457,Pari Ali,21,Female,General,Tripura,North Tripura,False,True,B.Tech,"healthcare,communication,teamwork",Finance,Mumbai,7.1,False
C3458,Aryan Khan,22,Male,General,Madhya Pradesh,Sagar,True,False,BBA,"critical-thinking,hr-management,data-analysis,cad",Education,Lucknow,6.3,False
C3459,Manish Ghosh,25,Male,EWS,Ladakh,Leh,False,False,BSc,"cad,c++,civil,graphic-design,supply-chain",Manufacturing,Kochi,6.6,False
C3460,Swati Pandey,23,Female,General,Arunachal Pradesh,Tawang,False,True,B.Com,"teamwork,project-management,civil,mechanical",Finance,Any,8.6,False
C3461,Aditi Desai,23,Female,General,Bihar,Nawada,True,False,BSc,"critical-thinking,electrical,communication",Manufacturing,Any,7.1,False
C3462,Anika Siddiqui,21,Female,EWS,Uttarakhand,Nainital,False,True,BBA,"civil,accounting,python,teaching,data-analysis",IT,Any,6.1,False
C3463,Pari Mukherjee,22,Female,OBC,Karnataka,Hubballi-Dharwad,False,False,B.Com,"teaching,excel,cad",IT,Any,6.6,False
C3464,Preeti Subramanian,25,Female,ST,West Bengal,Paschim Bardhaman,False,False,BA,"sql,problem-solving",Agriculture,Noida,6.2,False
C3465,Vivaan Agarwal,22,Male,ST,Uttarakhand,Champawat,False,False,MBA,"teaching,hr-management,communication",Manufacturing,Indore,7.2,False
C3466,Veer More,20,Male,General,Lakshadweep,Agatti,False,True,B.Com,"mechanical,python,problem-solving",Manufacturing,Pune,8.5,False
C3467,Aadi Rao,23,Male,General,Meghalaya,Jaintia Hills,False,False,MCA,"project-management,teaching,data-analysis,hr-management",Healthcare,Pune,7.5,False
C3468,Vivek Singh,24,Male,General,Gujarat,Jamnagar,False,True,B.Com,"python,excel",Healthcare,Bangalore,9.5,False
C3469,Sunil Dubey,25,Male,General,Tamil Nadu,Erode,False,False,BA,"agriculture,python",IT,Any,7.3,False
C3470,Rekha Tiwari,22,Female,General,West Bengal,Kolkata,False,False,B.Tech,"finance,sql,project-management",Education,Any,6.3,False
C3471,Isha Yadav,25,Female,EWS,Jharkhand,Dumka,True,False,B.Com,"digital-marketing,graphic-design,problem-solving",IT,Any,7.2,False
C3472,Suresh Mirza,21,Male,General,Meghalaya,Jaintia Hills,False,False,MCA,"graphic-design,mechanical,accounting,javascript",Education,Noida,5.0,True
C3473,Tanvi Malhotra,24,Female,ST,Nagaland,Tuensang,False,True,B.Tech,"supply-chain,healthcare,teaching",Agriculture,Lucknow,7.1,False
C3474,Pooja Jain,21,Female,General,Tripura,North Tripura,False,False,B.Tech,"excel,electrical,marketing,project-management",Finance,Nagpur,6.6,True
C3475,Preeti Bhatia,21,Female,OBC,Haryana,Ambala,False,False,MCA,"excel,agriculture,critical-thinking,problem-solving",Energy,Any,8.2,False
C3476,Morgan Agarwal,20,Other,ST,Sikkim,Gangtok,False,True,BA,"project-management,python",Finance,Indore,6.7,False
C3477,Vihaan Rao,21,Male,SC,Chandigarh,Chandigarh,False,False,B.Tech,"finance,java,critical-thinking,research",Healthcare,Vadodara,5.6,False
C3478,Anita Nair,22,Female,OBC,Kerala,Wayanad,True,False,BBA,"java,civil",Education,Mumbai,6.8,False
C3479,Myra Mirza,25,Female,OBC,Uttarakhand,Nainital,False,False,BA,"python,agriculture,javascript,data-analysis,digital-marketing",Healthcare,Ahmedabad,5.8,True
C3480,Aryan Ghosh,21,Male,OBC,Chandigarh,Chandigarh,False,False,MBA,"machine-learning,data-analysis,accounting,healthcare",Finance,Vadodara,5.9,False
C3481,Sonal Hussain,25,Female,OBC,Sikkim,Gangtok,True,True,B.Tech,"content-writing,data-analysis",IT,Delhi,7.7,False
C3482,Taylor Singh,20,Other,General,Chandigarh,Chandigarh,True,True,B.Com,"teamwork,digital-marketing,excel,finance",IT,Bangalore,6.7,False
C3483,Manisha Ali,21,Female,General,Sikkim,East District,False,False,MBA,"problem-solving,critical-thinking,research,excel,project-management",Finance,Any,5.4,False
C3484,Sneha Jadhav,25,Female,OBC,Goa,South Goa,True,False,B.Tech,"project-management,problem-solving,agriculture,communication",IT,Any,9.1,False
C3485,Veer Chopra,20,Male,General,Arunachal Pradesh,Changlang,False,False,MBA,"content-writing,digital-marketing",Agriculture,Mumbai,6.9,False
C3486,Kabir Ahmed,23,Other,OBC,Odisha,Kandhamal,False,True,B.Tech,"communication,accounting,hr-management,research",Agriculture,Chandigarh,6.7,False
C3487,Naveen Mirza,21,Male,OBC,Maharashtra,Washim,False,False,BA,"graphic-design,excel,problem-solving,data-analysis",IT,Indore,7.9,False
C3488,Jyoti Menon,21,Female,EWS,Tamil Nadu,Coimbatore,False,False,B.Tech,"c++,teaching,problem-solving,communication,graphic-design",Agriculture,Nagpur,8.7,False
C3489,Riya Hussain,25,Female,SC,Telangana,Hyderabad,False,False,MBA,"c++,project-management,accounting",IT,Mumbai,6.6,False
C3490,Rakesh Dubey,20,Male,EWS,Himachal Pradesh,Hamirpur,False,True,MBA,"data-analysis,supply-chain,mechanical,marketing,content-writing",Finance,Chandigarh,8.9,True
C3491,Aarav Nair,23,Other,General,Assam,Hailakandi,False,True,BA,"c++,data-analysis,electrical,teaching,teamwork",IT,Bangalore,8.4,False
C3492,Geeta Bose,21,Female,General,Sikkim,East District,False,False,MBA,"c++,project-management",Healthcare,Gurgaon,7.8,False
C3493,Isha Arora,23,Female,General,Andaman and Nicobar Islands,South Andaman,False,False,B.Tech,"sql,javascript,communication",Education,Kolkata,5.1,False
C3494,Saanvi Shaikh,22,Female,General,Chhattisgarh,Kondagaon,False,False,B.Com,"agriculture,hr-management,teaching",Healthcare,Mumbai,6.9,False
C3495,Aarav Sharma,24,Male,General,Haryana,Ambala,False,True,B.Tech,"marketing,c++",Finance,Delhi,6.3,False
C3496,Jordan Hegde,23,Other,General,Assam,Baksa,True,False,BA,"c++,agriculture",Finance,Any,6.5,False
C3497,Pallavi Qureshi,22,Female,EWS,Tamil Nadu,Tirunelveli,False,True,B.Tech,"javascript,research",Agriculture,Hyderabad,7.8,False
C3498,Kiara Sen,20,Female,General,West Bengal,Birbhum,True,False,BBA,"hr-management,teaching,digital-marketing,supply-chain",IT,Any,6.4,False
C3499,Komal Jain,22,Female,EWS,Bihar,Sitamarhi,True,True,BBA,"mechanical,javascript,accounting,critical-thinking,agriculture",Education,Any,9.9,False
C3500,Aanya Jain,20,Female,ST,Meghalaya,East Garo Hills,False,False,B.Tech,"healthcare,hr-management,sql,project-management,teamwork",IT,Indore,6.3,True
C3501,Akash Naidu,20,Male,SC,Madhya Pradesh,Indore,False,False,B.Tech,"mechanical,java,problem-solving,research",IT,Gurgaon,6.0,False
C3502,Rani Naidu,21,Female,OBC,Uttar Pradesh,Fatehpur,True,False,B.Com,"teamwork,cad,project-management",Manufacturing,Any,6.1,False
C3503,Pooja Qureshi,22,Female,OBC,Delhi,North Delhi,False,True,BA,"content-writing,healthcare",IT,Any,6.9,False
C3504,Rekha Ali,23,Female,ST,Odisha,Rayagada,False,True,B.Tech,"cad,hr-management",Agriculture,Any,7.9,False
C3505,Taylor Roy,23,Other,SC,Tripura,South Tripura,False,False,BSc,"research,supply-chain,finance",Manufacturing,Hyderabad,6.8,False
C3506,Anjali Das,21,Female,SC,Bihar,Aurangabad,False,False,MBA,"mechanical,marketing",Healthcare,Any,5.4,False
C3507,Vikram Bose,25,Male,General,Maharashtra,Osmanabad,False,False,B.Com,"graphic-design,leadership,critical-thinking,electrical",IT,Coimbatore,7.6,False
C3508,Arjun Krishnan,24,Male,General,Nagaland,Kohima,False,False,BBA,"machine-learning,critical-thinking,java",IT,Pune,5.3,False
C3509,Harsh Pillai,21,Male,SC,Jharkhand,Dumka,True,True,BSc,"java,critical-thinking,hr-management,project-management",Education,Noida,9.2,False
C3510,Reyansh Chopra,24,Male,OBC,Karnataka,Bengaluru Urban,False,True,BSc,"marketing,digital-marketing,project-management",Education,Any,7.2,False
C3511,Diya Dubey,23,Female,SC,Madhya Pradesh,Gwalior,False,True,MBA,"teamwork,accounting,leadership",Finance,Any,8.1,False
C3512,Manish Tiwari,23,Male,General,Haryana,Gurugram,False,False,MCA,"teaching,electrical",Energy,Any,7.6,False
C3513,Manisha Reddy,22,Female,General,Kerala,Kozhikode,False,True,B.Tech,"mechanical,teamwork,communication,supply-chain,excel",Manufacturing,Vadodara,6.1,False
C3514,Asha Shah,22,Female,OBC,Arunachal Pradesh,East Siang,False,False,BA,"excel,data-analysis",Finance,Kolkata,9.9,False
C3515,Gaurav Shetty,24,Male,General,Andhra Pradesh,Visakhapatnam,True,False,B.Com,"research,excel,java,finance",Agriculture,Any,6.1,False
C3516,Aanya Kulkarni,25,Female,General,Arunachal Pradesh,East Siang,False,True,BBA,"hr-management,teamwork,project-management,supply-chain,content-writing",Energy,Any,6.8,False
C3517,Ajay Pillai,20,Male,General,Maharashtra,Osmanabad,True,True,BA,"machine-learning,excel,teaching,c++",IT,Any,7.2,False
C3518,Pankaj Pillai,21,Male,SC,Jharkhand,Khunti,True,False,BSc,"civil,marketing,research,java,sql",Healthcare,Chennai,9.1,False
C3519,Rohan Gaikwad,21,Male,EWS,Mizoram,Champhai,False,False,MCA,"research,c++,sql",Finance,Chandigarh,8.9,False
C3520,Manoj Ansari,25,Male,General,Chandigarh,Chandigarh,False,True,BSc,"machine-learning,teamwork,excel",Agriculture,Lucknow,5.0,False
C3521,Usha Arora,20,Female,OBC,Arunachal Pradesh,East Siang,False,False,B.Tech,"mechanical,finance",IT,Any,7.7,False
C3522,Ayaan Iyer,25,Male,SC,West Bengal,Maldah,True,False,MCA,"graphic-design,healthcare,javascript",Healthcare,Kochi,7.3,False
C3523,Aadi Chatterjee,24,Male,General,Mizoram,Mamit,False,False,BSc,"digital-marketing,python,agriculture",Healthcare,Mumbai,6.4,False
C3524,Shreya Malhotra,24,Female,OBC,Uttarakhand,Udham Singh Nagar,True,True,BA,"javascript,digital-marketing",Healthcare,Any,7.5,False
C3525,Pari Bhatia,21,Female,EWS,Ladakh,Leh,False,True,MCA,"hr-management,critical-thinking,python,mechanical,supply-chain",Manufacturing,Hyderabad,8.7,False
C3526,Aditya Rao,21,Male,General,Haryana,Faridabad,False,False,B.Tech,"communication,research",Finance,Kolkata,5.8,False
C3527,Aditi Jain,22,Female,General,Bihar,Banka,True,True,BSc,"digital-marketing,data-analysis",IT,Nagpur,7.4,False
C3528,Ishaan Mukherjee,24,Male,OBC,Rajasthan,Dholpur,False,False,B.Tech,"sql,mechanical",Healthcare,Any,7.6,False
C3529,Gaurav Chopra,22,Male,OBC,Haryana,Nuh,False,True,MBA,"marketing,supply-chain,teaching,research",Healthcare,Noida,8.9,False
C3530,Isha Siddiqui,20,Female,General,Jharkhand,Latehar,True,False,BSc,"communication,python,marketing",Energy,Noida,8.6,True
C3531,Ira Ghosh,25,Female,OBC,Delhi,South Delhi,False,False,B.Com,"content-writing,mechanical",Agriculture,Any,6.9,False
C3532,Pari Shaikh,21,Female,OBC,Rajasthan,Kota,False,False,BSc,"teamwork,leadership,machine-learning",Agriculture,Any,8.7,True
C3533,Nisha Das,23,Female,General,Kerala,Kottayam,False,True,BBA,"civil,java,marketing,finance",Agriculture,Vadodara,6.6,True
C3534,Ishaan Mukherjee,21,Male,OBC,Tamil Nadu,Vellore,False,True,BSc,"leadership,graphic-design,python,teaching,project-management",IT,Pune,6.8,False
C3535,Aadhya Krishnan,23,Female,General,Andaman and Nicobar Islands,North and Middle Andaman,False,False,MBA,"digital-marketing,electrical,python,critical-thinking",Agriculture,Noida,6.8,False
C3536,Kiara Shaikh,21,Female,EWS,Ladakh,Leh,False,False,MBA,"problem-solving,hr-management,research,critical-thinking,agriculture",Agriculture,Mumbai,7.4,False
C3537,Myra Bhatia,23,Female,OBC,Puducherry,Yanam,False,False,MCA,"supply-chain,electrical,sql,healthcare",Healthcare,Any,6.6,False
C3538,Veer Roy,21,Male,General,Punjab,Hoshiarpur,False,False,MBA,"project-management,mechanical,communication,teaching",Finance,Delhi,8.2,False
C3539,Nisha Jain,21,Female,OBC,Kerala,Kottayam,False,False,MCA,"javascript,teamwork",IT,Any,5.4,False
C3540,Gaurav Sen,24,Male,General,Punjab,Firozpur,True,True,BA,"digital-marketing,electrical,python,supply-chain",IT,Noida,7.2,False
C3541,Vandana Jadhav,21,Female,OBC,Odisha,Nuapada,False,False,B.Tech,"teamwork,civil,accounting,hr-management,excel",IT,Any,7.6,False
C3542,Ankit Ahmed,23,Male,SC,Arunachal Pradesh,Lower Subansiri,False,False,MBA,"data-analysis,problem-solving,communication,teamwork,hr-management",IT,Indore,7.2,False
C3543,Dhruv Dubey,23,Male,OBC,Nagaland,Mon,False,True,B.Com,"cad,teamwork,accounting,python,graphic-design",Healthcare,Vadodara,5.9,False
C3544,Sunita Chopra,23,Female,General,Bihar,Bhagalpur,False,False,MBA,"data-analysis,problem-solving,finance",Education,Any,8.9,False
C3545,Pankaj Ghosh,20,Male,General,Jammu and Kashmir,Kupwara,False,False,BBA,"java,agriculture,graphic-design",Healthcare,Pune,6.6,False
C3546,Anika Bhatia,24,Female,EWS,Uttarakhand,Udham Singh Nagar,True,True,B.Com,"communication,sql,machine-learning,cad,research",IT,Any,8.1,False
C3547,Ira Nair,23,Female,ST,Lakshadweep,Minicoy,False,True,B.Com,"critical-thinking,communication,finance,teamwork,java",Energy,Gurgaon,6.8,False
C3548,Manish Das,24,Male,SC,Andhra Pradesh,Kurnool,False,True,BBA,"teamwork,leadership,marketing,digital-marketing",Energy,Kochi,7.0,False
C3549,Deepak Shah,24,Male,OBC,Gujarat,Jamnagar,True,False,B.Tech,"critical-thinking,agriculture",Finance,Hyderabad,6.9,False
C3550,Ayaan Agarwal,25,Male,General,Sikkim,West District,True,True,B.Tech,"content-writing,leadership,marketing",Manufacturing,Noida,6.6,False
C3551,Anika Shetty,21,Female,OBC,Sikkim,West District,False,True,BA,"java,accounting,javascript,graphic-design,finance",IT,Any,7.5,False
C3552,Yash Sharma,21,Male,EWS,Tamil Nadu,Vellore,False,False,B.Tech,"critical-thinking,leadership,civil",Education,Bhubaneswar,6.7,False
C3553,Manoj Ahmed,24,Male,EWS,Kerala,Wayanad,True,True,B.Com,"electrical,project-management,python,excel,finance",Agriculture,Pune,6.8,False
C3554,Manoj Bhatia,25,Male,OBC,Maharashtra,Nandurbar,True,False,BBA,"machine-learning,communication,finance,data-analysis,hr-management",Healthcare,Any,5.4,False
C3555,Usha Nair,21,Female,OBC,Andaman and Nicobar Islands,North and Middle Andaman,False,False,B.Com,"graphic-design,teamwork,research,javascript",IT,Bhubaneswar,7.9,False
C3556,Nisha Ahmed,20,Female,General,Rajasthan,Dholpur,False,True,B.Com,"agriculture,machine-learning,healthcare,excel,teamwork",Manufacturing,Any,7.6,False
C3557,Sai Shetty,20,Male,SC,Manipur,Imphal East,False,True,B.Tech,"java,content-writing,supply-chain,machine-learning,digital-marketing",IT,Nagpur,5.8,False
C3558,Sonal Roy,21,Female,EWS,Dadra and Nagar Haveli and Daman and Diu,Diu,False,False,MBA,"problem-solving,marketing,teamwork",Energy,Any,5.8,True
C3559,Aarav Qureshi,25,Male,General,Nagaland,Mokokchung,False,True,BBA,"javascript,java,marketing,teamwork",Agriculture,Lucknow,7.5,True
C3560,Bhavna Dubey,22,Female,OBC,Andhra Pradesh,Visakhapatnam,False,False,B.Tech,"electrical,java",Finance,Any,8.9,False
C3561,Vikram Sharma,24,Male,OBC,West Bengal,Murshidabad,True,False,BBA,"sql,critical-thinking",Finance,Coimbatore,9.1,False
C3562,Rahul Singh,25,Male,OBC,Mizoram,Champhai,False,False,BSc,"research,mechanical,cad",Education,Indore,8.2,True
C3563,Kiara More,20,Female,General,Haryana,Sonipat,False,True,B.Tech,"leadership,agriculture",IT,Any,6.3,False
C3564,Rohan Bhatia,23,Male,SC,Nagaland,Mon,False,False,B.Com,"supply-chain,communication,machine-learning,critical-thinking",Healthcare,Any,6.1,False
C3565,Vivaan Shah,22,Male,General,Tamil Nadu,Madurai,False,True,MCA,"sql,civil",Finance,Delhi,8.3,False
C3566,Tanvi Das,20,Female,EWS,Dadra and Nagar Haveli and Daman and Diu,Dadra and Nagar Haveli,False,True,BA,"problem-solving,agriculture,marketing",IT,Any,7.7,False
C3567,Sai Jadhav,23,Male,EWS,Himachal Pradesh,Kangra,False,False,BSc,"hr-management,teamwork,python",IT,Delhi,6.9,False
C3568,Suman Gupta,24,Female,OBC,West Bengal,South 24 Parganas,False,True,MBA,"project-management,accounting,electrical",Agriculture,Gurgaon,6.5,False
C3569,Aarohi Sen,25,Female,OBC,Karnataka,Hubballi-Dharwad,False,False,BSc,"agriculture,civil,teamwork",Finance,Chandigarh,7.5,True
C3570,Ananya Ali,22,Female,General,Andaman and Nicobar Islands,North and Middle Andaman,False,True,MCA,"cad,mechanical,graphic-design,communication,machine-learning",IT,Coimbatore,7.8,True
C3571,Meera Kapoor,25,Female,General,Dadra and Nagar Haveli and Daman and Diu,Diu,False,True,B.Tech,"content-writing,teamwork,communication,problem-solving",Finance,Delhi,7.2,True
C3572,Ira Gupta,23,Female,OBC,Goa,North Goa,False,False,BBA,"machine-learning,data-analysis,problem-solving,supply-chain",Education,Any,5.1,False
C3573,Ira More,23,Female,EWS,Dadra and Nagar Haveli and Daman and Diu,Diu,False,False,MBA,"data-analysis,java,healthcare",Manufacturing,Bhubaneswar,9.4,False
C3574,Ayaan Pandey,21,Male,SC,Manipur,Imphal East,False,False,B.Tech,"hr-management,accounting,project-management,electrical,cad",Education,Indore,9.0,False
C3575,Gaurav Hussain,25,Male,General,Kerala,Kozhikode,False,False,MBA,"marketing,finance,javascript",Education,Any,7.8,False
C3576,Aadhya Banerjee,24,Female,OBC,Kerala,Kollam,False,True,B.Com,"critical-thinking,teamwork",Agriculture,Any,8.4,False
C3577,Veer Naidu,23,Male,OBC,Himachal Pradesh,Mandi,False,False,BSc,"accounting,data-analysis,communication,electrical,python",Agriculture,Any,9.4,False
C3578,Riya Hussain,25,Female,SC,Arunachal Pradesh,East Siang,False,True,MCA,"leadership,teamwork",Healthcare,Hyderabad,6.5,False
C3579,Pankaj Kulkarni,20,Male,ST,West Bengal,Dakshin Dinajpur,False,False,B.Tech,"healthcare,supply-chain,agriculture,electrical",Finance,Noida,5.5,False
C3580,Nisha Shaikh,25,Female,General,Maharashtra,Nagpur,True,True,BSc,"marketing,accounting,hr-management",Education,Any,6.8,False
C3581,Vikram Bose,25,Male,General,Delhi,Shahdara,False,True,BA,"content-writing,graphic-design,excel,accounting,critical-thinking",Energy,Any,5.8,True
C3582,Manoj Yadav,21,Male,OBC,Kerala,Kollam,False,False,BA,"leadership,problem-solving,content-writing",Energy,Bhubaneswar,9.7,False
C3583,Rudra More,24,Male,EWS,Lakshadweep,Minicoy,False,False,MCA,"communication,machine-learning,python",Energy,Any,6.4,True
C3584,Atharv Bose,20,Male,OBC,Manipur,Bishnupur,False,True,B.Com,"graphic-design,critical-thinking,c++,digital-marketing,civil",IT,Kolkata,5.0,False
C3585,Saanvi Dubey,24,Female,OBC,Jammu and Kashmir,Pulwama,False,False,BSc,"graphic-design,communication,cad",Education,Mumbai,5.3,False
C3586,Diya Choudhary,22,Female,EWS,Assam,Dhubri,True,True,BSc,"research,mechanical,communication,content-writing",Education,Pune,7.0,False
C3587,Sunita Krishnan,22,Female,ST,Telangana,Warangal,False,False,B.Com,"sql,civil,accounting",IT,Any,7.5,False
C3588,Rekha Yadav,20,Female,EWS,Goa,South Goa,False,False,BBA,"cad,mechanical,electrical",Education,Nagpur,6.9,False
C3589,Aditi Bhatia,25,Female,OBC,Jharkhand,Palamu,False,False,BSc,"agriculture,research,teaching",IT,Any,7.8,False
C3590,Arjun Kulkarni,20,Male,EWS,Goa,North Goa,False,False,BSc,"problem-solving,communication,marketing,javascript",Energy,Lucknow,7.6,False
C3591,Usha Ghosh,20,Female,General,Kerala,Kottayam,False,False,B.Com,"supply-chain,electrical,teamwork,project-management",IT,Any,5.3,False
C3592,Naveen Nair,25,Male,OBC,Arunachal Pradesh,Lower Subansiri,False,True,BA,"digital-marketing,machine-learning,teaching",Education,Bangalore,9.2,False
C3593,Jyoti Chatterjee,22,Female,SC,Puducherry,Yanam,False,False,BSc,"leadership,hr-management,research,content-writing",Healthcare,Kochi,8.6,False
C3594,Yash Ahmed,24,Male,General,Chandigarh,Chandigarh,False,False,B.Com,"digital-marketing,excel,civil,cad",Finance,Jaipur,6.6,False
C3595,Rajesh Yadav,21,Male,SC,Chandigarh,Chandigarh,True,False,MCA,"sql,finance,teaching,excel,hr-management",Healthcare,Chennai,8.0,False
C3596,Deepak Subramanian,22,Male,SC,Nagaland,Mon,False,True,BSc,"content-writing,research",IT,Ahmedabad,6.6,False
C3597,Myra Mishra,24,Female,OBC,Himachal Pradesh,Una,False,True,BA,"agriculture,c++",Education,Any,7.5,False
C3598,Dhruv Joshi,23,Male,General,West Bengal,Maldah,False,True,BSc,"c++,cad,accounting",IT,Kochi,7.8,False
C3599,Amit Gupta,20,Male,SC,Jammu and Kashmir,Baramulla,True,False,B.Com,"excel,java,python,hr-management,supply-chain",IT,Bhubaneswar,7.2,False
C3600,Manisha Yadav,23,Female,ST,Punjab,Amritsar,False,True,B.Tech,"hr-management,sql,data-analysis,python",IT,Noida,8.9,False
C3601,Riya Jain,23,Other,ST,Puducherry,Yanam,False,True,BA,"mechanical,electrical,hr-management,excel",Education,Pune,7.7,False
C3602,Priya Farooqui,22,Female,General,Uttarakhand,Dehradun,True,False,MCA,"accounting,teamwork",Finance,Pune,7.0,True
C3603,Reyansh Gupta,21,Male,SC,Andhra Pradesh,Visakhapatnam,True,False,MBA,"graphic-design,python",Healthcare,Any,6.3,False
C3604,Manish Hussain,22,Male,OBC,Andhra Pradesh,West Godavari,False,False,BSc,"teaching,data-analysis,javascript,cad",Agriculture,Bangalore,6.6,False
C3605,Reyansh Subramanian,21,Male,OBC,Himachal Pradesh,Kullu,False,True,MCA,"graphic-design,hr-management,javascript",IT,Bangalore,8.0,False
C3606,Aditya Chopra,22,Male,General,Sikkim,South District,False,False,BSc,"sql,excel,agriculture,machine-learning,communication",Manufacturing,Any,7.8,False
C3607,Anil Patil,25,Male,General,Odisha,Rayagada,False,False,B.Tech,"javascript,python",Manufacturing,Coimbatore,6.8,False
C3608,Bhavna Mirza,25,Female,OBC,Punjab,Patiala,False,False,BBA,"mechanical,critical-thinking,marketing,python",IT,Vadodara,8.1,False
C3609,Aanya Verma,22,Female,General,Goa,North Goa,False,False,B.Com,"hr-management,electrical,mechanical,civil,teaching",Healthcare,Kochi,6.9,False
C3610,Anil Das,23,Male,General,Haryana,Ambala,False,True,B.Tech,"digital-marketing,leadership",IT,Gurgaon,7.4,False
C3611,Ankit Ali,24,Male,General,Tamil Nadu,Coimbatore,False,False,BA,"civil,leadership,excel,agriculture,hr-management",Energy,Delhi,5.8,False
C3612,Kavya Bhatia,21,Female,EWS,Goa,North Goa,False,True,BSc,"electrical,healthcare",Agriculture,Vadodara,7.0,False
C3613,Yash Banerjee,23,Male,OBC,Rajasthan,Bharatpur,False,False,BA,"finance,healthcare",Manufacturing,Any,7.6,False
C3614,Karan Qureshi,25,Male,EWS,Andhra Pradesh,Vizianagaram,True,True,BBA,"java,communication,marketing,machine-learning,javascript",Agriculture,Coimbatore,8.1,False
C3615,Ayaan Farooqui,21,Male,OBC,Bihar,Bhagalpur,False,False,BA,"data-analysis,civil,excel,java",Energy,Coimbatore,6.0,False
C3616,Sonal Singh,25,Female,SC,Chandigarh,Chandigarh,False,True,B.Com,"mechanical,digital-marketing,teaching,cad",Manufacturing,Any,9.1,False
C3617,Rajesh Gaikwad,22,Male,General,Dadra and Nagar Haveli and Daman and Diu,Dadra and Nagar Haveli,False,False,B.Com,"hr-management,machine-learning",Manufacturing,Any,6.4,False
C3618,Atharv Verma,21,Male,SC,Meghalaya,East Garo Hills,False,True,B.Tech,"java,communication,machine-learning,leadership,electrical",Healthcare,Any,8.6,False
C3619,Isha Thakur,24,Female,OBC,Uttarakhand,Nainital,False,False,B.Com,"excel,java",Energy,Any,8.0,False
C3620,Bhavna Banerjee,21,Female,General,Punjab,Bathinda,False,False,B.Tech,"teamwork,graphic-design",Finance,Any,6.1,False
C3621,Rajesh Arora,24,Male,EWS,Nagaland,Dimapur,False,True,B.Com,"marketing,digital-marketing",Manufacturing,Hyderabad,6.4,False
C3622,Geeta Ansari,20,Female,General,Tamil Nadu,Erode,False,False,BBA,"problem-solving,critical-thinking,teamwork",Manufacturing,Hyderabad,7.0,False
C3623,Shreya Patil,22,Female,OBC,Gujarat,Kutch,False,False,MBA,"python,research",Healthcare,Ahmedabad,7.5,False
C3624,Aadi Reddy,21,Male,SC,Dadra and Nagar Haveli and Daman and Diu,Daman,False,False,BA,"teaching,leadership,communication",Agriculture,Hyderabad,8.4,False
C3625,Sonal Pillai,23,Female,OBC,Tripura,Dhalai,True,False,BBA,"project-management,critical-thinking",Agriculture,Any,8.5,False
C3626,Sunil Das,20,Male,General,Jammu and Kashmir,Kupwara,False,True,B.Tech,"cad,excel,accounting,teamwork,digital-marketing",Healthcare,Any,6.7,True
C3627,Veer Joshi,24,Male,OBC,Chandigarh,Chandigarh,False,False,B.Com,"java,healthcare",Healthcare,Hyderabad,6.5,False
C3628,Ira Gupta,21,Female,General,Himachal Pradesh,Mandi,False,False,MBA,"teaching,excel,python",IT,Any,8.8,False
C3629,Suresh Bose,23,Male,OBC,Andhra Pradesh,West Godavari,False,True,B.Tech,"communication,leadership,teaching,mechanical,content-writing",Agriculture,Chandigarh,7.6,False
C3630,Sam Bose,23,Other,EWS,Haryana,Faridabad,True,False,MBA,"content-writing,finance,civil,digital-marketing",Education,Delhi,6.9,False
C3631,Pari Chatterjee,22,Female,OBC,Arunachal Pradesh,Tawang,False,True,B.Tech,"teamwork,python,agriculture,cad",IT,Any,5.7,False
C3632,Anil Farooqui,25,Male,OBC,Odisha,Koraput,False,False,BSc,"healthcare,excel,teamwork",Healthcare,Ahmedabad,7.9,False
C3633,Ishaan Rao,20,Male,OBC,Andaman and Nicobar Islands,South Andaman,False,True,B.Com,"content-writing,electrical,data-analysis",Manufacturing,Any,8.2,False
C3634,Sunita Ghosh,25,Female,OBC,Lakshadweep,Agatti,False,True,BA,"c++,project-management",Education,Any,6.4,False
C3635,Bhavna Siddiqui,25,Female,General,Odisha,Balangir,False,True,BSc,"civil,research,accounting,mechanical,leadership",Finance,Bhubaneswar,5.8,False
C3636,Meera Reddy,22,Female,General,Uttarakhand,Almora,False,False,B.Com,"agriculture,problem-solving",Finance,Hyderabad,7.5,False
C3637,Aditya Mehta,23,Male,OBC,Chandigarh,Chandigarh,False,False,MCA,"problem-solving,cad",Education,Any,5.1,False
C3638,Ankit Hussain,22,Male,ST,Karnataka,Mangaluru,False,True,B.Com,"hr-management,sql",Finance,Any,9.9,False
C3639,Reyansh Iyer,24,Male,SC,Uttar Pradesh,Bareilly,False,False,MCA,"digital-marketing,communication,marketing",Agriculture,Any,6.5,False
C3640,Anjali More,23,Female,General,Karnataka,Mangaluru,False,True,BSc,"accounting,agriculture,project-management,content-writing",Agriculture,Any,6.8,True
C3641,Varun Patil,21,Male,ST,Karnataka,Ballari,True,False,B.Com,"hr-management,excel,digital-marketing",Energy,Pune,7.4,False
C3642,Sam Thakur,20,Other,SC,Tamil Nadu,Vellore,False,False,B.Tech,"mechanical,research,civil,sql",Manufacturing,Any,7.3,False
C3643,Ira Gaikwad,21,Female,EWS,Tripura,Gomati,True,True,BBA,"java,communication,cad,sql,teaching",Finance,Any,7.5,False
C3644,Morgan Iyer,21,Other,General,Uttarakhand,Nainital,False,False,BBA,"graphic-design,critical-thinking,teamwork,finance",Agriculture,Pune,7.1,False
C3645,Vivaan Qureshi,23,Male,OBC,Himachal Pradesh,Una,False,False,B.Tech,"cad,problem-solving,leadership,supply-chain,sql",Healthcare,Gurgaon,6.5,False
C3646,Aadi Mirza,24,Male,EWS,Chandigarh,Chandigarh,False,False,BSc,"machine-learning,finance,excel,supply-chain",Finance,Any,8.0,False
C3647,Neha Rao,20,Female,SC,Bihar,Aurangabad,False,True,B.Com,"data-analysis,teaching,excel",Manufacturing,Delhi,8.1,False
C3648,Harsh Singh,21,Male,ST,Tripura,Gomati,False,True,B.Tech,"data-analysis,java",Education,Coimbatore,7.2,False
C3649,Tanvi Malhotra,22,Female,OBC,Chandigarh,Chandigarh,False,False,MBA,"hr-management,electrical,healthcare,javascript",Energy,Chandigarh,6.6,False
C3650,Sachin Jadhav,22,Male,General,Jharkhand,Pashchimi Singhbhum,True,True,B.Com,"marketing,graphic-design,supply-chain,machine-learning",Finance,Any,8.2,False
C3651,Abhishek Ghosh,20,Male,OBC,Odisha,Sundargarh,False,False,B.Tech,"teamwork,excel,sql",Education,Any,6.3,True
C3652,Ira Thakur,24,Female,OBC,Jammu and Kashmir,Rajouri,False,False,MBA,"mechanical,hr-management,marketing,sql",IT,Any,9.1,False
C3653,Sanjay Krishnan,22,Male,OBC,Dadra and Nagar Haveli and Daman and Diu,Daman,False,True,BA,"civil,problem-solving,finance",IT,Indore,7.4,False
C3654,Sai Reddy,23,Male,EWS,Dadra and Nagar Haveli and Daman and Diu,Diu,False,False,B.Com,"agriculture,hr-management",IT,Chandigarh,8.9,False
C3655,Suman Sharma,23,Female,EWS,Manipur,Imphal East,False,False,BBA,"teaching,machine-learning,critical-thinking,communication",IT,Any,6.9,False
C3656,Deepa Gupta,21,Female,General,Andhra Pradesh,Visakhapatnam,False,True,B.Tech,"sql,marketing,research,accounting",Finance,Bangalore,7.5,False
C3657,Siddharth Shah,25,Male,General,Maharashtra,Thane,False,True,B.Tech,"excel,sql,data-analysis,hr-management",Healthcare,Ahmedabad,7.3,False
C3658,Ajay More,22,Male,OBC,Punjab,Ludhiana,False,True,B.Tech,"supply-chain,accounting",Healthcare,Any,7.7,False
C3659,Abhishek Mehta,23,Male,General,West Bengal,Maldah,True,True,MBA,"healthcare,marketing,mechanical,javascript,electrical",Manufacturing,Any,6.6,False
C3660,Ravi Bose,21,Male,General,West Bengal,Paschim Bardhaman,False,False,BBA,"marketing,supply-chain,problem-solving",Education,Any,6.6,False
C3661,Usha Siddiqui,24,Female,General,Arunachal Pradesh,Namsai,False,True,BBA,"leadership,communication,c++,content-writing",Manufacturing,Kolkata,6.8,False
C3662,Nikhil Ansari,21,Male,General,Uttarakhand,Dehradun,False,False,B.Tech,"supply-chain,hr-management",Manufacturing,Coimbatore,8.3,True
C3663,Kabir Singh,25,Male,SC,West Bengal,Nadia,True,False,B.Com,"research,sql,digital-marketing",Healthcare,Any,8.0,True
C3664,Pranav Pillai,24,Male,OBC,Dadra and Nagar Haveli and Daman and Diu,Daman,False,True,B.Com,"mechanical,civil",Energy,Any,7.4,False
C3665,Atharv Banerjee,20,Male,OBC,Uttarakhand,Haridwar,True,False,BA,"teamwork,digital-marketing,machine-learning",IT,Any,7.7,False
C3666,Aadhya Thakur,23,Female,OBC,Dadra and Nagar Haveli and Daman and Diu,Daman,False,True,MCA,"c++,sql",Healthcare,Any,6.5,False
C3667,Kavita Siddiqui,24,Female,General,Ladakh,Leh,False,True,BBA,"content-writing,data-analysis,excel",Healthcare,Bhubaneswar,6.5,False
C3668,Suman Sharma,25,Female,ST,Chandigarh,Chandigarh,False,True,B.Tech,"javascript,cad",Finance,Noida,7.0,False
C3669,Advik Shah,25,Male,General,Kerala,Thrissur,False,True,BSc,"python,civil,leadership",IT,Any,7.3,False
C3670,Komal Singh,23,Female,General,West Bengal,Paschim Bardhaman,False,False,B.Tech,"leadership,graphic-design,javascript,healthcare,machine-learning",Finance,Chandigarh,7.4,False
C3671,Shalini Mukherjee,22,Female,OBC,Ladakh,Kargil,True,False,MBA,"leadership,finance,cad",IT,Ahmedabad,5.6,False
C3672,Sanjay Hussain,24,Male,General,Nagaland,Mon,False,False,B.Tech,"content-writing,civil",Finance,Coimbatore,8.1,False
C3673,Dhruv Roy,22,Male,OBC,Punjab,Mohali,True,True,B.Com,"healthcare,problem-solving,excel,electrical,teamwork",Energy,Lucknow,8.0,False
C3674,Ishaan Das,24,Male,General,Bihar,Banka,False,False,BBA,"data-analysis,graphic-design,electrical",IT,Bangalore,5.0,False
C3675,Swati Hussain,22,Female,General,Maharashtra,Ahmednagar,False,False,MCA,"leadership,electrical",IT,Any,6.7,False
C3676,Anjali Arora,21,Female,General,Madhya Pradesh,Vidisha,False,True,BBA,"communication,excel,digital-marketing,leadership,data-analysis",Manufacturing,Pune,7.8,False
C3677,Akash Kulkarni,24,Male,General,Maharashtra,Nashik,False,False,MCA,"teamwork,sql",Finance,Jaipur,8.7,False
C3678,Vivaan Gaikwad,21,Male,ST,Sikkim,North District,False,False,MBA,"machine-learning,python",Education,Kolkata,9.4,False
C3679,Reyansh Chopra,24,Male,SC,Ladakh,Kargil,False,True,B.Com,"problem-solving,healthcare,teamwork,javascript",Agriculture,Chandigarh,6.5,False
C3680,Rani Qureshi,21,Female,General,Ladakh,Leh,False,False,BSc,"digital-marketing,sql",IT,Noida,9.8,False
C3681,Kiara Hussain,24,Female,EWS,Uttar Pradesh,Fatehpur,False,False,BA,"teaching,agriculture,python",Education,Any,7.1,False
C3682,Aadi Patil,25,Male,General,Goa,North Goa,False,True,BSc,"content-writing,problem-solving,project-management,electrical",Energy,Jaipur,6.7,False
C3683,Amit Malhotra,25,Male,General,Rajasthan,Ajmer,False,False,MCA,"content-writing,accounting,cad",Finance,Any,7.8,True
C3684,Sunil Ahmed,22,Male,ST,Gujarat,Rajkot,False,False,B.Com,"javascript,research,teaching",Agriculture,Noida,8.5,False
C3685,Ishaan Chatterjee,20,Male,General,Sikkim,East District,False,True,B.Tech,"graphic-design,hr-management,content-writing",Healthcare,Any,6.9,False
C3686,Suresh Naidu,22,Male,OBC,Maharashtra,Nagpur,False,False,BA,"communication,digital-marketing,hr-management,cad,machine-learning",Finance,Any,7.0,False
C3687,Amit Qureshi,21,Male,General,Arunachal Pradesh,Tawang,False,False,B.Com,"mechanical,project-management,java,accounting",Manufacturing,Delhi,7.9,False
C3688,Atharv Hussain,22,Male,OBC,Nagaland,Kohima,False,False,MBA,"accounting,python",Education,Vadodara,5.7,False
C3689,Aadhya Reddy,24,Female,General,Kerala,Palakkad,False,False,B.Tech,"sql,finance,accounting,civil,machine-learning",IT,Delhi,7.1,False
C3690,Kiara Nair,21,Female,General,Punjab,Mohali,True,False,MBA,"cad,data-analysis,finance,communication",IT,Any,5.7,False
C3691,Priya Singh,24,Female,SC,Puducherry,Mahe,True,True,BA,"content-writing,research,digital-marketing",IT,Indore,6.5,False
C3692,Sneha Khan,24,Female,General,Puducherry,Karaikal,False,True,BSc,"critical-thinking,mechanical,accounting,civil",IT,Mumbai,8.3,True
C3693,Gaurav Shaikh,20,Male,OBC,Meghalaya,Jaintia Hills,True,False,BA,"mechanical,marketing,teaching,cad,java",Education,Kolkata,7.3,False
C3694,Casey Shetty,21,Other,ST,Maharashtra,Aurangabad,False,True,MBA,"leadership,healthcare,python",Finance,Indore,6.1,False
C3695,Riya Arora,23,Other,EWS,Kerala,Kozhikode,False,True,B.Tech,"machine-learning,agriculture,teamwork",Manufacturing,Delhi,8.5,False
C3696,Ira Gaikwad,22,Female,EWS,Arunachal Pradesh,East Siang,False,False,MBA,"supply-chain,finance",IT,Ahmedabad,9.7,False
C3697,Manisha Ansari,21,Female,OBC,Meghalaya,West Garo Hills,False,False,B.Com,"hr-management,problem-solving",Education,Any,8.0,False
C3698,Preeti Ghosh,22,Female,General,Jammu and Kashmir,Pulwama,False,False,B.Tech,"teamwork,marketing,data-analysis,content-writing",IT,Kolkata,8.2,False
C3699,Suman Gaikwad,25,Female,ST,Arunachal Pradesh,Papum Pare,False,False,BSc,"mechanical,graphic-design",IT,Noida,9.0,False
C3700,Vivaan Reddy,23,Male,OBC,Manipur,Thoubal,False,True,MCA,"project-management,java,critical-thinking,digital-marketing",Energy,Chennai,5.0,False
C3701,Aarav Rajan,24,Male,General,Sikkim,North District,False,False,BBA,"java,teamwork,critical-thinking",Finance,Ahmedabad,8.2,False
C3702,Arjun Mehta,25,Male,OBC,Andhra Pradesh,Anantapur,False,False,MCA,"accounting,teamwork,healthcare,finance",Healthcare,Any,5.0,False
C3703,Varun Gaikwad,21,Male,OBC,Puducherry,Karaikal,False,True,B.Tech,"project-management,javascript",Finance,Any,7.9,False
C3704,Suman Gupta,20,Female,General,Dadra and Nagar Haveli and Daman and Diu,Daman,False,True,B.Tech,"data-analysis,hr-management",IT,Any,5.0,False
C3705,Rekha Hegde,21,Female,ST,Maharashtra,Osmanabad,False,True,BA,"digital-marketing,teaching,python",Manufacturing,Noida,7.2,False
C3706,Avni Thakur,20,Female,OBC,Haryana,Ambala,False,False,B.Com,"digital-marketing,sql",IT,Any,7.0,False
C3707,Karan Dubey,25,Male,ST,Meghalaya,West Garo Hills,False,True,MBA,"healthcare,electrical,javascript",Manufacturing,Any,8.8,False
C3708,Aanya Arora,20,Female,General,Mizoram,Aizawl,False,True,B.Com,"marketing,problem-solving",IT,Gurgaon,7.7,False
C3709,Aarav Yadav,23,Male,SC,Tamil Nadu,Salem,False,False,MBA,"critical-thinking,cad,excel,mechanical,leadership",Manufacturing,Any,8.4,False
C3710,Rohan Shetty,24,Male,EWS,Chhattisgarh,Kondagaon,False,False,BBA,"hr-management,project-management,java,data-analysis",Energy,Coimbatore,6.7,False
C3711,Vandana Tiwari,21,Female,OBC,Nagaland,Kiphire,True,False,BSc,"leadership,marketing",IT,Any,5.9,False
C3712,Usha Shah,21,Female,General,Madhya Pradesh,Rajgarh,False,True,MBA,"research,leadership,mechanical",Agriculture,Indore,7.2,False
C3713,Preeti Khanna,25,Female,ST,Andhra Pradesh,Krishna,False,False,MBA,"teaching,sql",Education,Jaipur,9.6,False
C3714,Tanvi Mishra,21,Female,General,Mizoram,Lunglei,False,True,B.Tech,"healthcare,problem-solving,electrical,digital-marketing",IT,Any,8.4,False
C3715,Priya Hussain,21,Female,OBC,Nagaland,Tuensang,False,False,MBA,"finance,excel,accounting,graphic-design,critical-thinking",Healthcare,Noida,5.0,False
C3716,Arjun Shetty,20,Male,General,Delhi,Central Delhi,False,True,BSc,"project-management,cad",IT,Lucknow,7.3,True
C3717,Gaurav Chopra,25,Male,EWS,Telangana,Hyderabad,False,True,MBA,"excel,healthcare,teaching,hr-management",Finance,Any,8.7,False
C3718,Sachin Roy,22,Male,SC,Assam,Barpeta,True,True,BBA,"content-writing,cad",IT,Delhi,7.5,True
C3719,Rahul Hegde,20,Male,ST,Chandigarh,Chandigarh,False,False,BBA,"machine-learning,critical-thinking,digital-marketing",Agriculture,Jaipur,6.2,True
C3720,Saanvi Thakur,20,Female,General,Bihar,Katihar,False,True,B.Tech,"data-analysis,cad,healthcare,javascript,leadership",Agriculture,Any,6.6,False
C3721,Kiara Das,23,Female,SC,Uttar Pradesh,Meerut,True,True,MCA,"project-management,marketing,leadership,java,teamwork",Finance,Jaipur,6.6,False
C3722,Casey More,24,Other,General,Odisha,Sundargarh,False,False,B.Tech,"content-writing,project-management,research,healthcare",Healthcare,Noida,7.6,False
C3723,Ankit Tiwari,21,Male,General,Ladakh,Kargil,False,True,B.Tech,"c++,leadership",Agriculture,Delhi,7.9,False
C3724,Sachin Iyer,23,Male,General,Manipur,Chandel,False,False,B.Com,"leadership,mechanical,communication,hr-management,digital-marketing",Healthcare,Any,5.4,False
C3725,Aditya Arora,25,Male,OBC,Punjab,Firozpur,False,False,B.Com,"marketing,agriculture,sql,civil",Education,Bhubaneswar,7.0,False
C3726,Krishna Kulkarni,25,Male,General,Andaman and Nicobar Islands,South Andaman,False,False,B.Tech,"accounting,python,civil,java,data-analysis",Agriculture,Vadodara,7.6,False
C3727,Sneha Chopra,22,Female,General,Himachal Pradesh,Shimla,False,True,B.Tech,"project-management,hr-management,java,mechanical,teaching",Healthcare,Mumbai,5.3,False
C3728,Myra Iyer,25,Female,OBC,Dadra and Nagar Haveli and Daman and Diu,Dadra and Nagar Haveli,False,False,B.Tech,"supply-chain,teaching",IT,Any,7.0,False
C3729,Laxmi Ali,22,Female,General,Chhattisgarh,Rajnandgaon,False,False,MBA,"problem-solving,critical-thinking",IT,Any,8.1,False
C3730,Akash Shetty,22,Male,ST,Lakshadweep,Minicoy,False,False,B.Com,"excel,project-management,civil,finance,problem-solving",Healthcare,Any,8.1,False
C3731,Rohan Menon,25,Male,OBC,Tripura,South Tripura,False,True,B.Com,"electrical,digital-marketing,mechanical,java",IT,Chandigarh,6.9,False
C3732,Rudra Thakur,22,Male,General,Maharashtra,Thane,False,False,B.Com,"marketing,electrical",Agriculture,Ahmedabad,7.2,False
C3733,Aryan Mirza,25,Male,OBC,Mizoram,Champhai,False,False,B.Tech,"python,critical-thinking",Finance,Jaipur,8.5,False
C3734,Akash Kulkarni,21,Male,General,Sikkim,East District,False,True,BBA,"mechanical,project-management",IT,Any,8.1,False
C3735,Neha Shah,22,Female,General,Mizoram,Mamit,False,False,BSc,"finance,java,machine-learning,marketing",IT,Any,8.5,False
C3736,Bhavna Rao,25,Female,OBC,Himachal Pradesh,Una,True,True,MBA,"agriculture,research,electrical,graphic-design",Healthcare,Delhi,8.4,False
C3737,Manoj Das,21,Male,OBC,Karnataka,Belagavi,False,True,B.Tech,"machine-learning,content-writing,java,python,supply-chain",Finance,Kochi,6.0,False
C3738,Rahul Yadav,20,Male,OBC,Kerala,Alappuzha,False,False,MCA,"javascript,leadership,excel,problem-solving",Healthcare,Chandigarh,6.3,True
C3739,Sunil Hegde,24,Male,OBC,Bihar,Bhagalpur,False,False,B.Com,"research,finance,teaching,data-analysis",Education,Any,5.0,False
C3740,Preeti More,20,Female,General,Bihar,Katihar,True,True,BSc,"healthcare,data-analysis",Healthcare,Pune,7.6,False
C3741,Usha Kulkarni,21,Female,General,Assam,Sonitpur,True,False,B.Tech,"electrical,mechanical,healthcare,cad",Manufacturing,Any,7.1,False
C3742,Meera Dubey,21,Female,OBC,Andhra Pradesh,Vizianagaram,False,True,B.Tech,"problem-solving,electrical,supply-chain,digital-marketing,civil",Finance,Any,7.0,False
C3743,Vandana Pandey,22,Female,SC,Haryana,Yamunanagar,False,False,B.Tech,"marketing,graphic-design,content-writing,excel",Agriculture,Kochi,8.2,False
C3744,Deepak Shetty,24,Male,OBC,Goa,North Goa,False,True,B.Com,"sql,accounting",IT,Kolkata,8.2,False
C3745,Aditi Jain,23,Female,OBC,Telangana,Khammam,False,True,B.Tech,"healthcare,python,finance",Manufacturing,Hyderabad,6.5,False
C3746,Amit Sharma,24,Male,General,Delhi,South West Delhi,False,True,B.Tech,"c++,teamwork,electrical,finance,hr-management",IT,Ahmedabad,7.2,False
C3747,Advik Ansari,22,Male,ST,Uttar Pradesh,Agra,False,False,BBA,"javascript,mechanical",Healthcare,Any,6.9,False
C3748,Veer Khanna,20,Male,General,Madhya Pradesh,Rajgarh,True,False,B.Tech,"python,project-management,java",Education,Delhi,8.1,False
C3749,Asha Ahmed,21,Female,General,Uttarakhand,Dehradun,False,True,B.Tech,"supply-chain,problem-solving",Energy,Hyderabad,9.9,True
C3750,Ajay Yadav,20,Male,EWS,Uttarakhand,Pauri Garhwal,False,True,BA,"problem-solving,leadership,accounting",Manufacturing,Ahmedabad,8.1,False
C3751,Taylor Shah,24,Other,EWS,Puducherry,Mahe,False,False,B.Tech,"python,leadership,content-writing,excel",Healthcare,Mumbai,6.9,True
C3752,Priya Shetty,20,Female,ST,Maharashtra,Washim,False,False,BA,"marketing,problem-solving",IT,Any,5.9,False
C3753,Sonal More,23,Female,General,Maharashtra,Nashik,False,True,BSc,"problem-solving,marketing,healthcare,supply-chain,digital-marketing",IT,Coimbatore,6.5,False
C3754,Kabir Gaikwad,20,Male,General,Haryana,Ambala,True,True,MBA,"marketing,electrical",Healthcare,Any,7.4,False
C3755,Deepa Sen,20,Female,OBC,West Bengal,Hooghly,False,True,BBA,"c++,leadership,communication,civil,supply-chain",Healthcare,Any,6.9,False
C3756,Deepa Choudhary,20,Female,OBC,Goa,North Goa,False,True,BSc,"civil,finance,critical-thinking",Finance,Nagpur,8.0,False
C3757,Rajesh Verma,21,Male,General,Tamil Nadu,Ramanathapuram,True,False,BSc,"marketing,digital-marketing,machine-learning,communication",IT,Any,6.5,False
C3758,Anika Ali,23,Female,ST,West Bengal,Birbhum,False,True,B.Com,"cad,content-writing,critical-thinking",Manufacturing,Noida,6.9,False
C3759,Diya Thakur,24,Female,OBC,Punjab,Ludhiana,False,False,B.Com,"teamwork,marketing,java,hr-management,leadership",Education,Any,6.8,False
C3760,Ishaan Reddy,22,Male,OBC,Ladakh,Leh,False,False,MBA,"cad,agriculture,marketing,accounting",Finance,Hyderabad,6.8,False
C3761,Deepak Siddiqui,24,Male,ST,Madhya Pradesh,Rewa,False,True,B.Com,"digital-marketing,mechanical",Agriculture,Noida,7.9,True
C3762,Dhruv Gaikwad,22,Male,OBC,Uttarakhand,Pauri Garhwal,False,False,B.Tech,"accounting,excel,hr-management",Finance,Any,8.6,False
C3763,Kiara Khanna,21,Female,SC,Odisha,Malkangiri,False,False,B.Tech,"agriculture,java,sql,critical-thinking,mechanical",Energy,Any,5.4,False
C3764,Veer Joshi,21,Male,OBC,Telangana,Medchal,False,False,BSc,"leadership,problem-solving",Manufacturing,Ahmedabad,6.2,False
C3765,Anjali Thakur,24,Female,SC,Telangana,Hyderabad,False,True,B.Com,"excel,digital-marketing",IT,Any,8.1,False
C3766,Ankit Banerjee,20,Male,SC,Mizoram,Lunglei,False,True,BBA,"machine-learning,healthcare,mechanical",Finance,Bangalore,7.3,False
C3767,Sunita Ghosh,23,Female,OBC,Chhattisgarh,Narayanpur,True,False,BBA,"teamwork,civil,javascript,graphic-design",Finance,Mumbai,6.2,False
C3768,Pankaj Shetty,25,Male,General,Bihar,Patna,False,True,B.Com,"c++,critical-thinking,electrical",Energy,Any,9.2,False
C3769,Ajay Khan,23,Male,General,Karnataka,Davanagere,False,True,B.Tech,"mechanical,healthcare,digital-marketing,data-analysis",IT,Vadodara,5.7,True
C3770,Advik Agarwal,25,Male,OBC,Goa,South Goa,False,True,B.Com,"python,teaching,marketing,graphic-design,project-management",IT,Kolkata,6.9,False
C3771,Deepa Shah,25,Female,SC,Puducherry,Karaikal,False,False,BBA,"leadership,agriculture,problem-solving,research,data-analysis",IT,Kolkata,5.4,False
C3772,Varun Choudhary,22,Male,General,Goa,North Goa,False,False,B.Com,"data-analysis,communication,python,healthcare",Finance,Any,7.1,False
C3773,Riya Malhotra,23,Other,General,Meghalaya,East Garo Hills,True,False,MCA,"python,research,teamwork,agriculture,leadership",IT,Chennai,6.4,False
C3774,Pallavi Subramanian,21,Female,EWS,Odisha,Kandhamal,True,False,BBA,"finance,python",Agriculture,Nagpur,8.3,False
C3775,Karan Iyer,25,Male,OBC,Ladakh,Leh,False,True,MCA,"mechanical,hr-management,graphic-design,data-analysis,agriculture",Finance,Any,7.8,False
C3776,Myra Yadav,23,Female,SC,Chhattisgarh,Raipur,False,False,BBA,"civil,research,data-analysis,agriculture",Healthcare,Any,6.1,False
C3777,Sanjay Agarwal,24,Male,OBC,Tamil Nadu,Tirunelveli,False,True,B.Tech,"teamwork,cad",Manufacturing,Jaipur,8.4,False
C3778,Dhruv Pillai,23,Male,OBC,Jharkhand,Godda,True,True,B.Tech,"cad,graphic-design,c++",Energy,Any,7.2,False
C3779,Sonal Singh,20,Female,ST,Karnataka,Kalaburagi,False,False,B.Tech,"graphic-design,project-management,python,mechanical,healthcare",IT,Any,7.8,False
C3780,Avni Qureshi,21,Female,General,Gujarat,Ahmedabad,True,False,B.Tech,"communication,teaching,graphic-design,data-analysis,agriculture",Manufacturing,Any,6.1,True
C3781,Aditya Sharma,21,Male,General,Goa,South Goa,False,False,BBA,"healthcare,marketing,digital-marketing,supply-chain",Manufacturing,Any,7.1,False
C3782,Nisha Verma,22,Female,EWS,Goa,North Goa,True,False,BSc,"agriculture,hr-management,healthcare,teaching",IT,Chennai,6.6,False
C3783,Ritu Khanna,24,Female,General,Rajasthan,Bikaner,False,False,B.Tech,"teamwork,problem-solving",Healthcare,Any,8.8,False
C3784,Rani Choudhary,25,Female,OBC,Assam,Kamrup,False,False,BSc,"electrical,finance,marketing,excel,c++",IT,Jaipur,7.5,False
C3785,Avni Naidu,24,Female,SC,Bihar,Banka,True,False,B.Tech,"digital-marketing,mechanical",IT,Indore,7.2,False
C3786,Abhishek Pandey,20,Male,EWS,Dadra and Nagar Haveli and Daman and Diu,Dadra and Nagar Haveli,False,True,BA,"excel,supply-chain",IT,Kolkata,6.1,False
C3787,Yash Menon,20,Male,General,Jammu and Kashmir,Srinagar,False,False,B.Tech,"critical-thinking,sql,digital-marketing,machine-learning",Finance,Any,7.4,False
C3788,Kabir Ali,22,Male,ST,Meghalaya,West Garo Hills,False,True,BBA,"communication,hr-management,mechanical",Agriculture,Gurgaon,9.9,False
C3789,Shalini Naidu,25,Female,OBC,Puducherry,Yanam,False,False,B.Tech,"critical-thinking,graphic-design,hr-management,electrical",Finance,Delhi,7.2,False
C3790,Anil Gupta,23,Male,OBC,Puducherry,Yanam,False,False,MCA,"research,agriculture,mechanical,c++",IT,Indore,7.4,False
C3791,Bhavna Mukherjee,25,Female,General,Tamil Nadu,Tirunelveli,False,False,B.Tech,"digital-marketing,graphic-design,content-writing",Finance,Any,6.1,False
C3792,Preeti Jadhav,25,Female,OBC,Maharashtra,Aurangabad,False,True,BA,"javascript,civil,accounting,sql,digital-marketing",Finance,Chandigarh,8.7,False
C3793,Aarohi Roy,23,Female,General,Sikkim,West District,True,True,B.Tech,"critical-thinking,agriculture,graphic-design,research",IT,Bhubaneswar,6.6,False
C3794,Siddharth Mishra,20,Male,General,Arunachal Pradesh,Papum Pare,True,True,BA,"electrical,data-analysis",Energy,Chandigarh,7.3,False
C3795,Veer Qureshi,23,Male,OBC,Himachal Pradesh,Kullu,False,False,B.Com,"research,communication,content-writing,leadership,sql",Education,Vadodara,6.9,False
C3796,Aarav Tiwari,24,Other,ST,West Bengal,Dakshin Dinajpur,True,False,MBA,"mechanical,problem-solving,cad,project-management",Finance,Vadodara,9.4,True
C3797,Tanvi Farooqui,21,Female,General,Maharashtra,Gadchiroli,True,False,B.Tech,"teamwork,digital-marketing",Finance,Kolkata,6.3,False
C3798,Aarohi Thakur,23,Female,General,Assam,Sonitpur,False,True,BBA,"project-management,data-analysis",IT,Lucknow,6.5,False
C3799,Jyoti Sharma,22,Female,SC,Kerala,Wayanad,False,False,B.Tech,"javascript,project-management,marketing",Healthcare,Chennai,6.7,False
C3800,Aryan Yadav,20,Male,General,Arunachal Pradesh,Tawang,False,True,BA,"electrical,leadership",Healthcare,Hyderabad,8.4,False
C3801,Aditi Ansari,22,Female,OBC,West Bengal,Paschim Bardhaman,False,False,B.Tech,"healthcare,teaching,leadership,communication,content-writing",Finance,Any,5.9,False
C3802,Arjun Thakur,24,Male,General,Telangana,Khammam,False,False,B.Tech,"marketing,research,c++",Education,Lucknow,5.6,False
C3803,Suresh Hussain,21,Male,OBC,Punjab,Firozpur,True,True,B.Com,"java,excel,communication,data-analysis",Energy,Any,7.1,False
C3804,Deepa Khanna,22,Female,ST,Nagaland,Dimapur,False,False,BSc,"python,javascript,supply-chain,sql,research",Manufacturing,Any,5.0,False
C3805,Suresh Das,20,Male,OBC,Madhya Pradesh,Gwalior,False,False,MBA,"accounting,digital-marketing",Education,Chennai,6.0,False
C3806,Geeta Hegde,21,Female,General,Bihar,Nawada,False,False,B.Tech,"data-analysis,hr-management,electrical,cad,machine-learning",IT,Any,6.2,False
C3807,Aadhya Joshi,24,Female,General,Telangana,Rangareddy,False,True,MCA,"hr-management,supply-chain,agriculture,healthcare",Energy,Chennai,6.4,False
C3808,Neha Patil,20,Female,OBC,West Bengal,Howrah,False,True,B.Tech,"excel,communication",Healthcare,Delhi,6.8,False
C3809,Veer Iyer,23,Male,General,Gujarat,Bhavnagar,False,True,B.Tech,"javascript,healthcare,accounting,excel",IT,Coimbatore,5.6,False
C3810,Vivek Dubey,24,Male,General,Punjab,Bathinda,False,True,B.Tech,"project-management,civil,agriculture,python,teaching",Finance,Any,7.5,False
C3811,Krishna Khanna,21,Male,General,Assam,Sonitpur,False,False,B.Tech,"research,sql,data-analysis,civil,graphic-design",IT,Ahmedabad,6.7,False
C3812,Aditi Menon,23,Female,General,Kerala,Palakkad,False,False,B.Tech,"electrical,mechanical",IT,Any,5.7,False
C3813,Pankaj Menon,24,Male,ST,Andhra Pradesh,Chittoor,False,False,B.Com,"javascript,java",Finance,Any,5.0,True
C3814,Laxmi Ahmed,20,Female,OBC,West Bengal,Nadia,False,False,B.Tech,"supply-chain,problem-solving,javascript,accounting,data-analysis",IT,Mumbai,5.8,False
C3815,Sachin Jain,23,Male,OBC,Maharashtra,Pune,False,True,B.Tech,"teaching,electrical,communication,critical-thinking,content-writing",Education,Chandigarh,7.0,False
C3816,Aadhya Sharma,24,Female,EWS,Uttarakhand,Udham Singh Nagar,True,False,B.Com,"marketing,java,civil",Finance,Any,6.7,False
C3817,Rajesh Dubey,21,Male,General,Uttarakhand,Tehri Garhwal,False,False,BSc,"accounting,sql,hr-management,communication",IT,Indore,7.2,False
C3818,Pranav Sen,22,Male,General,Kerala,Kottayam,False,False,BBA,"machine-learning,content-writing",Manufacturing,Indore,6.7,False
C3819,Avni Choudhary,22,Female,General,Telangana,Adilabad,False,False,B.Tech,"healthcare,machine-learning",Agriculture,Mumbai,5.9,False
C3820,Sneha Ansari,24,Female,General,Chhattisgarh,Kondagaon,True,False,B.Com,"leadership,agriculture",Finance,Bangalore,7.5,True
C3821,Vivek Subramanian,25,Male,General,Himachal Pradesh,Kangra,False,True,B.Tech,"research,mechanical,javascript,civil",Agriculture,Indore,6.6,False
C3822,Pari Chopra,25,Female,OBC,Himachal Pradesh,Hamirpur,False,False,MBA,"sql,graphic-design,data-analysis",Finance,Bhubaneswar,7.1,False
C3823,Gaurav Roy,20,Male,EWS,Puducherry,Yanam,False,True,MBA,"excel,sql,cad,graphic-design,c++",Energy,Any,7.7,False
C3824,Vivek Sen,23,Male,General,Jharkhand,Latehar,False,False,B.Com,"hr-management,mechanical,teaching,communication",IT,Gurgaon,5.1,False
C3825,Sunil Tiwari,23,Male,OBC,Karnataka,Davanagere,False,False,B.Tech,"cad,communication,civil,accounting,machine-learning",Finance,Any,7.7,False
C3826,Vikram Chopra,21,Male,OBC,Jammu and Kashmir,Rajouri,False,False,BBA,"finance,excel",Manufacturing,Ahmedabad,6.6,False
C3827,Ira Pillai,20,Female,EWS,Odisha,Koraput,True,False,B.Tech,"hr-management,communication",IT,Coimbatore,6.3,False
C3828,Anjali Siddiqui,22,Female,General,Telangana,Karimnagar,False,False,B.Tech,"data-analysis,marketing,healthcare",IT,Nagpur,7.1,False
C3829,Rohan Pandey,23,Male,SC,Puducherry,Karaikal,False,True,BSc,"problem-solving,electrical,civil",Healthcare,Any,6.3,True
C3830,Jordan Ghosh,20,Other,SC,Maharashtra,Satara,False,True,BA,"graphic-design,content-writing,c++,research,data-analysis",Education,Any,7.4,False
C3831,Sonal Sharma,22,Female,General,Puducherry,Karaikal,False,False,MCA,"communication,excel",Finance,Any,8.0,False
C3832,Kabir Ghosh,22,Male,SC,Andhra Pradesh,Krishna,False,False,B.Tech,"healthcare,data-analysis,mechanical,agriculture,finance",IT,Any,7.6,False
C3833,Shalini Verma,20,Female,SC,Telangana,Nizamabad,False,True,B.Tech,"content-writing,teaching,graphic-design",Agriculture,Noida,6.0,False
C3834,Pranav Joshi,20,Male,General,Jharkhand,Bokaro,False,True,MCA,"research,agriculture,teaching,communication,civil",IT,Any,6.3,False
C3835,Pranav Rao,25,Male,SC,Karnataka,Mangaluru,False,False,MBA,"machine-learning,c++,teamwork",Manufacturing,Kochi,7.9,True
C3836,Swati Pandey,22,Female,EWS,Ladakh,Kargil,False,True,B.Tech,"problem-solving,accounting,critical-thinking",IT,Coimbatore,6.7,False
C3837,Ayaan Khan,22,Male,SC,Dadra and Nagar Haveli and Daman and Diu,Diu,False,False,BA,"research,electrical,teamwork,healthcare,civil",Energy,Any,7.3,False
C3838,Navya Gupta,23,Female,General,Chandigarh,Chandigarh,False,False,BA,"machine-learning,python,excel",Finance,Chandigarh,8.1,False
C3839,Pankaj Krishnan,21,Male,General,Karnataka,Mangaluru,True,False,B.Tech,"machine-learning,critical-thinking,c++,mechanical",Energy,Lucknow,7.2,False
C3840,Priya Sen,23,Female,General,Bihar,Katihar,True,True,B.Tech,"civil,project-management",IT,Any,6.1,False
C3841,Anita Rajan,25,Female,SC,Goa,South Goa,True,False,MCA,"civil,excel",IT,Mumbai,5.9,False
C3842,Saanvi Mehta,22,Female,SC,Uttarakhand,Tehri Garhwal,True,False,B.Tech,"electrical,supply-chain,leadership,problem-solving,communication",Education,Any,7.6,False
C3843,Myra Patil,23,Female,OBC,Tamil Nadu,Vellore,False,True,BBA,"machine-learning,leadership,agriculture,teamwork,mechanical",IT,Bangalore,6.4,False
C3844,Isha Ansari,24,Female,ST,Kerala,Kollam,False,False,MCA,"python,javascript",Education,Chandigarh,7.6,False
C3845,Aditi Dubey,20,Female,ST,Manipur,Bishnupur,False,True,BBA,"content-writing,sql,project-management",Finance,Any,6.9,False
C3846,Siddharth Hegde,23,Male,General,Telangana,Rangareddy,False,False,BSc,"supply-chain,marketing,project-management,python,problem-solving",Finance,Any,7.8,False
C3847,Mohit Naidu,21,Male,SC,West Bengal,North 24 Parganas,False,True,BBA,"communication,supply-chain",IT,Hyderabad,5.9,False
C3848,Ananya More,25,Female,SC,Goa,South Goa,False,False,BBA,"data-analysis,python,critical-thinking",IT,Pune,5.8,False
C3849,Shreya Reddy,25,Female,OBC,Jammu and Kashmir,Kathua,False,False,BA,"problem-solving,electrical,python,healthcare",Finance,Jaipur,7.1,False
C3850,Dhruv Chatterjee,25,Male,EWS,West Bengal,Murshidabad,False,False,B.Tech,"python,cad,civil,data-analysis",Education,Any,6.7,False
C3851,Rani Patil,25,Female,OBC,Uttarakhand,Udham Singh Nagar,True,False,B.Tech,"cad,data-analysis",IT,Delhi,6.7,False
C3852,Casey Menon,21,Other,ST,Gujarat,Vadodara,False,False,B.Tech,"teaching,digital-marketing,content-writing,hr-management,mechanical",Healthcare,Kolkata,5.7,False
C3853,Sai Kapoor,23,Male,General,Chandigarh,Chandigarh,False,False,MCA,"digital-marketing,leadership,healthcare,content-writing,teamwork",Agriculture,Noida,6.9,False
C3854,Saanvi Menon,23,Female,EWS,Haryana,Ambala,False,False,BA,"java,sql,leadership",Healthcare,Any,7.7,False
C3855,Asha Choudhary,20,Female,General,Jammu and Kashmir,Anantnag,False,False,B.Tech,"data-analysis,accounting,electrical,finance,healthcare",IT,Any,7.0,False
C3856,Rahul Chatterjee,23,Male,OBC,West Bengal,Darjeeling,False,False,MBA,"communication,finance,sql",Finance,Lucknow,6.7,False
C3857,Jyoti Krishnan,23,Female,General,Ladakh,Kargil,False,False,MCA,"problem-solving,javascript",IT,Any,7.9,False
C3858,Karan Menon,20,Male,SC,Odisha,Ganjam,False,True,B.Tech,"javascript,accounting,excel,supply-chain,content-writing",Healthcare,Any,6.7,False
C3859,Yash Iyer,24,Male,General,Maharashtra,Nashik,False,True,BA,"leadership,javascript,civil,accounting",Education,Any,7.3,False
C3860,Anjali Shah,24,Female,OBC,Karnataka,Mysuru,False,True,B.Tech,"teamwork,digital-marketing,problem-solving",IT,Gurgaon,7.4,False
C3861,Rahul Qureshi,20,Male,OBC,Himachal Pradesh,Hamirpur,False,False,B.Tech,"research,finance,electrical,excel,project-management",Education,Chandigarh,7.4,True
C3862,Yash Desai,25,Male,SC,Gujarat,Rajkot,False,False,B.Com,"research,accounting,finance",Healthcare,Hyderabad,7.5,False
C3863,Akash Menon,23,Male,General,Sikkim,North District,False,False,BA,"content-writing,civil,excel",Agriculture,Ahmedabad,5.0,False
C3864,Akash Mirza,22,Male,General,Meghalaya,Ribhoi,False,True,BBA,"civil,research,mechanical",IT,Any,8.7,False
C3865,Navya Rao,22,Female,OBC,Uttarakhand,Champawat,False,False,B.Tech,"civil,cad,teamwork,sql,project-management",IT,Any,8.5,True
C3866,Akash Verma,25,Male,General,Assam,Dhubri,True,False,B.Com,"digital-marketing,teaching",Finance,Vadodara,6.8,False
C3867,Aanya Siddiqui,20,Female,General,Andhra Pradesh,Kurnool,False,True,B.Tech,"data-analysis,electrical,machine-learning,excel,supply-chain",Education,Lucknow,6.7,False
C3868,Sonal Subramanian,23,Female,SC,Jharkhand,Sahibganj,False,False,B.Tech,"civil,problem-solving",Agriculture,Any,6.8,False
C3869,Rekha Dubey,20,Female,SC,Meghalaya,Jaintia Hills,False,True,BBA,"finance,teaching,accounting",Education,Bangalore,8.4,False
C3870,Aadi Chopra,24,Male,ST,Mizoram,Lunglei,True,False,BA,"electrical,java,digital-marketing,hr-management",Energy,Bhubaneswar,9.9,False
C3871,Avni Chopra,23,Female,OBC,Chhattisgarh,Bastar,False,False,B.Tech,"critical-thinking,communication",Agriculture,Delhi,8.1,True
C3872,Aditya Banerjee,22,Male,OBC,Gujarat,Vadodara,False,True,B.Com,"data-analysis,marketing,excel,supply-chain",Education,Any,7.6,False
C3873,Isha Bhatia,25,Female,General,Andaman and Nicobar Islands,North and Middle Andaman,False,True,B.Tech,"teamwork,marketing,cad,accounting",IT,Nagpur,7.1,False
C3874,Aadi Rao,22,Male,ST,Punjab,Amritsar,False,False,MCA,"python,finance,problem-solving",IT,Any,7.8,True
C3875,Aryan More,24,Male,General,Ladakh,Kargil,False,True,BBA,"teaching,supply-chain,sql,java",Education,Any,6.6,False
C3876,Bhavna Choudhary,24,Female,EWS,Arunachal Pradesh,Changlang,False,False,B.Com,"healthcare,communication,python,java,content-writing",Energy,Ahmedabad,9.2,True
C3877,Manisha Pandey,20,Female,OBC,Andaman and Nicobar Islands,Nicobar,False,False,MBA,"machine-learning,teamwork,communication",Healthcare,Jaipur,7.3,False
C3878,Sunita Gaikwad,20,Female,SC,Dadra and Nagar Haveli and Daman and Diu,Diu,False,True,BBA,"c++,healthcare,supply-chain",IT,Bangalore,7.1,False
C3879,Diya Dubey,22,Female,OBC,Andaman and Nicobar Islands,South Andaman,False,False,B.Com,"project-management,digital-marketing,civil",Healthcare,Pune,6.6,False
C3880,Aarav Arora,25,Other,SC,Haryana,Nuh,False,False,B.Com,"supply-chain,healthcare,research,project-management",IT,Bhubaneswar,8.4,True
C3881,Rajesh Tiwari,23,Male,OBC,Bihar,Khagaria,False,False,BBA,"javascript,research,cad,electrical,machine-learning",Education,Lucknow,5.7,False
C3882,Atharv Ahmed,22,Male,OBC,Ladakh,Kargil,False,True,B.Com,"leadership,civil",Agriculture,Noida,8.0,False
C3883,Vivaan Pandey,22,Male,General,Madhya Pradesh,Vidisha,True,True,B.Tech,"graphic-design,c++",IT,Kolkata,7.3,False
C3884,Ishaan Pillai,22,Male,SC,Jammu and Kashmir,Anantnag,True,True,B.Com,"supply-chain,c++",IT,Bangalore,6.4,False
C3885,Krishna Choudhary,20,Male,OBC,Uttarakhand,Dehradun,False,False,B.Tech,"agriculture,digital-marketing,machine-learning",Agriculture,Any,6.0,False
C3886,Sara Mukherjee,20,Female,SC,Himachal Pradesh,Hamirpur,False,True,B.Tech,"java,agriculture,sql,finance",Manufacturing,Bhubaneswar,6.8,False
C3887,Vivaan Shetty,23,Male,OBC,Assam,Cachar,False,False,BA,"teamwork,supply-chain,electrical,python",Manufacturing,Any,7.4,False
C3888,Manoj Patil,24,Male,General,Mizoram,Aizawl,False,False,BBA,"research,sql",IT,Vadodara,7.8,False
C3889,Siddharth Verma,23,Male,General,Tamil Nadu,Kanchipuram,False,False,B.Tech,"machine-learning,javascript,content-writing,communication,finance",Agriculture,Chennai,7.7,False
C3890,Aarohi Malhotra,23,Female,General,Telangana,Karimnagar,False,False,B.Tech,"communication,machine-learning",IT,Kolkata,7.5,True
C3891,Jyoti Gaikwad,21,Female,General,Telangana,Medchal,False,False,BSc,"hr-management,excel,cad,python,supply-chain",Finance,Any,6.4,False
C3892,Neha Hussain,24,Female,General,Assam,Guwahati,False,False,BSc,"research,java",Energy,Kolkata,7.1,False
C3893,Dhruv Banerjee,23,Male,OBC,Uttar Pradesh,Siddharthnagar,True,False,B.Tech,"c++,digital-marketing,content-writing,graphic-design",Healthcare,Any,5.4,False
C3894,Saanvi Kumar,20,Female,General,Uttarakhand,Udham Singh Nagar,True,False,B.Com,"critical-thinking,graphic-design,marketing",Education,Coimbatore,8.1,False
C3895,Vivek Sharma,25,Male,ST,Goa,North Goa,False,False,B.Com,"graphic-design,c++,digital-marketing,machine-learning,leadership",IT,Any,7.9,True
C3896,Anil Agarwal,25,Male,SC,Chhattisgarh,Kondagaon,True,True,B.Com,"electrical,teamwork,hr-management,supply-chain",Finance,Any,6.7,False
C3897,Aarav Kapoor,22,Other,SC,Punjab,Jalandhar,False,False,MBA,"digital-marketing,critical-thinking,finance",Healthcare,Chandigarh,7.9,False
C3898,Sunita Jain,25,Female,OBC,Sikkim,West District,False,False,BSc,"finance,hr-management,research,teaching",Finance,Coimbatore,9.0,False
C3899,Komal Sen,24,Female,General,Assam,Hailakandi,False,False,MBA,"critical-thinking,data-analysis,teamwork",Manufacturing,Any,7.8,False
C3900,Rekha Desai,23,Female,OBC,West Bengal,Howrah,True,True,B.Tech,"leadership,graphic-design,java",IT,Ahmedabad,7.2,False
C3901,Vikram Kulkarni,24,Male,OBC,Ladakh,Leh,False,False,B.Tech,"critical-thinking,accounting,mechanical",Healthcare,Any,7.2,False
C3902,Kiara Pandey,25,Female,SC,Assam,Guwahati,False,True,MCA,"finance,teamwork,electrical,communication,mechanical",Agriculture,Chennai,7.3,False
C3903,Rakesh Jadhav,24,Male,OBC,Bihar,Sitamarhi,False,False,B.Tech,"c++,teaching,project-management",Agriculture,Lucknow,6.8,True
C3904,Manish Kapoor,22,Male,General,Uttarakhand,Haridwar,True,False,B.Tech,"graphic-design,sql,supply-chain,c++",Agriculture,Coimbatore,5.6,False
C3905,Sunita More,23,Female,General,Arunachal Pradesh,East Siang,False,True,MCA,"finance,accounting,javascript,machine-learning,project-management",Education,Any,5.9,False
C3906,Kiara Thakur,24,Female,General,Bihar,Sheikhpura,True,False,B.Tech,"hr-management,mechanical,machine-learning",Healthcare,Coimbatore,9.0,False
C3907,Manoj Mukherjee,24,Male,General,Meghalaya,West Garo Hills,False,False,MBA,"civil,digital-marketing,project-management",Education,Vadodara,7.5,True
C3908,Nikhil Singh,22,Male,OBC,Kerala,Kannur,False,False,B.Tech,"excel,mechanical,python",IT,Any,9.9,False
C3909,Manoj Nair,24,Male,General,Andhra Pradesh,Visakhapatnam,False,False,MBA,"hr-management,civil",Finance,Any,7.9,False
C3910,Siddharth Krishnan,22,Male,OBC,Goa,South Goa,False,False,B.Tech,"critical-thinking,civil,data-analysis",IT,Any,8.3,False
C3911,Deepa Chopra,25,Female,General,Kerala,Palakkad,True,False,B.Tech,"digital-marketing,mechanical,civil,c++",IT,Noida,7.9,False
C3912,Vandana Sharma,21,Female,EWS,Uttarakhand,Dehradun,False,False,B.Tech,"problem-solving,marketing,healthcare,project-management,python",Education,Gurgaon,6.3,False
C3913,Rajesh Bhatia,25,Male,OBC,Andhra Pradesh,Kurnool,False,True,BA,"graphic-design,python,teamwork",IT,Any,7.1,False
C3914,Arjun Krishnan,20,Male,General,Karnataka,Ballari,False,False,BA,"javascript,c++",Manufacturing,Nagpur,7.6,False
C3915,Preeti Kumar,24,Female,SC,Jammu and Kashmir,Srinagar,False,False,BBA,"agriculture,mechanical,digital-marketing",Agriculture,Any,9.3,True
C3916,Aadhya Ahmed,23,Female,OBC,Tripura,South Tripura,False,True,MCA,"accounting,supply-chain,hr-management,c++",Agriculture,Any,7.5,False
C3917,Morgan Iyer,25,Other,EWS,Rajasthan,Ajmer,False,True,B.Com,"marketing,teamwork",IT,Mumbai,7.3,False
C3918,Kavya Malhotra,23,Female,General,Jharkhand,Dumka,True,False,B.Com,"problem-solving,data-analysis,graphic-design",IT,Delhi,6.0,False
C3919,Vivaan Roy,24,Male,SC,Bihar,Aurangabad,True,True,B.Com,"accounting,graphic-design,civil,problem-solving",Education,Hyderabad,8.8,False
C3920,Yash Rao,25,Male,OBC,Nagaland,Mokokchung,True,False,B.Tech,"mechanical,cad,accounting",Manufacturing,Hyderabad,7.0,False
C3921,Yash Sen,20,Male,OBC,West Bengal,Murshidabad,True,True,BSc,"research,teaching",Agriculture,Any,8.2,True
C3922,Aanya Khan,22,Other,ST,Sikkim,South District,False,True,B.Tech,"marketing,java",IT,Any,7.7,False
C3923,Aanya Jain,24,Female,OBC,Tripura,North Tripura,False,True,B.Com,"hr-management,healthcare,digital-marketing",Healthcare,Pune,5.0,False
C3924,Rudra Siddiqui,20,Male,General,Madhya Pradesh,Guna,True,True,B.Com,"javascript,supply-chain,leadership,python,research",IT,Delhi,7.2,False
C3925,Rekha Mehta,22,Female,General,Tamil Nadu,Tirunelveli,False,False,B.Tech,"java,teamwork,digital-marketing,sql",Education,Gurgaon,6.6,False
C3926,Rekha Menon,25,Female,OBC,Madhya Pradesh,Barwani,True,False,MCA,"problem-solving,finance,supply-chain,marketing,leadership",Healthcare,Any,5.9,False
C3927,Rani Subramanian,22,Female,OBC,Gujarat,Bhavnagar,False,False,BA,"digital-marketing,accounting,java",Education,Any,8.3,True
C3928,Vivek Shah,25,Male,General,Andaman and Nicobar Islands,Nicobar,False,True,B.Com,"marketing,graphic-design,python",Healthcare,Indore,9.0,False
C3929,Navya Ali,25,Female,SC,Sikkim,South District,False,True,B.Tech,"cad,content-writing,excel",IT,Any,8.2,False
C3930,Anjali Jadhav,24,Female,OBC,Andaman and Nicobar Islands,Nicobar,True,False,B.Tech,"hr-management,teamwork,finance",IT,Any,5.2,False
C3931,Akash Jain,22,Male,General,Punjab,Ludhiana,False,True,B.Tech,"leadership,graphic-design,civil",Energy,Mumbai,5.7,False
C3932,Preeti Subramanian,25,Female,OBC,Meghalaya,West Garo Hills,False,False,B.Tech,"supply-chain,project-management,marketing,healthcare,finance",Agriculture,Any,5.6,False
C3933,Karan More,21,Male,ST,West Bengal,Paschim Bardhaman,False,False,MCA,"supply-chain,cad",Education,Indore,8.6,True
C3934,Riya Verma,20,Female,EWS,Ladakh,Kargil,False,False,B.Tech,"finance,agriculture,graphic-design",Manufacturing,Any,7.1,False
C3935,Ishaan Reddy,23,Male,SC,Telangana,Adilabad,False,True,BA,"civil,digital-marketing,python,graphic-design",Education,Kochi,6.0,True
C3936,Kavya Mirza,25,Female,SC,Tripura,Unakoti,False,False,MBA,"leadership,teamwork,machine-learning",Agriculture,Vadodara,7.2,False
C3937,Usha Rajan,22,Female,General,Jharkhand,Sahibganj,True,True,B.Tech,"teamwork,accounting,c++,electrical",IT,Coimbatore,9.1,False
C3938,Kavya Ahmed,21,Female,OBC,Puducherry,Mahe,False,False,B.Com,"teamwork,marketing,hr-management",Agriculture,Pune,6.1,False
C3939,Sonal Mishra,23,Female,OBC,Arunachal Pradesh,West Kameng,False,True,BA,"python,marketing,javascript,civil,finance",Agriculture,Noida,6.6,False
C3940,Kiara Pandey,25,Female,SC,Karnataka,Davanagere,False,True,MCA,"javascript,excel,accounting,digital-marketing,civil",IT,Vadodara,7.1,False
C3941,Advik Khan,21,Male,OBC,Tamil Nadu,Tirunelveli,False,False,MCA,"machine-learning,java,hr-management",IT,Any,7.3,False
C3942,Isha Agarwal,23,Female,OBC,Arunachal Pradesh,Namsai,False,False,BBA,"graphic-design,marketing,healthcare,supply-chain,mechanical",Healthcare,Pune,7.8,False
C3943,Aadhya Ahmed,21,Female,General,Maharashtra,Nandurbar,True,True,B.Tech,"c++,teamwork",IT,Any,8.8,False
C3944,Swati Iyer,23,Female,EWS,Odisha,Nuapada,False,False,B.Tech,"healthcare,civil,marketing",Agriculture,Noida,9.8,True
C3945,Jordan Roy,25,Other,SC,Bihar,Sitamarhi,True,True,B.Tech,"research,c++,healthcare,excel,problem-solving",Agriculture,Bangalore,7.4,False
C3946,Reyansh Arora,22,Male,OBC,Uttar Pradesh,Sonbhadra,False,False,BA,"project-management,javascript,c++,hr-management,machine-learning",Energy,Any,9.1,False
C3947,Anika Hegde,24,Female,EWS,Goa,North Goa,False,False,BA,"research,agriculture",IT,Any,9.9,False
C3948,Krishna Shah,23,Male,General,Mizoram,Aizawl,False,True,BA,"digital-marketing,leadership",IT,Any,6.8,False
C3949,Yash Agarwal,22,Male,General,Goa,North Goa,False,False,B.Tech,"digital-marketing,healthcare",Manufacturing,Hyderabad,8.2,False
C3950,Rakesh Hegde,25,Male,General,Telangana,Medchal,False,False,MBA,"excel,data-analysis,research,project-management",IT,Indore,5.0,False
C3951,Anita Mukherjee,25,Female,SC,Puducherry,Mahe,False,False,BBA,"teamwork,machine-learning,critical-thinking,java",IT,Any,6.7,False
C3952,Ayaan Menon,24,Male,General,Karnataka,Ballari,True,True,BSc,"sql,c++,marketing",Finance,Jaipur,6.7,False
C3953,Sara Shaikh,20,Female,General,Dadra and Nagar Haveli and Daman and Diu,Diu,False,True,B.Com,"communication,marketing,python",Finance,Jaipur,8.3,True
C3954,Siddharth More,20,Male,OBC,Tripura,North Tripura,False,False,BSc,"research,finance,supply-chain,digital-marketing,problem-solving",Healthcare,Lucknow,8.3,False
C3955,Priya Jain,21,Female,General,Arunachal Pradesh,Tawang,False,False,BA,"digital-marketing,leadership,electrical,communication,data-analysis",Education,Any,7.6,False
C3956,Aadi Siddiqui,24,Male,General,Karnataka,Ballari,False,True,B.Com,"hr-management,data-analysis,python,research",Finance,Chennai,7.8,False
C3957,Aarohi Shaikh,22,Female,OBC,Haryana,Nuh,False,True,BBA,"problem-solving,electrical,healthcare",IT,Any,7.5,False
C3958,Navya Yadav,23,Female,General,Assam,Barpeta,False,False,MBA,"critical-thinking,graphic-design",IT,Any,7.8,False
C3959,Tanvi Jadhav,23,Female,EWS,Jharkhand,Pakur,True,True,BA,"hr-management,supply-chain,accounting,machine-learning,healthcare",Manufacturing,Any,8.0,False
C3960,Geeta Hussain,21,Female,OBC,Manipur,Imphal East,False,False,B.Com,"critical-thinking,project-management",Manufacturing,Any,6.9,False
C3961,Pranav Patel,20,Male,General,Haryana,Karnal,False,False,BBA,"leadership,machine-learning",IT,Bhubaneswar,7.1,False
C3962,Karan Siddiqui,20,Male,OBC,Chhattisgarh,Bilaspur,False,True,BSc,"machine-learning,excel",Healthcare,Indore,6.6,False
C3963,Avni Dubey,24,Female,ST,Manipur,Imphal East,False,True,BA,"excel,sql,data-analysis,civil,agriculture",IT,Kochi,6.8,False
C3964,Bhavna Singh,25,Female,EWS,West Bengal,Nadia,False,True,MBA,"data-analysis,machine-learning,healthcare,content-writing,electrical",Energy,Any,7.9,False
C3965,Pari Patel,22,Female,General,Dadra and Nagar Haveli and Daman and Diu,Dadra and Nagar Haveli,False,True,BA,"healthcare,communication,excel,teaching,civil",IT,Chandigarh,6.3,False
C3966,Manisha Dubey,21,Female,OBC,Gujarat,Narmada,True,False,BSc,"critical-thinking,content-writing,finance,cad,excel",Manufacturing,Delhi,7.6,False
C3967,Sara Reddy,25,Female,General,Arunachal Pradesh,Papum Pare,False,True,B.Tech,"accounting,teamwork,teaching,project-management",IT,Any,6.3,False
C3968,Reyansh Qureshi,21,Male,OBC,Puducherry,Mahe,False,False,MCA,"data-analysis,excel",Agriculture,Delhi,7.7,False
C3969,Pari Jadhav,20,Female,OBC,Arunachal Pradesh,Namsai,True,True,MCA,"machine-learning,hr-management",IT,Pune,5.3,False
C3970,Pooja Sen,23,Female,OBC,Karnataka,Ballari,False,True,BBA,"content-writing,java,teaching,c++,teamwork",Agriculture,Gurgaon,9.3,False
C3971,Aarohi Reddy,21,Female,General,Chandigarh,Chandigarh,False,False,BA,"mechanical,accounting,cad",Manufacturing,Bangalore,8.9,False
C3972,Pallavi Mirza,21,Female,General,Telangana,Khammam,False,True,BSc,"critical-thinking,project-management,cad,agriculture,communication",IT,Pune,5.6,False
C3973,Bhavna Reddy,24,Female,General,Andaman and Nicobar Islands,South Andaman,False,True,MBA,"javascript,hr-management,teamwork",Education,Any,6.6,False
C3974,Avni Kapoor,20,Female,General,Ladakh,Kargil,False,False,MCA,"mechanical,critical-thinking,graphic-design,data-analysis,research",IT,Nagpur,7.6,False
C3975,Deepa Kumar,23,Female,General,Uttar Pradesh,Lucknow,False,False,B.Com,"mechanical,leadership,communication,graphic-design",Finance,Any,6.2,False
C3976,Abhishek Gupta,24,Male,General,Mizoram,Lunglei,False,False,BBA,"critical-thinking,marketing,leadership",Education,Any,5.6,False
C3977,Rani Shetty,20,Female,OBC,Maharashtra,Thane,False,False,MBA,"c++,excel,data-analysis",Energy,Delhi,5.6,False
C3978,Bhavna Ali,25,Female,OBC,Ladakh,Kargil,False,False,B.Com,"content-writing,excel,finance,research",Finance,Any,6.8,False
C3979,Aadhya Banerjee,23,Female,OBC,Tamil Nadu,Thanjavur,False,False,BBA,"data-analysis,digital-marketing,hr-management,electrical,agriculture",IT,Any,5.4,False
C3980,Pari Naidu,25,Female,EWS,Assam,Jorhat,False,True,B.Tech,"teamwork,content-writing,agriculture,excel,python",Manufacturing,Mumbai,6.8,False
C3981,Abhishek Qureshi,20,Male,SC,Arunachal Pradesh,Changlang,False,False,B.Com,"machine-learning,c++,graphic-design,mechanical,teamwork",IT,Coimbatore,6.9,False
C3982,Aditi Arora,23,Female,OBC,Karnataka,Raichur,True,True,B.Tech,"java,project-management,graphic-design",Healthcare,Any,8.2,False
C3983,Aarav Gaikwad,22,Male,SC,West Bengal,Jalpaiguri,False,True,B.Tech,"marketing,digital-marketing,machine-learning,electrical,mechanical",IT,Noida,7.8,False
C3984,Shreya Jain,25,Female,EWS,Himachal Pradesh,Shimla,False,True,B.Tech,"c++,java",Agriculture,Chandigarh,8.2,False
C3985,Rani Patel,25,Female,EWS,Telangana,Adilabad,False,True,MBA,"problem-solving,healthcare",IT,Any,7.9,False
C3986,Pankaj Tiwari,24,Male,EWS,Chandigarh,Chandigarh,False,False,MCA,"leadership,supply-chain,civil,research,electrical",Healthcare,Vadodara,8.0,False
C3987,Vivek Mehta,21,Male,General,Nagaland,Kiphire,False,False,B.Tech,"project-management,agriculture,teamwork,python,marketing",IT,Any,6.0,False
C3988,Sunil Chatterjee,23,Male,ST,West Bengal,Kolkata,True,False,B.Tech,"excel,hr-management",Agriculture,Any,7.2,False
C3989,Preeti Shaikh,23,Female,SC,Ladakh,Leh,False,False,BSc,"agriculture,cad,leadership",Education,Any,5.5,False
C3990,Aditi Roy,22,Female,General,Goa,North Goa,False,True,BBA,"marketing,excel,javascript,leadership,teaching",Education,Any,6.3,False
C3991,Avni Naidu,25,Female,ST,Meghalaya,East Garo Hills,False,False,BSc,"python,machine-learning,teamwork,electrical,civil",Education,Any,5.4,False
C3992,Abhishek Yadav,25,Male,OBC,Delhi,South West Delhi,False,True,MBA,"electrical,critical-thinking",Education,Any,6.6,False
C3993,Gaurav Ahmed,24,Male,General,Sikkim,Gangtok,False,True,B.Com,"communication,cad,leadership,accounting,electrical",Agriculture,Delhi,8.4,False
C3994,Arjun Agarwal,24,Male,General,Madhya Pradesh,Chhatarpur,True,True,B.Tech,"data-analysis,agriculture,sql,leadership",Finance,Nagpur,8.3,False
C3995,Ajay Rao,22,Male,OBC,Puducherry,Puducherry,False,True,B.Com,"finance,cad,accounting",IT,Jaipur,6.9,True
C3996,Rudra Singh,22,Male,OBC,Meghalaya,Ribhoi,False,False,B.Tech,"research,digital-marketing,accounting,graphic-design,content-writing",Finance,Chennai,7.0,False
C3997,Shaurya Thakur,23,Male,OBC,Goa,North Goa,True,False,BBA,"teaching,critical-thinking,research,java",Healthcare,Kochi,7.4,False
C3998,Sunil Kulkarni,21,Male,OBC,Telangana,Rangareddy,False,False,MBA,"c++,supply-chain,python,communication",IT,Lucknow,8.9,False
C3999,Ritu Gaikwad,22,Female,SC,Lakshadweep,Kavaratti,False,False,MBA,"agriculture,python",IT,Kochi,6.8,True
C4000,Rakesh Yadav,24,Male,OBC,Assam,Hailakandi,False,False,B.Com,"project-management,communication,excel,electrical,c++",IT,Vadodara,7.6,False
C4001,Varun Qureshi,24,Male,SC,Assam,Hailakandi,True,False,MCA,"sql,problem-solving,mechanical,javascript,electrical",IT,Jaipur,8.1,True
C4002,Aadi Khanna,22,Male,General,West Bengal,Nadia,True,False,BA,"sql,python",Energy,Lucknow,8.0,False
C4003,Anil Jain,24,Male,OBC,Jharkhand,Latehar,False,False,MCA,"teaching,teamwork,data-analysis,research,leadership",Healthcare,Vadodara,9.5,False
C4004,Aarohi Ahmed,23,Female,General,Mizoram,Champhai,False,False,BSc,"problem-solving,agriculture",IT,Any,6.6,False
C4005,Kiara Chatterjee,25,Female,EWS,Andhra Pradesh,Y.S.R. Kadapa,False,False,BBA,"c++,critical-thinking,accounting,python,mechanical",Energy,Any,6.8,False
C4006,Jyoti Desai,25,Female,ST,Kerala,Wayanad,True,True,B.Tech,"sql,content-writing",Agriculture,Any,7.1,False
C4007,Suman Mishra,20,Female,SC,Meghalaya,Jaintia Hills,False,False,B.Tech,"healthcare,data-analysis,python",IT,Delhi,5.2,False
C4008,Asha Pandey,24,Female,General,Arunachal Pradesh,Tawang,True,True,BA,"mechanical,c++,leadership",IT,Any,8.6,False
C4009,Bhavna Mirza,23,Female,General,Assam,Goalpara,False,False,BA,"content-writing,java,cad,data-analysis,marketing",Finance,Gurgaon,6.9,False
C4010,Vandana Menon,25,Female,SC,Tamil Nadu,Tiruchirappalli,False,False,BA,"content-writing,finance,supply-chain,critical-thinking,javascript",Healthcare,Chennai,8.8,False
C4011,Rohan Bhatia,20,Male,OBC,Andaman and Nicobar Islands,North and Middle Andaman,False,True,BBA,"excel,javascript",Healthcare,Any,8.9,False
C4012,Anita Yadav,25,Female,OBC,Andaman and Nicobar Islands,South Andaman,False,False,BA,"teaching,marketing,java,critical-thinking,machine-learning",Finance,Any,6.4,False
C4013,Geeta Mishra,25,Female,ST,Goa,South Goa,False,True,BSc,"leadership,machine-learning,sql",Education,Pune,6.4,False
C4014,Bhavna Nair,22,Female,General,Telangana,Warangal,False,False,MCA,"mechanical,critical-thinking,cad,healthcare,communication",Agriculture,Delhi,7.3,False
C4015,Dhruv Dubey,25,Male,SC,Punjab,Amritsar,False,False,B.Tech,"cad,c++,agriculture,python",Finance,Chandigarh,8.0,False
C4016,Akash Siddiqui,25,Male,ST,Kerala,Thiruvananthapuram,False,True,BA,"accounting,excel,teamwork,java",Healthcare,Any,7.6,False
C4017,Vihaan Mirza,21,Male,OBC,Telangana,Nizamabad,False,False,MCA,"supply-chain,graphic-design,teaching,critical-thinking",IT,Mumbai,5.3,False
C4018,Tanvi Mukherjee,24,Female,General,Haryana,Gurugram,False,False,B.Com,"data-analysis,javascript,healthcare,civil",Healthcare,Any,6.3,False
C4019,Sonal Jadhav,24,Female,General,Tamil Nadu,Tirunelveli,False,False,B.Com,"accounting,data-analysis,research,teamwork,machine-learning",Finance,Any,7.7,False
C4020,Pari Farooqui,20,Female,OBC,Jammu and Kashmir,Kupwara,True,False,B.Tech,"data-analysis,python,marketing,supply-chain,healthcare",IT,Chandigarh,6.0,False
C4021,Navya Mukherjee,23,Female,General,Andaman and Nicobar Islands,Nicobar,False,False,B.Tech,"marketing,supply-chain,teamwork,content-writing",Agriculture,Any,5.9,True
C4022,Varun Ghosh,25,Male,General,Tamil Nadu,Tiruchirappalli,False,True,B.Tech,"java,cad,teamwork,hr-management,research",Education,Bhubaneswar,6.6,False
C4023,Manish More,23,Male,OBC,Goa,South Goa,False,False,BBA,"accounting,teaching,communication,digital-marketing",Healthcare,Lucknow,6.0,False
C4024,Rani Pandey,24,Female,EWS,Andhra Pradesh,Visakhapatnam,True,False,BSc,"healthcare,electrical,supply-chain,problem-solving,java",Education,Kolkata,7.9,False
C4025,Shreya Hussain,25,Female,General,Karnataka,Bengaluru Urban,False,False,BBA,"graphic-design,sql,supply-chain,critical-thinking",IT,Any,6.9,False
C4026,Asha Joshi,23,Female,General,Meghalaya,Ribhoi,False,False,B.Tech,"marketing,c++,research",IT,Jaipur,5.8,False
C4027,Vandana Desai,23,Female,General,Andaman and Nicobar Islands,North and Middle Andaman,False,False,BSc,"sql,problem-solving",Manufacturing,Nagpur,9.9,False
C4028,Rudra Hegde,25,Male,EWS,Haryana,Panipat,False,False,BBA,"sql,marketing,problem-solving",Finance,Ahmedabad,6.4,False
C4029,Ajay Joshi,22,Male,ST,Madhya Pradesh,Ujjain,False,False,B.Tech,"python,hr-management,communication,machine-learning",Education,Hyderabad,6.8,False
C4030,Ankit Mukherjee,22,Male,General,Lakshadweep,Agatti,False,True,MCA,"leadership,c++,critical-thinking",Energy,Hyderabad,6.7,False
C4031,Siddharth Pillai,23,Male,ST,Nagaland,Kiphire,False,False,B.Com,"teaching,mechanical,java,data-analysis",Agriculture,Bangalore,8.2,False
C4032,Rohan Pandey,22,Male,OBC,Bihar,Banka,False,False,BBA,"agriculture,hr-management",Energy,Any,5.0,False
C4033,Diya Singh,23,Female,EWS,Gujarat,Rajkot,False,False,B.Tech,"excel,machine-learning,javascript,critical-thinking",Agriculture,Delhi,8.1,True
C4034,Swati Patil,21,Female,General,Uttar Pradesh,Fatehpur,False,False,BBA,"civil,mechanical,critical-thinking,teaching,electrical",IT,Any,7.4,False
C4035,Ritu Kulkarni,22,Female,OBC,Karnataka,Raichur,True,False,MBA,"electrical,leadership",Finance,Lucknow,5.6,False
C4036,Aarohi Chatterjee,24,Female,OBC,Lakshadweep,Agatti,False,True,B.Tech,"finance,healthcare",Finance,Any,5.0,False
C4037,Vikram Rajan,21,Male,SC,Nagaland,Mokokchung,False,False,BA,"python,critical-thinking",IT,Hyderabad,6.9,False
C4038,Abhishek Malhotra,20,Male,EWS,Manipur,Churachandpur,False,False,B.Com,"problem-solving,python,machine-learning",Education,Indore,5.9,False
C4039,Kiara Dubey,22,Female,OBC,West Bengal,Paschim Bardhaman,False,False,BSc,"sql,hr-management,digital-marketing,communication,graphic-design",Manufacturing,Mumbai,9.9,False
C4040,Dhruv Banerjee,24,Male,ST,Kerala,Kollam,True,False,BA,"marketing,problem-solving,javascript",Manufacturing,Any,6.2,True
C4041,Pranav Agarwal,25,Male,General,Uttar Pradesh,Prayagraj,True,True,MBA,"accounting,critical-thinking,project-management,java",Manufacturing,Ahmedabad,6.0,False
C4042,Manisha Shah,22,Female,OBC,Rajasthan,Dholpur,True,False,BBA,"agriculture,sql,communication",Agriculture,Bangalore,7.4,False
C4043,Suman Shaikh,20,Female,SC,Chandigarh,Chandigarh,False,True,BA,"healthcare,teamwork,python,critical-thinking",Finance,Any,6.3,False
C4044,Shreya Reddy,24,Female,General,Gujarat,Surat,False,False,B.Com,"mechanical,sql,cad",Agriculture,Coimbatore,6.5,False
C4045,Sam Kulkarni,25,Other,OBC,Andhra Pradesh,Vizianagaram,True,False,MBA,"content-writing,c++,problem-solving,python",Finance,Nagpur,7.3,True
C4046,Rahul Ansari,25,Male,SC,Haryana,Ambala,False,False,BSc,"research,mechanical,finance,critical-thinking,marketing",Finance,Coimbatore,7.6,False
C4047,Aryan Iyer,25,Male,OBC,Chhattisgarh,Kondagaon,True,True,BSc,"leadership,problem-solving",IT,Lucknow,9.9,False
C4048,Bhavna Ahmed,23,Female,OBC,Jammu and Kashmir,Jammu,False,False,MBA,"marketing,agriculture,data-analysis",IT,Any,5.9,False
C4049,Divya Shetty,20,Female,General,Assam,Baksa,True,False,B.Com,"supply-chain,machine-learning",IT,Any,7.5,False
C4050,Nisha Pillai,21,Female,EWS,Delhi,New Delhi,True,False,B.Tech,"project-management,teaching,teamwork,civil,digital-marketing",IT,Kolkata,8.0,False
C4051,Aditi Chopra,23,Female,OBC,Tamil Nadu,Erode,False,True,MCA,"graphic-design,supply-chain",IT,Bangalore,7.9,False
C4052,Anika Choudhary,22,Female,General,Uttarakhand,Haridwar,True,False,MBA,"marketing,problem-solving,sql,javascript",Energy,Ahmedabad,6.8,False
C4053,Kavita Qureshi,24,Female,ST,Delhi,North East Delhi,False,False,B.Tech,"civil,digital-marketing,hr-management,supply-chain",IT,Any,5.7,False
C4054,Manisha Shah,20,Female,SC,Uttarakhand,Champawat,False,True,B.Tech,"critical-thinking,project-management",Education,Any,7.9,False
C4055,Sneha Reddy,22,Female,OBC,Karnataka,Raichur,True,False,B.Tech,"supply-chain,java,accounting,content-writing",Education,Any,7.6,False
C4056,Sachin Ahmed,24,Male,General,Madhya Pradesh,Vidisha,True,True,BBA,"teaching,hr-management",IT,Lucknow,9.3,False
C4057,Vivaan Khanna,21,Male,ST,Tamil Nadu,Kanchipuram,False,False,BBA,"agriculture,problem-solving,graphic-design",IT,Pune,6.7,False
C4058,Rudra Kumar,22,Male,General,Telangana,Khammam,False,True,MBA,"mechanical,electrical,teaching,critical-thinking,machine-learning",Healthcare,Indore,7.2,False
C4059,Akash Ali,25,Male,EWS,Gujarat,Bhavnagar,False,True,B.Tech,"communication,javascript",IT,Indore,7.6,False
C4060,Ishaan Nair,25,Male,General,Gujarat,Surat,True,False,BBA,"cad,java",Finance,Indore,6.8,False
C4061,Dhruv Hegde,23,Male,General,Dadra and Nagar Haveli and Daman and Diu,Daman,False,True,B.Tech,"supply-chain,leadership,c++,machine-learning,agriculture",Healthcare,Any,7.6,False
C4062,Anil Jadhav,24,Male,OBC,Karnataka,Kalaburagi,True,True,B.Tech,"digital-marketing,javascript,civil,research",Manufacturing,Any,6.4,True
C4063,Karan Krishnan,21,Male,ST,Goa,South Goa,False,True,B.Tech,"healthcare,marketing,agriculture,cad",Agriculture,Indore,6.8,False
C4064,Vikram Das,25,Male,General,Assam,Cachar,False,False,BBA,"teamwork,agriculture,hr-management,data-analysis",IT,Mumbai,7.5,False
C4065,Sonal Bose,21,Female,EWS,Nagaland,Tuensang,False,False,B.Com,"marketing,project-management,sql,digital-marketing,java",Finance,Any,8.4,False
C4066,Pallavi Jain,24,Female,ST,Bihar,Sitamarhi,False,False,B.Tech,"healthcare,problem-solving,civil,finance,excel",Manufacturing,Any,7.5,False
C4067,Manisha Kulkarni,22,Female,OBC,Manipur,Chandel,True,False,BSc,"excel,c++,agriculture",Manufacturing,Any,7.3,False
C4068,Jyoti Bhatia,21,Female,OBC,Himachal Pradesh,Mandi,False,False,B.Com,"communication,digital-marketing",Healthcare,Bangalore,6.1,False
C4069,Pooja Nair,21,Female,EWS,Bihar,Muzaffarpur,True,True,B.Tech,"marketing,digital-marketing,python",Healthcare,Chandigarh,8.5,False
C4070,Manisha Naidu,21,Female,SC,Meghalaya,East Khasi Hills,False,True,BBA,"healthcare,electrical,teamwork,excel",Education,Lucknow,8.9,False
C4071,Sneha Bose,24,Female,General,Karnataka,Yadgir,False,False,B.Tech,"problem-solving,digital-marketing,graphic-design",Education,Gurgaon,7.1,False
C4072,Mohit Naidu,25,Male,SC,Uttar Pradesh,Noida,False,True,B.Tech,"agriculture,supply-chain,javascript,critical-thinking,content-writing",Agriculture,Any,8.2,False
C4073,Tanvi Banerjee,25,Female,General,West Bengal,Howrah,True,False,BBA,"agriculture,machine-learning",Healthcare,Vadodara,7.8,False
C4074,Pranav Dubey,25,Male,OBC,Delhi,New Delhi,False,False,B.Com,"critical-thinking,c++,communication,electrical,teaching",Energy,Kochi,7.9,False
C4075,Sonal Joshi,24,Female,General,Goa,South Goa,False,True,BBA,"communication,accounting,problem-solving,graphic-design",IT,Nagpur,6.8,False
C4076,Amit Rao,21,Male,General,Himachal Pradesh,Kangra,False,False,BBA,"sql,agriculture,hr-management,teamwork",Education,Bhubaneswar,6.3,False
C4077,Saanvi Desai,23,Female,SC,Ladakh,Kargil,False,False,B.Tech,"critical-thinking,leadership,java,graphic-design,communication",Manufacturing,Any,9.0,False
C4078,Riya Mishra,25,Other,SC,Madhya Pradesh,Guna,False,True,B.Tech,"sql,accounting,excel,communication,javascript",IT,Bangalore,8.1,False
C4079,Manoj Hussain,23,Male,EWS,Arunachal Pradesh,Changlang,False,True,BSc,"digital-marketing,accounting",Healthcare,Coimbatore,8.5,False
C4080,Kiara Sen,21,Female,SC,Karnataka,Kalaburagi,False,False,B.Tech,"javascript,c++,teaching,finance,machine-learning",Healthcare,Any,7.2,False
C4081,Anil Sharma,21,Male,OBC,Delhi,Shahdara,False,False,B.Tech,"hr-management,data-analysis,agriculture,problem-solving",Finance,Indore,7.7,False
C4082,Sneha Ali,22,Female,OBC,Ladakh,Leh,False,False,B.Com,"digital-marketing,healthcare,excel",Healthcare,Nagpur,6.5,False
C4083,Mohit Bose,21,Male,OBC,Chhattisgarh,Kanker,True,False,B.Tech,"problem-solving,excel,marketing,graphic-design,cad",Manufacturing,Any,7.7,False
C4084,Rahul Agarwal,23,Male,ST,Nagaland,Dimapur,False,True,BA,"civil,supply-chain,teaching",Healthcare,Hyderabad,7.5,False
C4085,Ajay Shah,25,Male,OBC,Bihar,Jamui,False,False,B.Com,"excel,java,machine-learning,problem-solving",Agriculture,Kolkata,6.0,True
C4086,Ritu Patel,20,Female,ST,Jammu and Kashmir,Kupwara,True,False,B.Com,"accounting,c++,leadership,mechanical",IT,Any,6.6,False
C4087,Ajay Agarwal,20,Male,ST,Tamil Nadu,Chennai,False,False,MCA,"finance,healthcare,accounting,sql",IT,Chennai,8.4,False
C4088,Rajesh Qureshi,21,Male,General,Tripura,Dhalai,False,True,B.Tech,"marketing,communication",Finance,Any,5.9,False
C4089,Harsh Yadav,20,Male,ST,Rajasthan,Bharatpur,False,False,B.Tech,"teamwork,mechanical,project-management",Finance,Ahmedabad,9.2,False
C4090,Anil Mirza,21,Male,OBC,Karnataka,Mysuru,True,True,BSc,"supply-chain,leadership",Healthcare,Any,6.2,False
C4091,Gaurav Shah,21,Male,ST,Karnataka,Ballari,False,False,B.Tech,"agriculture,digital-marketing,leadership,hr-management",Education,Chennai,9.9,False
C4092,Aadi Jain,21,Male,General,Punjab,Patiala,False,False,B.Com,"finance,marketing",Education,Delhi,8.3,False
C4093,Vikram Ansari,21,Male,OBC,Gujarat,Gandhinagar,False,False,B.Tech,"graphic-design,communication",Energy,Kochi,6.7,False
C4094,Riya Mukherjee,25,Other,General,West Bengal,Jalpaiguri,False,False,B.Tech,"javascript,supply-chain,python,accounting",Finance,Bhubaneswar,7.2,False
C4095,Neha Khan,20,Female,SC,Madhya Pradesh,Gwalior,False,False,B.Tech,"python,cad,project-management",Energy,Any,7.0,False
C4096,Aadhya Mukherjee,22,Female,General,Haryana,Gurugram,False,True,B.Tech,"graphic-design,agriculture,python,marketing",Finance,Noida,6.8,False
C4097,Anil Shaikh,20,Male,OBC,Andhra Pradesh,Chittoor,False,False,MCA,"supply-chain,problem-solving,healthcare",IT,Chandigarh,7.9,False
C4098,Atharv Sharma,23,Male,General,Goa,South Goa,False,False,BSc,"supply-chain,cad,project-management",Finance,Indore,8.1,False
C4099,Sunita Subramanian,20,Female,General,Andhra Pradesh,Kurnool,False,False,BSc,"finance,digital-marketing,marketing,civil",Agriculture,Any,6.1,True
C4100,Meera Dubey,22,Female,ST,Puducherry,Mahe,False,False,BA,"communication,content-writing",IT,Coimbatore,7.1,True
C4101,Manoj Jadhav,25,Male,General,Assam,Hailakandi,False,False,BBA,"agriculture,finance,marketing",IT,Any,7.0,False
C4102,Reyansh Kumar,24,Male,ST,West Bengal,Jalpaiguri,False,False,BA,"teamwork,content-writing",Healthcare,Chennai,6.4,False
C4103,Atharv Singh,24,Male,SC,Jammu and Kashmir,Pulwama,True,False,B.Tech,"excel,digital-marketing,marketing",IT,Any,7.3,False
C4104,Suman Thakur,23,Female,SC,Ladakh,Kargil,False,True,BSc,"civil,critical-thinking,hr-management,data-analysis",Finance,Bhubaneswar,7.4,True
C4105,Pari Kumar,25,Female,EWS,Rajasthan,Jaisalmer,True,False,BA,"teaching,sql,supply-chain,leadership,critical-thinking",Education,Delhi,8.0,False
C4106,Arjun Gaikwad,25,Male,SC,Mizoram,Aizawl,False,True,BA,"hr-management,c++",IT,Bhubaneswar,7.2,True
C4107,Vivaan Khan,24,Male,General,Sikkim,West District,True,False,MBA,"agriculture,python,supply-chain,electrical,graphic-design",Manufacturing,Any,7.7,False
C4108,Nikhil Jain,25,Male,OBC,Jharkhand,Bokaro,True,True,BA,"teamwork,research,marketing,project-management",IT,Nagpur,6.7,False
C4109,Dhruv Yadav,25,Male,ST,Lakshadweep,Kavaratti,True,False,B.Com,"healthcare,agriculture,teamwork,content-writing,accounting",Manufacturing,Kolkata,7.6,False
C4110,Aanya Sen,21,Female,SC,Gujarat,Rajkot,False,False,MBA,"accounting,healthcare,communication,digital-marketing",IT,Any,7.9,False
C4111,Sara Gupta,25,Female,SC,Arunachal Pradesh,Tawang,False,False,BSc,"teaching,content-writing,teamwork",Finance,Delhi,6.8,False
C4112,Amit Jain,24,Male,EWS,Telangana,Khammam,False,False,BBA,"electrical,project-management,digital-marketing,data-analysis,civil",IT,Vadodara,6.8,False
C4113,Arjun Patel,24,Male,General,Tamil Nadu,Ramanathapuram,True,False,BSc,"agriculture,excel",IT,Any,7.5,False
C4114,Priya Pillai,22,Female,General,Tripura,West Tripura,False,False,B.Com,"research,electrical",IT,Any,7.6,False
C4115,Shalini Menon,24,Female,General,Meghalaya,Jaintia Hills,False,False,B.Tech,"c++,mechanical,teamwork",Agriculture,Kochi,6.8,True
C4116,Diya Gupta,22,Female,General,Rajasthan,Jaisalmer,True,False,B.Com,"mechanical,leadership,finance",IT,Coimbatore,6.7,False
C4117,Pranav Subramanian,24,Male,OBC,Mizoram,Aizawl,False,True,BSc,"java,sql,problem-solving",IT,Kochi,9.0,True
C4118,Pooja Tiwari,24,Female,General,Telangana,Mahabubnagar,False,True,MBA,"supply-chain,marketing",Education,Any,7.0,True
C4119,Pankaj Shetty,24,Male,General,Meghalaya,Ribhoi,False,True,BBA,"civil,leadership,communication",IT,Mumbai,7.5,False
C4120,Karan Pandey,20,Male,OBC,Rajasthan,Bharatpur,True,False,B.Com,"finance,project-management",IT,Pune,7.6,False
C4121,Usha Shaikh,23,Female,ST,Telangana,Hyderabad,False,True,BBA,"excel,civil,mechanical,communication,research",Education,Bangalore,7.7,False
C4122,Priya Singh,20,Female,General,Chandigarh,Chandigarh,False,True,BSc,"problem-solving,agriculture,accounting,data-analysis",Energy,Any,5.9,False
C4123,Rekha Pandey,23,Female,SC,Arunachal Pradesh,East Siang,False,True,B.Com,"digital-marketing,civil,critical-thinking",Manufacturing,Ahmedabad,7.7,False
C4124,Ananya Mukherjee,23,Female,OBC,Goa,South Goa,False,False,BSc,"c++,critical-thinking,problem-solving,finance",Agriculture,Lucknow,8.4,False
C4125,Isha Verma,24,Female,SC,Jammu and Kashmir,Baramulla,False,True,MCA,"electrical,accounting,civil,excel",IT,Lucknow,6.5,False
C4126,Shalini Shah,24,Female,General,Manipur,Bishnupur,False,False,BSc,"data-analysis,c++",IT,Any,6.6,True
C4127,Ritu Khanna,22,Female,EWS,Nagaland,Mokokchung,False,True,B.Tech,"machine-learning,digital-marketing,leadership",Healthcare,Vadodara,5.0,False
C4128,Sanjay Pandey,24,Male,General,Arunachal Pradesh,Tawang,False,False,MBA,"hr-management,marketing,mechanical",IT,Any,8.0,False
C4129,Nikhil Khan,24,Male,ST,Haryana,Faridabad,False,False,B.Tech,"agriculture,digital-marketing,machine-learning,leadership",Healthcare,Chennai,9.9,False
C4130,Neha Ahmed,21,Female,SC,Tamil Nadu,Kanchipuram,False,True,BA,"digital-marketing,marketing,java",Finance,Chennai,8.0,False
C4131,Tanvi Shetty,23,Female,General,Arunachal Pradesh,Namsai,True,False,BA,"hr-management,javascript,mechanical",Manufacturing,Ahmedabad,8.0,False
C4132,Rekha Hegde,25,Female,General,Odisha,Koraput,False,False,BSc,"data-analysis,electrical,civil,teamwork,teaching",IT,Hyderabad,5.7,False
C4133,Shreya Pillai,20,Female,ST,Uttar Pradesh,Chitrakoot,True,False,B.Tech,"teaching,hr-management,leadership",IT,Delhi,6.3,False
C4134,Deepa Kumar,21,Female,OBC,Ladakh,Leh,False,True,BBA,"supply-chain,mechanical,critical-thinking,python,civil",Agriculture,Gurgaon,6.8,False
C4135,Aditya Ahmed,21,Male,ST,Tripura,Dhalai,True,False,BA,"graphic-design,marketing,java,problem-solving",IT,Coimbatore,6.7,False
C4136,Meera Mehta,25,Female,OBC,Rajasthan,Jaipur,False,True,B.Tech,"machine-learning,content-writing,marketing,healthcare",Finance,Any,7.0,False
C4137,Atharv Jadhav,20,Male,General,Manipur,Bishnupur,False,True,BSc,"c++,healthcare,communication,supply-chain,finance",Finance,Hyderabad,7.1,False
C4138,Pallavi More,24,Female,OBC,Madhya Pradesh,Ujjain,False,False,B.Tech,"project-management,communication",Manufacturing,Any,6.1,False
C4139,Laxmi Rajan,25,Female,OBC,Punjab,Jalandhar,True,False,B.Tech,"communication,machine-learning,c++,graphic-design",Healthcare,Gurgaon,5.0,False
C4140,Asha Ansari,24,Female,OBC,Karnataka,Kalaburagi,False,True,BSc,"healthcare,mechanical,problem-solving,graphic-design",Energy,Noida,6.4,False
C4141,Geeta Ansari,20,Female,OBC,Assam,Darrang,True,False,MBA,"civil,teaching",Agriculture,Chandigarh,5.0,False
C4142,Ankit Patel,21,Male,General,Manipur,Bishnupur,False,True,BBA,"sql,teaching,digital-marketing",IT,Any,6.3,False
C4143,Laxmi Desai,25,Female,General,Chandigarh,Chandigarh,False,True,BSc,"healthcare,cad,hr-management",Education,Any,5.2,False
C4144,Rekha Bose,25,Female,General,Puducherry,Yanam,False,False,B.Com,"research,sql",Manufacturing,Any,8.5,False
C4145,Reyansh Ahmed,23,Male,General,Nagaland,Kohima,False,False,B.Com,"python,mechanical,c++,finance,javascript",Healthcare,Pune,5.6,False
C4146,Vivek Joshi,24,Male,OBC,Gujarat,Gandhinagar,False,True,B.Com,"excel,supply-chain",IT,Mumbai,6.4,False
C4147,Laxmi Qureshi,20,Female,OBC,Haryana,Faridabad,False,False,MCA,"c++,project-management,digital-marketing,marketing,civil",IT,Bhubaneswar,8.5,False
C4148,Swati Ahmed,21,Female,OBC,Gujarat,Vadodara,True,False,B.Tech,"leadership,project-management",IT,Any,7.4,False
C4149,Sai Ansari,22,Male,EWS,Gujarat,Kutch,False,False,B.Com,"graphic-design,content-writing,leadership,cad",Manufacturing,Chennai,6.2,False
C4150,Aarohi Chatterjee,22,Female,General,Odisha,Kandhamal,False,True,BBA,"excel,content-writing,supply-chain",Education,Pune,9.8,False
C4151,Divya Kumar,20,Female,General,Madhya Pradesh,Jabalpur,False,False,BSc,"teaching,finance,graphic-design",Finance,Delhi,8.4,False
C4152,Ankit Hegde,23,Male,ST,Goa,South Goa,False,True,MCA,"civil,project-management,agriculture,excel,sql",Manufacturing,Any,7.4,False
C4153,Sonal Choudhary,22,Female,ST,Telangana,Nalgonda,False,False,B.Tech,"accounting,electrical,graphic-design",Agriculture,Mumbai,6.6,False
C4154,Anil Rajan,23,Male,General,Punjab,Moga,True,True,B.Tech,"hr-management,healthcare",Manufacturing,Any,9.4,False
C4155,Karan Shetty,23,Male,OBC,Madhya Pradesh,Damoh,True,True,B.Tech,"civil,leadership,research,content-writing",IT,Vadodara,7.3,True
C4156,Dhruv Mirza,23,Male,ST,Tamil Nadu,Vellore,False,False,MBA,"electrical,civil",Agriculture,Kochi,6.7,False
C4157,Pooja Nair,25,Female,OBC,Assam,Kamrup,False,True,BSc,"javascript,agriculture,finance,sql,accounting",IT,Noida,8.6,False
C4158,Laxmi Chatterjee,21,Female,OBC,Telangana,Khammam,False,True,B.Tech,"content-writing,project-management",Manufacturing,Any,6.0,False
C4159,Usha Singh,21,Female,SC,Haryana,Faridabad,False,False,MBA,"machine-learning,research,hr-management",Education,Any,6.6,False
C4160,Pallavi Khan,20,Female,General,Meghalaya,East Garo Hills,False,False,B.Com,"data-analysis,cad,problem-solving,leadership",Finance,Any,7.6,False
C4161,Shalini Joshi,23,Female,General,Nagaland,Kiphire,True,False,BBA,"java,javascript",IT,Pune,7.9,False
C4162,Nikhil Roy,23,Male,General,Tamil Nadu,Chennai,False,False,BSc,"c++,python,excel",IT,Any,8.2,True
C4163,Aryan Arora,25,Male,SC,Assam,Barpeta,False,False,B.Com,"healthcare,graphic-design",Manufacturing,Jaipur,8.2,False
C4164,Rekha Ansari,21,Female,OBC,Sikkim,North District,False,True,BA,"supply-chain,marketing",Energy,Any,8.0,False
C4165,Vikram Mishra,21,Male,EWS,Assam,Hailakandi,False,False,MCA,"sql,accounting,agriculture,supply-chain,c++",Energy,Nagpur,6.0,False
C4166,Deepa Hegde,23,Female,General,Maharashtra,Thane,False,False,BBA,"mechanical,finance,electrical,project-management,supply-chain",Education,Jaipur,6.5,True
C4167,Swati Arora,23,Female,General,Arunachal Pradesh,Tawang,False,False,B.Tech,"machine-learning,communication,sql",Healthcare,Any,8.1,False
C4168,Pranav Gupta,20,Male,General,Andaman and Nicobar Islands,South Andaman,False,False,B.Tech,"hr-management,accounting",Finance,Any,8.2,False
C4169,Vandana Jain,22,Female,General,Jharkhand,Gumla,True,False,BBA,"project-management,excel",Finance,Any,8.8,False
C4170,Riya Gupta,20,Female,ST,Telangana,Khammam,False,False,MBA,"accounting,sql,javascript,communication",Education,Coimbatore,6.0,False
C4171,Kiara Pandey,20,Female,General,Delhi,North Delhi,False,True,MBA,"supply-chain,accounting",IT,Hyderabad,6.2,False
C4172,Sai Ansari,20,Male,General,Uttar Pradesh,Moradabad,False,False,MCA,"supply-chain,finance",Education,Pune,9.9,False
C4173,Deepa Rao,25,Female,General,Punjab,Patiala,False,True,BBA,"civil,content-writing,java,electrical",Agriculture,Bangalore,7.1,False
C4174,Geeta Gupta,25,Female,General,Jammu and Kashmir,Rajouri,False,True,B.Tech,"excel,teamwork",Manufacturing,Kolkata,8.9,False
C4175,Jyoti Naidu,24,Female,General,Manipur,Chandel,True,True,B.Tech,"mechanical,problem-solving,agriculture",Healthcare,Kolkata,8.5,False
C4176,Anjali Rao,24,Female,General,Jammu and Kashmir,Udhampur,False,True,BA,"research,civil,accounting",Healthcare,Noida,8.0,False
C4177,Sanjay Shetty,21,Male,OBC,Andhra Pradesh,Krishna,False,False,B.Com,"python,communication",Healthcare,Any,8.8,False
C4178,Vivek Pillai,22,Male,SC,Lakshadweep,Agatti,False,False,B.Com,"teaching,hr-management,healthcare",Energy,Any,7.1,False
C4179,Suman Verma,23,Female,General,Chhattisgarh,Korba,False,True,MBA,"supply-chain,teaching,leadership",Energy,Gurgaon,8.5,False
C4180,Sunita More,24,Female,SC,Tripura,West Tripura,False,True,B.Tech,"marketing,graphic-design",Agriculture,Any,9.3,False
C4181,Navya Shah,22,Female,General,Assam,Kamrup,False,True,B.Com,"teaching,critical-thinking,mechanical",Healthcare,Lucknow,7.4,False
C4182,Rahul Siddiqui,23,Male,General,Sikkim,Gangtok,False,False,MBA,"civil,mechanical,communication,teamwork,research",Finance,Bhubaneswar,8.8,False
C4183,Manish Arora,21,Male,SC,Maharashtra,Mumbai,False,True,BA,"digital-marketing,accounting",Agriculture,Any,5.4,False
C4184,Sai Naidu,23,Male,ST,Goa,South Goa,False,False,MBA,"mechanical,java,critical-thinking,sql",Manufacturing,Coimbatore,7.2,True
C4185,Suman More,21,Female,OBC,Andhra Pradesh,Krishna,False,False,MBA,"content-writing,machine-learning,civil",Finance,Any,7.9,False
C4186,Ananya Joshi,24,Female,ST,Mizoram,Champhai,True,False,B.Tech,"civil,sql,mechanical",Manufacturing,Any,6.5,False
C4187,Vivek Choudhary,22,Male,General,Kerala,Kottayam,False,True,BSc,"excel,java",Finance,Delhi,5.1,False
C4188,Aarav Pillai,24,Male,General,Dadra and Nagar Haveli and Daman and Diu,Dadra and Nagar Haveli,False,False,B.Tech,"excel,accounting",IT,Lucknow,7.4,False
C4189,Anika Joshi,25,Female,General,Tamil Nadu,Erode,False,False,B.Com,"marketing,content-writing,python",Finance,Any,6.2,False
C4190,Geeta Hussain,20,Female,General,Goa,South Goa,False,True,MBA,"machine-learning,teamwork,mechanical,marketing",Energy,Any,7.4,False
C4191,Deepak Rajan,20,Male,EWS,Uttar Pradesh,Chitrakoot,True,True,MCA,"teaching,content-writing",IT,Nagpur,8.5,False
C4192,Sunita Rao,21,Female,OBC,Chandigarh,Chandigarh,False,False,MCA,"python,machine-learning,sql,mechanical,digital-marketing",Agriculture,Any,7.5,True
C4193,Vivaan Khanna,20,Male,SC,Andaman and Nicobar Islands,Nicobar,False,False,MCA,"mechanical,accounting,python,project-management,machine-learning",Manufacturing,Nagpur,7.1,False
C4194,Sam Patil,20,Other,ST,Dadra and Nagar Haveli and Daman and Diu,Daman,False,False,B.Tech,"supply-chain,finance,digital-marketing",IT,Any,7.1,False
C4195,Aanya Hussain,20,Female,ST,Gujarat,Dahod,True,False,MBA,"supply-chain,hr-management,electrical,leadership",Energy,Any,7.4,True
C4196,Dhruv More,21,Male,OBC,Mizoram,Kolasib,False,False,B.Tech,"teamwork,mechanical,digital-marketing,content-writing,javascript",Finance,Bangalore,7.7,False
C4197,Myra Farooqui,25,Female,SC,Uttar Pradesh,Lucknow,False,False,B.Com,"java,civil,critical-thinking",IT,Lucknow,7.4,False
C4198,Suman Ahmed,23,Female,EWS,Uttar Pradesh,Siddharthnagar,False,True,MBA,"teaching,healthcare,accounting,finance",Education,Hyderabad,7.4,False
C4199,Ajay Shetty,25,Male,EWS,Uttarakhand,Tehri Garhwal,False,True,BSc,"supply-chain,sql,problem-solving,hr-management",Manufacturing,Hyderabad,7.0,False
C4200,Navya Chopra,22,Female,EWS,Jammu and Kashmir,Rajouri,False,False,BSc,"finance,c++",Finance,Any,7.1,False
C4201,Anil More,24,Male,ST,Manipur,Churachandpur,False,False,MBA,"teamwork,data-analysis,teaching,finance,c++",Healthcare,Any,8.5,False
C4202,Aryan Das,21,Male,General,Delhi,East Delhi,False,False,MBA,"content-writing,teamwork,agriculture,research",Healthcare,Kolkata,5.6,False
C4203,Aadi Qureshi,25,Male,General,Chandigarh,Chandigarh,False,False,B.Tech,"accounting,critical-thinking,mechanical,supply-chain",Healthcare,Any,7.1,False
C4204,Aarav Patel,22,Male,SC,Meghalaya,East Khasi Hills,False,False,B.Tech,"cad,teaching,finance,data-analysis",IT,Any,6.8,False
C4205,Ravi Gaikwad,23,Male,ST,Delhi,South Delhi,False,False,BSc,"civil,hr-management,agriculture",Agriculture,Indore,9.9,False
C4206,Arjun Joshi,21,Male,SC,Jammu and Kashmir,Pulwama,False,True,B.Com,"data-analysis,problem-solving",Healthcare,Bhubaneswar,8.2,True
C4207,Pari Reddy,23,Female,General,Jharkhand,Bokaro,True,False,B.Tech,"problem-solving,c++,project-management,python,graphic-design",Manufacturing,Kochi,5.0,False
C4208,Anita Khan,23,Female,General,Madhya Pradesh,Vidisha,True,True,B.Tech,"mechanical,supply-chain,problem-solving,healthcare",IT,Any,7.3,False
C4209,Avni Roy,23,Female,General,Delhi,West Delhi,False,False,BSc,"teamwork,sql,supply-chain,project-management",IT,Delhi,7.0,False
C4210,Shreya Mehta,23,Female,General,Madhya Pradesh,Ujjain,False,True,MBA,"electrical,research,critical-thinking,civil",IT,Any,6.1,False
C4211,Geeta Chatterjee,20,Female,General,Tripura,Unakoti,False,True,B.Com,"c++,python,data-analysis,civil,supply-chain",Agriculture,Bhubaneswar,8.3,False
C4212,Sneha Krishnan,24,Female,SC,Lakshadweep,Minicoy,False,True,BBA,"civil,communication,marketing",Healthcare,Any,8.0,False
C4213,Rudra Nair,23,Male,EWS,Tamil Nadu,Vellore,False,False,MBA,"graphic-design,project-management,agriculture,marketing",Agriculture,Jaipur,6.7,False
C4214,Laxmi Joshi,24,Female,General,Madhya Pradesh,Rajgarh,False,False,BBA,"machine-learning,marketing",Energy,Hyderabad,8.8,False
C4215,Navya Malhotra,20,Female,SC,Gujarat,Ahmedabad,False,False,B.Tech,"finance,content-writing",IT,Any,7.9,False
C4216,Yash Kulkarni,20,Male,OBC,Goa,South Goa,False,False,B.Com,"problem-solving,digital-marketing,leadership",Education,Coimbatore,5.5,False
C4217,Amit Ansari,22,Male,OBC,Andaman and Nicobar Islands,South Andaman,False,False,MBA,"javascript,leadership,accounting,c++,civil",IT,Bhubaneswar,7.3,True
C4218,Varun Mehta,25,Male,General,West Bengal,Howrah,False,False,B.Tech,"finance,marketing",Energy,Lucknow,5.0,False
C4219,Ajay Choudhary,21,Male,General,Telangana,Nizamabad,False,True,BA,"mechanical,accounting,teaching",Education,Ahmedabad,8.1,False
C4220,Sara Khanna,23,Female,OBC,Sikkim,North District,False,True,BA,"sql,finance",IT,Kochi,7.4,False
C4221,Ananya Verma,21,Female,General,Sikkim,West District,True,False,BA,"java,python",Agriculture,Kochi,7.4,False
C4222,Ravi Kulkarni,22,Male,OBC,Puducherry,Puducherry,False,False,BA,"critical-thinking,cad,finance,teaching",Manufacturing,Any,9.2,False
C4223,Rudra Qureshi,22,Male,General,Haryana,Yamunanagar,True,True,MBA,"java,agriculture,critical-thinking,leadership,electrical",Finance,Chandigarh,7.7,False
C4224,Aryan Das,23,Male,OBC,Maharashtra,Thane,False,False,B.Tech,"data-analysis,supply-chain,c++,accounting,marketing",Healthcare,Nagpur,7.1,False
C4225,Sachin Kulkarni,24,Male,EWS,Madhya Pradesh,Singrauli,True,True,BSc,"project-management,sql,problem-solving,data-analysis,mechanical",Finance,Chandigarh,6.3,False
C4226,Anika Shah,25,Female,SC,Karnataka,Yadgir,True,True,MBA,"teamwork,mechanical,supply-chain",Agriculture,Jaipur,7.6,True
C4227,Sachin Malhotra,24,Male,EWS,Himachal Pradesh,Kangra,False,True,BA,"hr-management,civil,sql,digital-marketing,healthcare",Education,Nagpur,8.1,True
C4228,Shalini Pandey,20,Female,EWS,Haryana,Ambala,False,True,B.Com,"critical-thinking,cad",IT,Pune,6.6,True
C4229,Sanjay Farooqui,20,Male,General,Nagaland,Mokokchung,False,False,BA,"project-management,supply-chain,c++",Finance,Hyderabad,7.3,False
C4230,Riya Rao,22,Female,ST,West Bengal,Murshidabad,False,True,BSc,"leadership,teamwork,java",Finance,Ahmedabad,7.3,False
C4231,Suman Tiwari,20,Female,SC,Puducherry,Yanam,False,False,MCA,"problem-solving,sql",IT,Any,7.6,False
C4232,Aryan Jain,20,Male,SC,Rajasthan,Kota,False,False,B.Com,"leadership,python,javascript",Healthcare,Any,7.1,True
C4233,Rakesh Banerjee,20,Male,OBC,West Bengal,South 24 Parganas,False,False,BSc,"finance,machine-learning,critical-thinking,teaching",Education,Mumbai,6.7,False
C4234,Ritu Krishnan,20,Female,OBC,Chhattisgarh,Sukma,True,False,BBA,"graphic-design,accounting,electrical,teamwork",Agriculture,Any,6.9,True
C4235,Anjali Sen,25,Female,General,Delhi,Shahdara,False,True,B.Tech,"civil,excel,sql",Healthcare,Any,7.5,False
C4236,Sunita Shetty,20,Female,OBC,Uttarakhand,Almora,False,False,BSc,"cad,graphic-design",IT,Vadodara,7.2,False
C4237,Sonal Kumar,24,Female,ST,Arunachal Pradesh,East Siang,False,True,B.Com,"mechanical,teaching",Finance,Any,5.2,False
C4238,Dhruv Hegde,21,Male,SC,Jharkhand,Simdega,False,True,B.Com,"leadership,mechanical,finance,cad,graphic-design",IT,Noida,6.5,False
C4239,Krishna Qureshi,23,Male,ST,Manipur,Churachandpur,False,False,MCA,"cad,machine-learning,research",IT,Lucknow,5.8,False
C4240,Rahul Thakur,20,Male,ST,Punjab,Firozpur,True,True,B.Tech,"project-management,java,c++,content-writing,sql",IT,Chandigarh,5.0,True
C4241,Avni Krishnan,24,Female,General,West Bengal,Hooghly,False,False,B.Com,"critical-thinking,electrical,research,agriculture",Education,Kochi,8.2,False
C4242,Shaurya Jadhav,24,Male,General,Nagaland,Mokokchung,False,True,B.Tech,"civil,teaching,accounting",Education,Any,8.2,True
C4243,Pooja Shetty,24,Female,General,Goa,North Goa,False,False,BA,"supply-chain,graphic-design,marketing,mechanical,communication",Energy,Any,9.0,False
C4244,Sunita Arora,24,Female,General,Meghalaya,East Khasi Hills,False,False,B.Com,"cad,supply-chain,mechanical",IT,Any,9.1,False
C4245,Sunita Malhotra,23,Female,OBC,Mizoram,Kolasib,False,False,MCA,"civil,leadership",IT,Lucknow,7.2,False
C4246,Siddharth Dubey,23,Male,OBC,Ladakh,Leh,False,False,MBA,"healthcare,javascript,project-management,critical-thinking",IT,Any,7.1,False
C4247,Mohit Khan,21,Male,EWS,Andhra Pradesh,Anantapur,False,False,B.Tech,"supply-chain,project-management,sql,python,graphic-design",IT,Any,6.2,False
C4248,Pranav Hegde,25,Male,OBC,Uttar Pradesh,Kanpur Nagar,False,False,BBA,"java,supply-chain",IT,Chandigarh,8.7,False
C4249,Laxmi Krishnan,22,Female,ST,Andaman and Nicobar Islands,Nicobar,False,False,BSc,"finance,graphic-design,mechanical,supply-chain,research",IT,Bhubaneswar,6.9,False
C4250,Krishna Farooqui,21,Male,SC,Kerala,Kannur,False,False,B.Com,"marketing,problem-solving,c++",IT,Bhubaneswar,8.9,False
C4251,Morgan Shetty,21,Other,EWS,Puducherry,Puducherry,False,False,MBA,"supply-chain,python,finance,electrical,agriculture",IT,Vadodara,7.3,False
C4252,Shaurya Jain,25,Male,ST,Uttar Pradesh,Siddharthnagar,False,False,BA,"supply-chain,critical-thinking,electrical,finance,excel",Manufacturing,Vadodara,7.7,False
C4253,Sara Shaikh,23,Female,SC,Uttarakhand,Almora,False,True,MBA,"excel,civil,digital-marketing",Manufacturing,Chandigarh,7.5,False
C4254,Sonal Roy,25,Female,General,Meghalaya,Jaintia Hills,False,False,BBA,"electrical,finance,data-analysis,healthcare,c++",Energy,Any,6.5,False
C4255,Aditya Shetty,21,Male,SC,Mizoram,Aizawl,False,True,BA,"healthcare,civil",Healthcare,Mumbai,7.2,False
C4256,Ananya Choudhary,20,Female,OBC,Lakshadweep,Agatti,False,True,BBA,"electrical,project-management,cad,agriculture",IT,Pune,6.6,False
C4257,Atharv Hegde,20,Male,OBC,Andhra Pradesh,Krishna,False,True,BSc,"problem-solving,healthcare",Healthcare,Kochi,5.0,False
C4258,Suman Hussain,24,Female,SC,Gujarat,Kutch,False,False,MBA,"hr-management,supply-chain",Education,Pune,7.1,False
C4259,Sneha Roy,22,Female,OBC,Nagaland,Tuensang,True,False,MCA,"teaching,sql,civil,research,java",Education,Vadodara,9.3,True
C4260,Shalini Rao,21,Female,General,Jharkhand,Ramgarh,True,False,B.Com,"machine-learning,data-analysis,teamwork,civil",Healthcare,Nagpur,8.2,False
C4261,Naveen Farooqui,22,Male,EWS,Karnataka,Yadgir,False,False,BA,"finance,communication",IT,Kochi,8.4,False
C4262,Meera Reddy,21,Female,ST,Puducherry,Yanam,False,True,MBA,"graphic-design,electrical,cad,problem-solving",Education,Any,7.1,False
C4263,Ira Ghosh,23,Female,General,Ladakh,Kargil,False,False,BBA,"agriculture,javascript,accounting,excel,teamwork",IT,Any,5.8,False
C4264,Aanya Hegde,22,Other,General,Jharkhand,Giridih,True,True,B.Com,"electrical,teaching",IT,Mumbai,5.7,False
C4265,Diya Sharma,24,Female,ST,Uttarakhand,Nainital,False,False,B.Com,"marketing,communication",Manufacturing,Any,7.0,False
C4266,Aditya Sen,23,Male,SC,Jammu and Kashmir,Udhampur,False,True,B.Com,"content-writing,python",Healthcare,Any,7.3,False
C4267,Riya Khan,23,Female,OBC,Gujarat,Gandhinagar,False,False,B.Tech,"cad,teaching,project-management,critical-thinking,java",IT,Any,7.6,False
C4268,Gaurav Kumar,22,Male,EWS,Uttarakhand,Pauri Garhwal,False,True,BBA,"teamwork,c++,excel,sql",Education,Kochi,6.9,False
C4269,Sachin Ghosh,24,Male,General,West Bengal,Darjeeling,False,False,BBA,"machine-learning,data-analysis",Manufacturing,Any,7.2,False
C4270,Kabir Hussain,21,Other,EWS,Mizoram,Lunglei,False,True,BA,"teaching,python",Healthcare,Ahmedabad,7.9,False
C4271,Karan Sen,23,Male,OBC,Jharkhand,Khunti,False,False,B.Tech,"agriculture,finance",Education,Any,5.0,False
C4272,Manisha Chatterjee,25,Female,EWS,Bihar,Begusarai,True,False,BSc,"c++,javascript,machine-learning",Energy,Lucknow,7.7,False
C4273,Aadi Rao,22,Male,EWS,Madhya Pradesh,Barwani,False,True,B.Tech,"research,electrical,java,digital-marketing",Healthcare,Any,7.7,False
C4274,Shreya Chopra,25,Female,ST,Nagaland,Mon,False,False,BBA,"finance,electrical,problem-solving,content-writing",IT,Any,7.0,False
C4275,Pallavi Thakur,21,Female,OBC,Andhra Pradesh,Visakhapatnam,True,False,BSc,"marketing,electrical,agriculture,research",Healthcare,Any,6.0,False
C4276,Shalini Desai,21,Female,ST,Chandigarh,Chandigarh,False,False,BA,"teaching,c++,critical-thinking",IT,Jaipur,7.3,True
C4277,Suresh Agarwal,25,Male,OBC,Haryana,Nuh,True,False,BA,"mechanical,healthcare",Education,Lucknow,5.1,True
C4278,Myra Shaikh,20,Female,ST,Odisha,Malkangiri,False,False,B.Com,"digital-marketing,communication,excel",Education,Any,9.2,False
C4279,Rudra Reddy,25,Male,SC,Maharashtra,Satara,False,True,MBA,"project-management,data-analysis,mechanical,cad",Finance,Mumbai,8.9,False
C4280,Suman Verma,20,Female,OBC,Punjab,Ludhiana,False,False,B.Com,"agriculture,critical-thinking,electrical,hr-management",Healthcare,Nagpur,7.0,False
C4281,Sunil Choudhary,20,Male,General,Rajasthan,Bikaner,False,False,BA,"cad,teaching",Healthcare,Any,6.7,True
C4282,Manoj Kapoor,25,Male,OBC,Chhattisgarh,Kanker,True,False,BBA,"communication,data-analysis,finance,project-management,research",Manufacturing,Any,9.9,False
C4283,Avni Rajan,25,Female,SC,Chandigarh,Chandigarh,False,False,B.Com,"javascript,supply-chain",Agriculture,Any,6.3,False
C4284,Divya More,21,Female,OBC,Uttar Pradesh,Bareilly,False,False,BBA,"c++,javascript,finance",Education,Indore,7.7,False
C4285,Sonal Singh,22,Female,OBC,Chhattisgarh,Rajnandgaon,False,True,BSc,"teaching,supply-chain",IT,Any,9.2,False
C4286,Divya Desai,20,Female,General,Madhya Pradesh,Sagar,False,True,B.Tech,"marketing,communication,hr-management,c++",IT,Any,8.4,False
C4287,Aarohi Patel,23,Female,SC,Gujarat,Ahmedabad,False,False,MCA,"hr-management,leadership",Education,Any,6.9,False
C4288,Navya Patil,23,Female,General,Karnataka,Tumakuru,False,False,BA,"cad,content-writing,javascript",Healthcare,Any,7.9,False
C4289,Sara Bose,25,Female,General,Mizoram,Kolasib,False,True,BSc,"content-writing,finance,hr-management,python",Healthcare,Coimbatore,7.4,False
C4290,Aarohi Sen,22,Female,General,Assam,Guwahati,False,False,MBA,"project-management,marketing,leadership",Manufacturing,Gurgaon,8.3,False
C4291,Naveen Singh,24,Male,General,Ladakh,Kargil,False,False,B.Tech,"cad,electrical",Manufacturing,Jaipur,7.4,False
C4292,Manoj Sen,23,Male,EWS,Tripura,South Tripura,False,False,B.Tech,"content-writing,hr-management,cad",IT,Any,7.8,False
C4293,Kabir Menon,25,Male,SC,Dadra and Nagar Haveli and Daman and Diu,Diu,False,False,B.Tech,"electrical,critical-thinking,finance,machine-learning,data-analysis",IT,Coimbatore,7.3,False
C4294,Aryan Dubey,23,Male,General,Puducherry,Mahe,False,True,B.Tech,"sql,electrical,finance",IT,Delhi,5.3,False
C4295,Deepak Ghosh,23,Male,General,West Bengal,Nadia,False,False,BBA,"javascript,hr-management,python,machine-learning,c++",Education,Indore,5.9,False
C4296,Vivaan Khan,24,Male,SC,Karnataka,Tumakuru,False,False,MBA,"excel,teamwork,java,digital-marketing",Education,Lucknow,8.3,False
C4297,Manisha Chopra,24,Female,EWS,Delhi,Central Delhi,False,False,B.Tech,"javascript,cad,mechanical,critical-thinking,content-writing",Finance,Any,5.8,False
C4298,Aditya Bose,20,Male,OBC,Telangana,Warangal,False,False,B.Com,"leadership,machine-learning,c++,cad",IT,Mumbai,8.9,False
C4299,Suresh Tiwari,25,Male,General,Madhya Pradesh,Khandwa,True,False,BBA,"problem-solving,supply-chain,civil,healthcare,critical-thinking",Manufacturing,Any,6.8,False
C4300,Komal Naidu,22,Female,ST,Kerala,Alappuzha,False,False,B.Com,"supply-chain,accounting,mechanical",IT,Nagpur,7.5,False
C4301,Pankaj Tiwari,23,Male,OBC,Rajasthan,Jaipur,False,False,MBA,"civil,research,java,teamwork,problem-solving",IT,Chandigarh,5.0,False
C4302,Vivek Kapoor,24,Male,SC,Tripura,Gomati,False,False,BSc,"marketing,problem-solving",IT,Pune,5.9,False
C4303,Aadhya Kapoor,24,Female,EWS,West Bengal,Nadia,True,False,B.Tech,"supply-chain,python,digital-marketing,c++,healthcare",Manufacturing,Any,9.5,True
C4304,Aditi Khanna,24,Female,OBC,Telangana,Warangal,False,True,B.Tech,"critical-thinking,c++",Healthcare,Hyderabad,7.7,False
C4305,Kabir Ali,25,Male,General,Assam,Barpeta,False,False,B.Tech,"project-management,excel,hr-management",IT,Chandigarh,8.1,False
C4306,Aanya Kumar,21,Female,EWS,Ladakh,Leh,False,False,BBA,"javascript,finance,marketing",Manufacturing,Vadodara,6.8,False
C4307,Yash Naidu,23,Male,EWS,Uttarakhand,Almora,False,True,BSc,"electrical,data-analysis,java",Education,Any,6.2,False
C4308,Komal Malhotra,20,Female,General,Andhra Pradesh,Krishna,False,False,B.Com,"hr-management,communication",IT,Noida,6.5,False
C4309,Aditi Malhotra,25,Female,General,Uttarakhand,Nainital,False,True,MBA,"accounting,communication,cad",IT,Kolkata,7.3,False
C4310,Rani Chopra,22,Female,General,Kerala,Palakkad,False,False,B.Tech,"digital-marketing,javascript,leadership,critical-thinking",IT,Hyderabad,5.6,False
C4311,Aditi Bhatia,25,Female,OBC,Uttar Pradesh,Lucknow,False,False,BA,"hr-management,finance,accounting",IT,Any,5.4,False
C4312,Rudra Malhotra,24,Male,OBC,Chhattisgarh,Durg,False,False,MBA,"supply-chain,healthcare,machine-learning,data-analysis",Education,Any,9.0,False
C4313,Riya Krishnan,21,Other,General,Jharkhand,Gumla,True,True,BBA,"sql,problem-solving",Healthcare,Mumbai,8.8,False
C4314,Isha Joshi,20,Female,OBC,Tamil Nadu,Kanchipuram,False,True,MCA,"communication,mechanical,python,sql,healthcare",Healthcare,Any,5.9,False
C4315,Aarohi Shah,23,Female,OBC,Andaman and Nicobar Islands,North and Middle Andaman,False,True,B.Com,"project-management,marketing,accounting,electrical",Education,Coimbatore,9.1,False
C4316,Pallavi Patil,24,Female,ST,Andaman and Nicobar Islands,North and Middle Andaman,False,False,MBA,"mechanical,communication,machine-learning,c++,sql",IT,Chandigarh,5.7,False
C4317,Neha Subramanian,22,Female,OBC,Ladakh,Kargil,False,False,B.Tech,"javascript,communication",Finance,Coimbatore,9.9,False
C4318,Shaurya Singh,20,Male,SC,Dadra and Nagar Haveli and Daman and Diu,Daman,False,True,BSc,"problem-solving,teaching",Agriculture,Bhubaneswar,8.3,False
C4319,Aarav Menon,25,Male,OBC,Uttarakhand,Champawat,False,True,BA,"python,cad,marketing,machine-learning,teamwork",IT,Vadodara,6.2,True
C4320,Ritu Roy,22,Female,OBC,Jammu and Kashmir,Srinagar,False,True,BA,"electrical,c++,content-writing,marketing",Healthcare,Any,8.3,False
C4321,Sneha Joshi,20,Female,General,Arunachal Pradesh,Changlang,False,False,B.Com,"digital-marketing,content-writing",Manufacturing,Any,6.8,False
C4322,Laxmi Pandey,22,Female,OBC,Puducherry,Mahe,False,True,B.Tech,"teaching,teamwork,marketing",Healthcare,Any,6.4,False
C4323,Ayaan Pillai,22,Male,OBC,Punjab,Ludhiana,False,True,BA,"machine-learning,java,graphic-design,research",IT,Indore,6.4,False
C4324,Bhavna Banerjee,20,Female,ST,Maharashtra,Solapur,False,True,MBA,"agriculture,research,c++,teamwork,healthcare",Education,Nagpur,7.2,False
C4325,Arjun Shetty,23,Male,OBC,Bihar,Banka,False,False,B.Com,"research,communication,python,graphic-design,healthcare",IT,Delhi,6.1,False
C4326,Laxmi Shah,21,Female,OBC,Assam,Cachar,False,True,B.Com,"supply-chain,teaching,javascript",Finance,Any,6.8,False
C4327,Harsh Arora,22,Male,SC,Andaman and Nicobar Islands,North and Middle Andaman,False,True,B.Tech,"java,machine-learning,excel,graphic-design",Healthcare,Nagpur,6.9,False
C4328,Rahul Dubey,25,Male,OBC,Tamil Nadu,Ramanathapuram,True,False,MCA,"graphic-design,content-writing,machine-learning",IT,Kolkata,7.3,True
C4329,Harsh Jain,24,Male,General,Haryana,Rohtak,False,True,B.Tech,"research,java,finance,civil,c++",Energy,Nagpur,7.1,False
C4330,Kabir Krishnan,20,Male,SC,Manipur,Ukhrul,False,False,B.Com,"c++,leadership,graphic-design,communication",Finance,Any,7.0,False
C4331,Rani Gupta,25,Female,SC,Jharkhand,Pashchimi Singhbhum,True,False,MCA,"content-writing,communication,python",Healthcare,Any,6.9,False
C4332,Aadi More,25,Male,ST,Nagaland,Tuensang,False,False,B.Tech,"python,graphic-design,accounting,cad",Agriculture,Any,6.6,False
C4333,Manisha Thakur,22,Female,General,Madhya Pradesh,Chhatarpur,False,False,B.Tech,"marketing,java,python,teamwork,sql",IT,Any,7.3,False
C4334,Laxmi Farooqui,22,Female,OBC,Uttarakhand,Tehri Garhwal,False,False,B.Tech,"java,leadership,digital-marketing,problem-solving",Finance,Vadodara,7.6,False
C4335,Morgan Tiwari,25,Other,General,Nagaland,Kiphire,True,False,B.Tech,"research,problem-solving,healthcare,accounting",Education,Any,6.6,False
C4336,Ritu Mukherjee,25,Female,OBC,Maharashtra,Mumbai,False,True,BBA,"python,cad,sql",Agriculture,Mumbai,6.3,False
C4337,Shaurya Bose,25,Male,SC,Madhya Pradesh,Bhopal,False,True,B.Tech,"mechanical,healthcare,agriculture,leadership",IT,Any,7.5,False
C4338,Kiara Tiwari,23,Female,OBC,Himachal Pradesh,Una,False,False,MBA,"graphic-design,teaching",Energy,Any,8.1,False
C4339,Atharv Subramanian,24,Male,OBC,Sikkim,South District,False,False,BSc,"machine-learning,communication,sql,finance",Finance,Bangalore,8.3,False
C4340,Kiara Desai,22,Female,General,Maharashtra,Solapur,False,False,BBA,"excel,problem-solving",Agriculture,Any,5.2,False
C4341,Rajesh Gaikwad,21,Male,ST,Sikkim,South District,False,False,BBA,"python,sql,javascript,civil",Finance,Bhubaneswar,7.4,True
C4342,Kabir Mirza,21,Male,OBC,Himachal Pradesh,Shimla,False,False,MCA,"research,digital-marketing,teamwork,hr-management",Education,Chandigarh,6.5,False
C4343,Saanvi Mehta,25,Female,ST,Uttarakhand,Udham Singh Nagar,True,False,B.Tech,"critical-thinking,python,finance,agriculture,accounting",Education,Any,6.9,False
C4344,Manish Ahmed,20,Male,General,Gujarat,Rajkot,False,False,B.Tech,"project-management,content-writing,excel",Education,Vadodara,7.5,False
C4345,Deepak Roy,20,Male,General,Uttarakhand,Champawat,False,False,BSc,"leadership,marketing,sql",IT,Vadodara,6.1,False
C4346,Rudra Thakur,22,Male,OBC,Madhya Pradesh,Damoh,True,False,BBA,"sql,leadership,finance",IT,Any,6.6,False
C4347,Aditya Sen,24,Male,OBC,Andhra Pradesh,Kurnool,False,False,B.Tech,"java,mechanical,electrical",IT,Any,8.1,False
C4348,Sai Pillai,23,Male,General,Sikkim,West District,False,True,B.Com,"cad,finance",Education,Bhubaneswar,7.0,False
C4349,Rekha Bose,23,Female,EWS,Goa,South Goa,False,False,B.Com,"digital-marketing,research,mechanical",IT,Vadodara,7.7,False
C4350,Kabir Iyer,20,Male,ST,Uttar Pradesh,Prayagraj,False,False,BSc,"java,mechanical",Agriculture,Any,6.2,False
C4351,Rohan Reddy,22,Male,SC,Himachal Pradesh,Mandi,False,False,B.Com,"marketing,graphic-design,python",Finance,Any,8.7,False
C4352,Deepak Hussain,22,Male,EWS,Haryana,Gurugram,False,False,MBA,"finance,accounting,marketing",Agriculture,Chandigarh,7.5,True
C4353,Pallavi Singh,23,Female,General,Himachal Pradesh,Kullu,False,False,BSc,"python,c++,content-writing,digital-marketing,communication",Finance,Bangalore,7.6,False
C4354,Vivek Krishnan,24,Male,General,Sikkim,South District,True,False,B.Com,"graphic-design,teaching",Manufacturing,Indore,7.0,False
C4355,Pallavi Kumar,24,Female,General,Arunachal Pradesh,Lower Subansiri,False,False,BBA,"critical-thinking,content-writing,electrical",Finance,Jaipur,8.0,False
C4356,Amit Subramanian,21,Male,General,Chandigarh,Chandigarh,False,True,BSc,"research,healthcare,sql",Manufacturing,Nagpur,8.7,False
C4357,Alex Yadav,24,Other,OBC,Jammu and Kashmir,Pulwama,True,True,B.Tech,"machine-learning,problem-solving",Energy,Any,6.3,False
C4358,Deepa Khan,25,Female,General,Lakshadweep,Kavaratti,False,False,BA,"leadership,healthcare,machine-learning,cad",Finance,Mumbai,7.1,False
C4359,Rakesh Agarwal,21,Male,OBC,Arunachal Pradesh,Changlang,False,False,B.Tech,"problem-solving,mechanical",IT,Any,7.1,False
C4360,Ishaan Desai,23,Male,EWS,Himachal Pradesh,Una,True,True,MBA,"teamwork,graphic-design,sql,c++",Education,Ahmedabad,8.2,False
C4361,Arjun Gaikwad,23,Male,EWS,Madhya Pradesh,Gwalior,False,True,B.Tech,"communication,agriculture,teamwork",IT,Jaipur,6.4,False
C4362,Karan Krishnan,23,Male,General,Jammu and Kashmir,Jammu,False,False,MBA,"teamwork,hr-management,javascript,agriculture,content-writing",Healthcare,Bhubaneswar,8.6,True
C4363,Krishna Kumar,25,Male,General,Mizoram,Aizawl,False,False,BBA,"healthcare,accounting,mechanical,agriculture",Finance,Lucknow,6.0,False
C4364,Ravi Shetty,22,Male,ST,West Bengal,Jalpaiguri,False,True,BBA,"agriculture,java,mechanical,research",Agriculture,Ahmedabad,7.2,False
C4365,Meera Singh,20,Female,SC,Chandigarh,Chandigarh,False,True,MBA,"mechanical,teaching,javascript,hr-management",Finance,Vadodara,6.1,False
C4366,Krishna Mukherjee,21,Male,ST,Karnataka,Bengaluru Urban,False,True,BBA,"data-analysis,teamwork",IT,Pune,6.6,True
C4367,Preeti Chatterjee,25,Female,General,Assam,Darrang,False,True,BA,"mechanical,graphic-design",IT,Kochi,9.1,False
C4368,Ankit Ali,25,Male,ST,West Bengal,Maldah,True,False,BBA,"python,sql,content-writing,hr-management",IT,Nagpur,8.5,True
C4369,Aarohi Sharma,24,Female,ST,Andaman and Nicobar Islands,Nicobar,False,False,BSc,"javascript,healthcare,graphic-design",Agriculture,Any,8.0,False
C4370,Ayaan Joshi,25,Male,General,Andaman and Nicobar Islands,North and Middle Andaman,False,True,B.Tech,"java,data-analysis,content-writing,project-management",Finance,Any,5.9,False
C4371,Sanjay Qureshi,21,Male,SC,Karnataka,Hubballi-Dharwad,False,True,B.Com,"teamwork,digital-marketing,content-writing,teaching,graphic-design",IT,Vadodara,7.9,True
C4372,Sara Jadhav,24,Female,OBC,Uttar Pradesh,Varanasi,False,False,B.Com,"teamwork,mechanical,python",Healthcare,Any,6.2,False
C4373,Sam Khan,22,Other,OBC,Uttarakhand,Almora,False,False,BA,"marketing,research,communication",Manufacturing,Any,7.1,False
C4374,Shalini Rajan,23,Female,General,Jharkhand,Hazaribagh,True,True,BBA,"civil,sql,javascript",Energy,Any,7.8,False
C4375,Anika Menon,25,Female,OBC,Odisha,Nuapada,False,True,B.Tech,"research,digital-marketing,python,teaching",Finance,Lucknow,7.5,True
C4376,Geeta Patil,25,Female,SC,Mizoram,Lunglei,True,False,MBA,"research,digital-marketing,hr-management",Manufacturing,Any,6.3,False
C4377,Neha Gaikwad,23,Female,ST,Goa,South Goa,False,False,MBA,"agriculture,project-management",Energy,Kochi,6.6,False
C4378,Rani Menon,23,Female,ST,Gujarat,Narmada,False,False,BA,"healthcare,data-analysis,teaching",IT,Indore,6.1,False
C4379,Sunita Thakur,21,Female,OBC,Sikkim,North District,False,True,BBA,"sql,javascript,electrical,healthcare,finance",Healthcare,Mumbai,5.6,False
C4380,Aditi Yadav,24,Female,General,Jammu and Kashmir,Udhampur,True,False,MCA,"mechanical,electrical,excel,accounting,leadership",Finance,Mumbai,7.4,False
C4381,Aditi Arora,24,Female,General,Meghalaya,East Khasi Hills,False,False,MCA,"sql,project-management",IT,Vadodara,6.5,True
C4382,Laxmi Kulkarni,22,Female,SC,Chhattisgarh,Sukma,False,False,BBA,"research,finance,digital-marketing,data-analysis,civil",Energy,Hyderabad,5.3,False
C4383,Sunil Farooqui,21,Male,EWS,Puducherry,Karaikal,False,True,B.Com,"sql,python",Energy,Any,7.0,False
C4384,Atharv Das,21,Male,General,Delhi,South West Delhi,False,True,MBA,"digital-marketing,civil,excel,healthcare,cad",Agriculture,Any,6.9,False
C4385,Ishaan Kulkarni,24,Male,OBC,Odisha,Nuapada,True,False,B.Tech,"teamwork,teaching,c++,research,communication",IT,Pune,6.0,False
C4386,Ajay Iyer,25,Male,OBC,Delhi,East Delhi,False,True,B.Com,"electrical,digital-marketing",Finance,Gurgaon,7.8,False
C4387,Sunita Desai,20,Female,SC,Punjab,Patiala,False,True,BBA,"c++,leadership,research,finance,project-management",IT,Any,6.5,False
C4388,Gaurav Das,20,Male,General,Delhi,South West Delhi,False,True,MBA,"problem-solving,data-analysis",IT,Any,9.9,False
C4389,Aarav Thakur,25,Male,General,Puducherry,Yanam,False,False,BBA,"teaching,java,communication,agriculture,mechanical",Healthcare,Any,7.5,False
C4390,Divya Naidu,22,Female,OBC,Uttar Pradesh,Moradabad,False,True,BA,"cad,sql,data-analysis,teamwork",Finance,Any,6.7,False
C4391,Nisha Kulkarni,22,Female,General,Gujarat,Rajkot,False,False,B.Com,"critical-thinking,java,accounting,data-analysis,supply-chain",IT,Any,6.2,False
C4392,Aditya Rajan,20,Male,OBC,Uttar Pradesh,Bareilly,False,True,MCA,"project-management,machine-learning,leadership",Education,Kolkata,6.8,False
C4393,Varun Ghosh,21,Male,General,Assam,Hailakandi,True,True,BSc,"machine-learning,supply-chain",Education,Coimbatore,6.2,False
C4394,Vandana Patil,23,Female,OBC,Jammu and Kashmir,Srinagar,False,False,BSc,"teaching,agriculture,javascript,sql,mechanical",Healthcare,Any,9.5,True
C4395,Vivaan Thakur,24,Male,OBC,West Bengal,Dakshin Dinajpur,True,True,B.Tech,"supply-chain,content-writing,accounting,research",IT,Lucknow,6.5,False
C4396,Bhavna Krishnan,21,Female,General,Assam,Guwahati,True,False,BBA,"marketing,project-management,electrical,finance,communication",Education,Delhi,6.4,False
C4397,Navya Patil,20,Female,ST,Himachal Pradesh,Hamirpur,False,False,MBA,"c++,research,problem-solving,marketing,javascript",Manufacturing,Any,7.5,False
C4398,Geeta Choudhary,21,Female,ST,Nagaland,Kohima,False,False,BBA,"critical-thinking,digital-marketing,research,electrical,python",IT,Coimbatore,7.0,False
C4399,Arjun Malhotra,20,Male,General,Goa,South Goa,False,False,B.Com,"marketing,agriculture,leadership,critical-thinking",IT,Any,7.7,False
C4400,Usha Nair,25,Female,General,Odisha,Kalahandi,False,True,B.Tech,"javascript,graphic-design,teaching,research,cad",Finance,Chennai,6.5,False
C4401,Ananya Jain,24,Female,General,Andhra Pradesh,Chittoor,False,True,B.Tech,"data-analysis,content-writing,accounting",IT,Noida,7.9,False
C4402,Riya Rao,20,Female,General,Lakshadweep,Agatti,False,False,MBA,"excel,problem-solving",Healthcare,Any,7.0,False
C4403,Meera Kumar,22,Female,OBC,Rajasthan,Baran,True,False,BA,"data-analysis,cad,leadership,python",IT,Bangalore,6.5,False
C4404,Avni Rao,24,Female,SC,Ladakh,Kargil,False,False,B.Tech,"java,python,agriculture,teamwork",Education,Noida,7.2,False
C4405,Vivek Bose,25,Male,General,Andhra Pradesh,East Godavari,False,True,B.Tech,"communication,healthcare",Manufacturing,Mumbai,7.8,False
C4406,Bhavna Qureshi,22,Female,General,Delhi,North Delhi,False,True,MBA,"content-writing,python,critical-thinking,mechanical,sql",IT,Lucknow,8.2,False
C4407,Morgan Das,22,Other,OBC,Maharashtra,Pune,True,False,B.Tech,"hr-management,c++,agriculture,healthcare",Manufacturing,Any,7.4,False
C4408,Laxmi Farooqui,20,Female,General,Madhya Pradesh,Rajgarh,True,False,BA,"teamwork,data-analysis,problem-solving,research",Agriculture,Lucknow,8.2,False
C4409,Swati Gaikwad,21,Female,OBC,Tripura,West Tripura,False,False,B.Com,"research,c++",IT,Kochi,5.5,False
C4410,Shalini Gaikwad,21,Female,General,Andaman and Nicobar Islands,North and Middle Andaman,False,False,BBA,"electrical,hr-management,critical-thinking,accounting",IT,Any,7.3,False
C4411,Pallavi Pandey,22,Female,ST,West Bengal,Howrah,False,False,B.Tech,"excel,python,graphic-design",Finance,Any,8.3,False
C4412,Vivaan Choudhary,25,Male,General,Tamil Nadu,Erode,False,True,B.Tech,"project-management,python,problem-solving",Healthcare,Lucknow,8.6,False
C4413,Vikram Jadhav,21,Male,General,Dadra and Nagar Haveli and Daman and Diu,Daman,False,True,BSc,"graphic-design,agriculture",Finance,Ahmedabad,8.6,True
C4414,Rakesh Das,22,Male,SC,Jammu and Kashmir,Anantnag,False,False,B.Tech,"mechanical,javascript",Healthcare,Hyderabad,7.2,False
C4415,Vivaan Khan,20,Male,SC,Kerala,Kozhikode,False,False,BA,"teamwork,project-management,sql,excel,c++",Healthcare,Jaipur,6.9,False
C4416,Suman Khan,21,Female,ST,Lakshadweep,Agatti,True,False,BSc,"finance,machine-learning,project-management,content-writing,accounting",Finance,Delhi,6.5,False
C4417,Dhruv Shetty,23,Male,General,Uttar Pradesh,Moradabad,False,False,BSc,"data-analysis,javascript,content-writing,research,teamwork",IT,Noida,7.4,False
C4418,Rekha Ahmed,20,Female,SC,Lakshadweep,Kavaratti,False,False,B.Tech,"communication,c++,marketing,machine-learning",Energy,Any,7.2,False
C4419,Krishna Tiwari,22,Male,SC,Dadra and Nagar Haveli and Daman and Diu,Diu,False,False,B.Tech,"excel,communication,java,data-analysis",Finance,Any,6.6,False
C4420,Vivaan Tiwari,25,Male,OBC,Jammu and Kashmir,Udhampur,False,True,MBA,"research,finance",Healthcare,Lucknow,7.3,False
C4421,Ira Ahmed,20,Female,General,Jharkhand,Lohardaga,True,False,BSc,"hr-management,finance,research,digital-marketing,marketing",Finance,Ahmedabad,6.1,False
C4422,Kabir Menon,20,Male,OBC,Jammu and Kashmir,Kupwara,True,True,MBA,"research,digital-marketing",Energy,Any,6.1,False
C4423,Suresh Kulkarni,25,Male,General,Chhattisgarh,Dantewada,False,True,BA,"sql,data-analysis,javascript,graphic-design",IT,Any,5.2,False
C4424,Priya Ansari,23,Female,EWS,Manipur,Imphal West,False,False,BSc,"excel,critical-thinking",Finance,Any,7.7,False
C4425,Aanya Choudhary,22,Female,EWS,Maharashtra,Nagpur,False,False,MCA,"marketing,civil,teaching,teamwork",IT,Any,7.2,False
C4426,Harsh Arora,21,Male,EWS,Bihar,Banka,False,True,B.Tech,"c++,javascript,leadership",Manufacturing,Any,8.4,True
C4427,Swati Choudhary,23,Female,EWS,Lakshadweep,Kavaratti,False,False,MBA,"c++,python,digital-marketing",Manufacturing,Kolkata,7.6,False
C4428,Komal Reddy,23,Female,OBC,Himachal Pradesh,Mandi,False,False,B.Tech,"civil,marketing",IT,Any,8.0,False
C4429,Mohit Mirza,22,Male,OBC,Rajasthan,Dholpur,False,True,BSc,"leadership,content-writing",Agriculture,Chandigarh,5.1,False
C4430,Alex Patel,25,Other,General,Andaman and Nicobar Islands,Nicobar,False,False,BSc,"project-management,machine-learning,python,finance",IT,Indore,8.1,False
C4431,Kiara Hussain,21,Female,SC,Chhattisgarh,Mahasamund,False,False,BSc,"communication,research,teamwork,digital-marketing",Agriculture,Any,7.7,False
C4432,Krishna Farooqui,24,Male,OBC,Odisha,Sundargarh,False,True,MBA,"teamwork,agriculture",IT,Kochi,6.3,False
C4433,Anil Agarwal,22,Male,SC,Uttar Pradesh,Moradabad,False,False,BSc,"javascript,civil,leadership,marketing",Finance,Any,8.0,False
C4434,Neha Verma,22,Female,General,Lakshadweep,Minicoy,False,False,BBA,"teamwork,critical-thinking",IT,Any,5.9,False
C4435,Kiara Gaikwad,22,Female,OBC,Goa,South Goa,False,False,B.Tech,"supply-chain,hr-management,marketing,agriculture",Healthcare,Any,9.5,False
C4436,Yash Menon,23,Male,SC,Goa,North Goa,False,True,BSc,"electrical,digital-marketing",Healthcare,Chandigarh,6.9,False
C4437,Neha Hegde,20,Female,OBC,Puducherry,Karaikal,False,True,B.Com,"content-writing,python,research,supply-chain,machine-learning",IT,Chennai,6.7,True
C4438,Casey Chopra,22,Other,EWS,Tamil Nadu,Kanchipuram,False,False,BSc,"agriculture,mechanical,java",Healthcare,Kochi,5.5,False
C4439,Ira Joshi,23,Female,ST,Karnataka,Raichur,True,True,B.Com,"project-management,machine-learning,graphic-design,leadership",Healthcare,Any,5.5,False
C4440,Anika Jadhav,20,Female,EWS,Kerala,Kannur,False,False,MBA,"excel,teaching,critical-thinking,finance,healthcare",Agriculture,Coimbatore,7.5,False
C4441,Atharv Khan,25,Male,OBC,Tripura,Dhalai,True,True,B.Com,"critical-thinking,teaching",Healthcare,Kochi,8.0,False
C4442,Pooja Kulkarni,22,Female,General,Telangana,Warangal,False,False,MBA,"finance,java,project-management,critical-thinking",Education,Any,9.1,False
C4443,Myra Farooqui,21,Female,General,Delhi,East Delhi,False,True,B.Tech,"communication,data-analysis",Agriculture,Any,6.6,False
C4444,Yash Arora,20,Male,General,Lakshadweep,Agatti,False,False,BA,"critical-thinking,mechanical,research,c++",Education,Any,7.8,False
C4445,Sachin Khan,22,Male,General,Dadra and Nagar Haveli and Daman and Diu,Diu,False,True,B.Tech,"data-analysis,excel,cad,healthcare",Finance,Ahmedabad,7.7,False
C4446,Bhavna Iyer,25,Female,EWS,Himachal Pradesh,Mandi,True,False,MCA,"electrical,teaching,agriculture,healthcare,mechanical",IT,Any,6.5,True
C4447,Avni Qureshi,23,Female,General,Uttar Pradesh,Bahraich,False,False,B.Tech,"communication,finance",Manufacturing,Any,7.4,False
C4448,Varun Sharma,25,Male,OBC,West Bengal,Murshidabad,True,False,BA,"hr-management,excel,finance,research",IT,Gurgaon,7.5,False
C4449,Komal Dubey,25,Female,OBC,Arunachal Pradesh,Changlang,False,True,MCA,"marketing,electrical",Agriculture,Ahmedabad,7.0,False
C4450,Sara Verma,21,Female,SC,Karnataka,Davanagere,False,False,B.Com,"problem-solving,python",IT,Hyderabad,8.8,False
C4451,Aditi Reddy,24,Female,OBC,Assam,Sonitpur,False,False,B.Tech,"communication,python",Education,Kolkata,7.3,False
C4452,Rohan Patel,21,Male,ST,Mizoram,Aizawl,False,True,BSc,"hr-management,finance,leadership,cad",Finance,Vadodara,8.1,False
C4453,Yash Kapoor,25,Male,ST,Kerala,Palakkad,False,False,BA,"cad,hr-management,finance,java,javascript",Manufacturing,Kolkata,6.9,False
C4454,Karan Das,21,Male,OBC,Bihar,Khagaria,True,True,MBA,"teaching,teamwork,hr-management,cad,critical-thinking",Agriculture,Delhi,7.3,False
C4455,Dhruv Verma,20,Male,OBC,Assam,Guwahati,False,True,BA,"accounting,marketing,leadership",IT,Any,7.5,False
C4456,Komal Yadav,24,Female,OBC,Rajasthan,Alwar,False,True,BSc,"javascript,cad,mechanical,data-analysis",Manufacturing,Mumbai,6.1,False
C4457,Suman Naidu,21,Female,General,Maharashtra,Pune,False,False,BA,"teaching,accounting,data-analysis,cad",Healthcare,Any,7.7,False
C4458,Veer Chopra,21,Male,ST,Bihar,Sheikhpura,False,False,B.Tech,"python,cad,sql,mechanical,research",Healthcare,Any,8.3,False
C4459,Geeta Das,25,Female,SC,Uttarakhand,Pauri Garhwal,False,False,B.Tech,"teamwork,c++",IT,Any,7.2,False
C4460,Varun Verma,22,Male,General,Chhattisgarh,Mahasamund,True,False,B.Tech,"leadership,graphic-design,agriculture",Education,Chandigarh,8.0,False
C4461,Vivek Patil,21,Male,General,Himachal Pradesh,Hamirpur,False,True,B.Com,"marketing,excel,cad",Manufacturing,Indore,7.9,False
C4462,Aditya Mehta,24,Male,OBC,Puducherry,Yanam,False,True,BA,"c++,graphic-design,critical-thinking",Finance,Any,7.4,False
C4463,Rudra Rao,20,Male,SC,Gujarat,Dahod,True,False,MCA,"research,hr-management",IT,Any,6.2,False
C4464,Isha Subramanian,20,Female,General,Assam,Hailakandi,False,True,B.Tech,"electrical,problem-solving,c++,civil,teamwork",Finance,Chennai,6.9,False
C4465,Ankit Mehta,25,Male,General,Tripura,West Tripura,False,False,B.Tech,"healthcare,graphic-design,java",Education,Any,7.5,False
C4466,Komal Patel,24,Female,OBC,Sikkim,Gangtok,False,True,B.Tech,"leadership,research,communication,project-management",Energy,Coimbatore,6.8,False
C4467,Veer Naidu,23,Male,General,Rajasthan,Jodhpur,False,False,B.Tech,"graphic-design,teamwork,c++,leadership",IT,Chandigarh,5.0,False
C4468,Manoj Ali,21,Male,SC,Himachal Pradesh,Shimla,False,False,BA,"python,finance,healthcare,marketing,electrical",Manufacturing,Jaipur,7.9,False
C4469,Anjali Joshi,22,Female,General,Himachal Pradesh,Hamirpur,False,False,BSc,"electrical,communication,hr-management,agriculture",Finance,Bangalore,9.2,False
C4470,Krishna Mishra,24,Male,General,Uttar Pradesh,Aligarh,False,False,MCA,"python,supply-chain,mechanical,research",Education,Indore,7.9,False
C4471,Sanjay Pillai,21,Male,EWS,Tripura,Dhalai,True,True,B.Tech,"java,javascript,hr-management",Finance,Lucknow,6.4,False
C4472,Aadhya Chatterjee,25,Female,SC,Gujarat,Bhavnagar,False,False,MBA,"communication,javascript,healthcare,project-management,content-writing",IT,Any,8.4,False
C4473,Sunil Das,23,Male,OBC,Tripura,North Tripura,False,False,B.Tech,"electrical,cad,digital-marketing,healthcare,finance",IT,Hyderabad,6.2,False
C4474,Suman Pillai,21,Female,OBC,Nagaland,Kohima,False,False,BSc,"sql,graphic-design",IT,Bangalore,7.5,False
C4475,Tanvi Patel,24,Female,OBC,Meghalaya,Ribhoi,False,False,MCA,"healthcare,project-management,critical-thinking,data-analysis",Manufacturing,Noida,9.2,False
C4476,Myra Kulkarni,22,Female,OBC,Jharkhand,Latehar,False,False,MCA,"teamwork,civil",Energy,Any,7.0,False
C4477,Sonal Gaikwad,24,Female,ST,Telangana,Khammam,False,False,MBA,"cad,agriculture",Education,Delhi,8.5,False
C4478,Pranav Singh,20,Male,ST,Jammu and Kashmir,Udhampur,False,False,MBA,"content-writing,finance,cad,project-management",Education,Coimbatore,6.8,False
C4479,Deepa Ghosh,23,Female,General,Sikkim,East District,False,False,BBA,"javascript,healthcare",IT,Delhi,8.5,False
C4480,Taylor Joshi,24,Other,SC,Goa,South Goa,False,False,BBA,"communication,healthcare,critical-thinking,teamwork,civil",IT,Any,9.1,False
C4481,Shalini Shetty,22,Female,OBC,Madhya Pradesh,Singrauli,False,True,BA,"graphic-design,machine-learning",Education,Any,8.7,False
C4482,Aanya More,25,Female,General,Ladakh,Leh,False,True,MCA,"machine-learning,excel",Manufacturing,Pune,8.1,True
C4483,Aarav Agarwal,20,Male,ST,Puducherry,Puducherry,False,False,B.Com,"teamwork,mechanical",Finance,Bangalore,6.9,False
C4484,Reyansh Chatterjee,25,Male,EWS,Mizoram,Lunglei,False,False,B.Tech,"marketing,cad,project-management",Finance,Any,7.1,False
C4485,Nisha Arora,22,Female,OBC,Uttarakhand,Haridwar,False,False,BA,"python,leadership,healthcare,graphic-design,javascript",Finance,Mumbai,7.2,False
C4486,Jordan Kumar,23,Other,General,Tamil Nadu,Erode,False,False,BBA,"electrical,agriculture",Healthcare,Bhubaneswar,9.3,False
C4487,Geeta Rao,20,Female,OBC,Andhra Pradesh,Krishna,False,False,BA,"javascript,project-management,machine-learning",Education,Any,7.0,False
C4488,Anita Mukherjee,20,Female,General,Puducherry,Karaikal,False,True,MCA,"cad,healthcare,mechanical,agriculture,communication",Finance,Any,6.5,False
C4489,Aditi Kumar,20,Female,SC,Uttar Pradesh,Gorakhpur,False,False,B.Tech,"javascript,civil,cad,electrical",Finance,Nagpur,7.0,True
C4490,Atharv Reddy,23,Male,General,Mizoram,Aizawl,False,False,BSc,"mechanical,data-analysis,agriculture,problem-solving,electrical",IT,Chennai,5.0,False
C4491,Varun Qureshi,25,Male,EWS,Punjab,Patiala,False,False,BA,"project-management,electrical,digital-marketing",Healthcare,Any,7.1,False
C4492,Riya Subramanian,23,Female,General,Jammu and Kashmir,Pulwama,True,True,B.Com,"javascript,problem-solving,critical-thinking",IT,Any,8.2,False
C4493,Manoj Nair,23,Male,EWS,Karnataka,Tumakuru,False,True,BSc,"project-management,civil",Education,Any,6.2,False
C4494,Ira Patil,21,Female,OBC,Himachal Pradesh,Una,False,False,B.Tech,"project-management,communication,sql,healthcare,critical-thinking",Agriculture,Hyderabad,6.6,False
C4495,Mohit Chopra,20,Male,OBC,Puducherry,Mahe,False,True,BBA,"digital-marketing,excel,agriculture,sql",Energy,Any,5.9,False
C4496,Ravi Pandey,25,Male,General,Odisha,Balangir,False,False,B.Tech,"python,javascript,sql",Education,Vadodara,6.1,False
C4497,Amit Rao,25,Male,EWS,Sikkim,East District,False,False,BA,"java,machine-learning,sql,graphic-design",IT,Jaipur,8.0,False
C4498,Aanya Kapoor,25,Other,General,Andaman and Nicobar Islands,North and Middle Andaman,False,False,MBA,"teaching,mechanical,agriculture,supply-chain",IT,Bhubaneswar,6.4,False
C4499,Jordan Joshi,25,Other,OBC,Rajasthan,Jaipur,False,False,B.Tech,"accounting,machine-learning,mechanical",Manufacturing,Any,6.6,False
C4500,Sara Mehta,23,Female,General,Sikkim,North District,False,True,MCA,"cad,data-analysis,civil",Finance,Any,8.2,False
C4501,Arjun Roy,23,Male,OBC,Kerala,Thrissur,False,False,B.Tech,"leadership,healthcare",IT,Any,5.9,False
C4502,Rani Bhatia,23,Female,OBC,Andhra Pradesh,Anantapur,False,False,BBA,"project-management,marketing",Agriculture,Delhi,5.8,True
C4503,Deepa Jadhav,25,Female,SC,Tamil Nadu,Erode,False,False,MBA,"communication,javascript,content-writing,digital-marketing,marketing",IT,Noida,7.2,False
C4504,Vivaan Bhatia,25,Male,General,Uttarakhand,Haridwar,True,True,B.Tech,"electrical,digital-marketing,cad",Agriculture,Noida,7.2,False
C4505,Ayaan Kulkarni,25,Male,General,Goa,North Goa,False,False,BA,"digital-marketing,communication,critical-thinking,javascript,cad",Finance,Mumbai,5.4,False
C4506,Aarav Siddiqui,23,Male,General,Maharashtra,Nashik,False,False,BBA,"python,healthcare",Healthcare,Bhubaneswar,5.7,False
C4507,Sunil Hegde,20,Male,SC,Andhra Pradesh,Guntur,True,False,BA,"research,critical-thinking,python",Energy,Vadodara,6.0,False
C4508,Preeti Chatterjee,25,Female,SC,Delhi,Central Delhi,False,False,B.Com,"electrical,accounting,cad",Finance,Any,7.1,False
C4509,Sachin Farooqui,22,Male,General,Jammu and Kashmir,Kathua,False,False,MBA,"content-writing,accounting,graphic-design,communication",IT,Any,6.0,False
C4510,Sara Siddiqui,22,Female,OBC,Karnataka,Davanagere,False,False,MBA,"problem-solving,civil,cad,machine-learning",Healthcare,Any,6.4,True
C4511,Manisha Kapoor,23,Female,ST,Lakshadweep,Kavaratti,False,False,B.Tech,"teamwork,civil,healthcare",IT,Indore,5.0,False
C4512,Rohan Arora,21,Male,SC,Jammu and Kashmir,Srinagar,False,True,BBA,"python,teamwork,finance,leadership",Agriculture,Any,8.4,False
C4513,Rohan Siddiqui,25,Male,General,Kerala,Palakkad,False,True,B.Tech,"java,digital-marketing",Education,Coimbatore,7.1,False
C4514,Deepa Mukherjee,25,Female,General,Goa,North Goa,False,True,BA,"digital-marketing,project-management",IT,Any,7.1,False
C4515,Riya Dubey,21,Female,General,Punjab,Jalandhar,True,False,MCA,"finance,communication,machine-learning",Manufacturing,Coimbatore,6.9,False
C4516,Diya Ansari,22,Female,SC,Nagaland,Kohima,False,True,B.Tech,"digital-marketing,communication,finance,content-writing,machine-learning",IT,Any,6.6,False
C4517,Harsh Chatterjee,21,Male,General,Sikkim,Gangtok,False,False,B.Tech,"finance,graphic-design,communication,python,accounting",Manufacturing,Mumbai,7.5,False
C4518,Anjali Hegde,21,Female,ST,Jammu and Kashmir,Anantnag,False,False,BSc,"research,content-writing,healthcare",Agriculture,Any,7.9,False
C4519,Rajesh Choudhary,21,Male,OBC,Kerala,Kozhikode,False,False,B.Com,"critical-thinking,teaching",Healthcare,Chandigarh,7.8,False
C4520,Shalini Patil,20,Female,OBC,Assam,Darrang,True,True,MBA,"teaching,hr-management,excel",Agriculture,Indore,5.7,False
C4521,Riya Rao,23,Female,OBC,Uttarakhand,Tehri Garhwal,False,False,BA,"agriculture,healthcare,supply-chain,excel",IT,Bangalore,6.3,False
C4522,Ajay Agarwal,22,Male,ST,Sikkim,Gangtok,False,False,BSc,"javascript,excel,data-analysis",IT,Lucknow,7.3,False
C4523,Manish Gaikwad,25,Male,General,Chandigarh,Chandigarh,False,False,MCA,"excel,finance,accounting,digital-marketing",IT,Hyderabad,7.9,False
C4524,Geeta Hussain,20,Female,OBC,Jammu and Kashmir,Anantnag,False,False,BBA,"communication,marketing",Healthcare,Kochi,5.2,True
C4525,Sara Menon,21,Female,General,Dadra and Nagar Haveli and Daman and Diu,Dadra and Nagar Haveli,False,False,MBA,"research,cad,healthcare,civil,finance",Healthcare,Any,6.4,False
C4526,Gaurav Gupta,25,Male,SC,Haryana,Karnal,False,True,MBA,"civil,c++,cad",Education,Any,9.1,False
C4527,Tanvi Subramanian,21,Female,General,Rajasthan,Baran,True,False,B.Tech,"c++,finance,agriculture",Finance,Nagpur,7.3,False
C4528,Kiara Singh,24,Female,EWS,Odisha,Koraput,False,False,B.Tech,"accounting,project-management,sql,cad,data-analysis",Agriculture,Any,9.2,False
C4529,Vandana Rajan,21,Female,General,West Bengal,North 24 Parganas,False,False,BA,"content-writing,research,javascript,c++,sql",Energy,Any,5.0,False
C4530,Shreya Hussain,23,Female,EWS,Punjab,Patiala,False,False,BSc,"digital-marketing,electrical,leadership,machine-learning,communication",Finance,Ahmedabad,6.7,False
C4531,Myra Kulkarni,23,Female,OBC,Andhra Pradesh,Anantapur,False,True,BSc,"marketing,communication,supply-chain,digital-marketing",Healthcare,Any,5.0,False
C4532,Preeti Shah,23,Female,General,Uttar Pradesh,Bareilly,False,False,BBA,"python,c++",Manufacturing,Lucknow,9.3,False
C4533,Meera Sharma,23,Female,OBC,Goa,South Goa,False,False,B.Tech,"excel,supply-chain,teaching,c++,marketing",IT,Gurgaon,7.9,False
C4534,Ira Kulkarni,20,Female,General,Delhi,North East Delhi,False,False,B.Com,"python,civil,communication",Energy,Kochi,5.9,False
C4535,Advik Patel,25,Male,General,Uttar Pradesh,Meerut,False,True,B.Tech,"electrical,content-writing,mechanical",Finance,Any,7.6,False
C4536,Aadi Thakur,24,Male,General,Himachal Pradesh,Solan,False,False,BSc,"c++,machine-learning,graphic-design,hr-management,excel",Finance,Mumbai,6.2,False
C4537,Kavita Roy,25,Female,OBC,Manipur,Imphal West,True,True,BSc,"research,leadership,communication,hr-management",Energy,Any,6.3,False
C4538,Sai Ansari,20,Male,OBC,Manipur,Bishnupur,False,False,B.Tech,"electrical,graphic-design",IT,Delhi,8.0,False
C4539,Dhruv Ali,22,Male,OBC,Goa,North Goa,False,True,BA,"excel,hr-management",Finance,Any,9.9,False
C4540,Avni Ansari,25,Female,General,Manipur,Imphal West,False,True,B.Tech,"cad,agriculture",Manufacturing,Nagpur,7.4,False
C4541,Asha Yadav,20,Female,OBC,Andaman and Nicobar Islands,Nicobar,True,False,BSc,"python,machine-learning",Manufacturing,Any,9.9,False
C4542,Vandana Menon,24,Female,General,Dadra and Nagar Haveli and Daman and Diu,Dadra and Nagar Haveli,False,False,B.Tech,"problem-solving,excel",IT,Delhi,7.9,False
C4543,Aditi Desai,25,Female,SC,Rajasthan,Jaipur,False,False,MCA,"javascript,teamwork,graphic-design,project-management",Healthcare,Jaipur,6.2,False
C4544,Rohan Farooqui,24,Male,General,West Bengal,South 24 Parganas,False,False,B.Tech,"leadership,excel",Education,Any,8.3,False
C4545,Harsh Hegde,24,Male,OBC,Maharashtra,Nagpur,False,True,B.Tech,"supply-chain,project-management,teamwork,research,healthcare",Healthcare,Any,7.3,False
C4546,Rudra Joshi,25,Male,General,Ladakh,Leh,False,True,MCA,"sql,cad,teaching,project-management",Finance,Delhi,7.1,False
C4547,Advik Tiwari,25,Male,General,Andaman and Nicobar Islands,South Andaman,False,True,BSc,"excel,python",Finance,Chennai,7.7,False
C4548,Aditya Shah,20,Male,SC,Tamil Nadu,Tiruchirappalli,False,False,BA,"project-management,data-analysis",Energy,Mumbai,7.4,False
C4549,Aryan Thakur,25,Male,General,Manipur,Bishnupur,False,False,MBA,"graphic-design,teamwork,python,data-analysis,finance",Energy,Jaipur,5.8,True
C4550,Deepa Singh,22,Female,General,Tamil Nadu,Salem,False,False,B.Tech,"project-management,supply-chain,sql,c++,hr-management",IT,Chennai,8.5,False
C4551,Navya Pandey,21,Female,General,Delhi,East Delhi,False,False,BSc,"project-management,data-analysis",Manufacturing,Jaipur,7.9,False
C4552,Manish Rao,22,Male,SC,Manipur,Imphal East,False,False,MCA,"critical-thinking,python",IT,Bangalore,7.2,False
C4553,Reyansh Sen,21,Male,SC,Nagaland,Dimapur,True,False,B.Com,"c++,accounting,excel,graphic-design",IT,Any,8.2,False
C4554,Rohan Khanna,22,Male,OBC,Punjab,Firozpur,True,False,MCA,"teaching,excel",Manufacturing,Any,8.6,False
C4555,Aadhya Ansari,20,Female,General,Tamil Nadu,Madurai,False,True,BBA,"supply-chain,critical-thinking,cad,leadership",Education,Kochi,6.6,False
C4556,Manoj Kapoor,22,Male,General,Madhya Pradesh,Indore,False,False,B.Tech,"content-writing,finance,agriculture",Manufacturing,Chennai,7.0,False
C4557,Rohan Siddiqui,23,Male,ST,Mizoram,Champhai,False,True,BA,"leadership,javascript,agriculture,healthcare",IT,Jaipur,8.0,False
C4558,Siddharth Mishra,21,Male,OBC,Tamil Nadu,Kanchipuram,False,False,B.Com,"content-writing,sql,machine-learning,java,research",IT,Any,5.7,False
C4559,Rohan Ansari,23,Male,General,Andaman and Nicobar Islands,North and Middle Andaman,False,False,B.Tech,"machine-learning,teamwork,supply-chain,leadership",Manufacturing,Gurgaon,7.0,False
C4560,Sachin Mirza,20,Male,General,Tamil Nadu,Coimbatore,False,True,MBA,"content-writing,agriculture,excel",IT,Any,6.2,False
C4561,Nisha Patil,22,Female,OBC,Uttarakhand,Dehradun,False,False,BA,"accounting,teamwork,project-management,python,leadership",IT,Any,8.6,True
C4562,Aditya Subramanian,25,Male,General,Tamil Nadu,Kanchipuram,False,False,B.Com,"project-management,research",Healthcare,Delhi,7.1,False
C4563,Ajay Ghosh,21,Male,General,Punjab,Bathinda,False,True,B.Com,"python,excel,marketing,machine-learning",IT,Any,6.8,False
C4564,Aarav Patel,25,Male,OBC,Puducherry,Yanam,False,True,MBA,"communication,electrical",IT,Chandigarh,8.4,False
C4565,Rakesh Shah,25,Male,General,Telangana,Medchal,False,True,B.Tech,"machine-learning,teamwork,content-writing",IT,Bangalore,7.0,False
C4566,Neha Desai,23,Female,EWS,Karnataka,Belagavi,False,False,B.Com,"civil,teaching,python,graphic-design,content-writing",IT,Ahmedabad,8.0,False
C4567,Atharv Sen,21,Male,OBC,Puducherry,Puducherry,False,True,MCA,"hr-management,research",Education,Any,7.8,False
C4568,Sunita Desai,20,Female,OBC,Ladakh,Leh,False,True,BSc,"communication,healthcare,research,data-analysis",IT,Hyderabad,7.4,False
C4569,Yash More,21,Male,EWS,Nagaland,Tuensang,True,False,MBA,"machine-learning,digital-marketing",Education,Bangalore,6.4,False
C4570,Abhishek Banerjee,21,Male,General,Maharashtra,Nashik,False,False,BBA,"data-analysis,java,digital-marketing",IT,Any,6.9,False
C4571,Shaurya Patil,24,Male,SC,Chandigarh,Chandigarh,False,False,BSc,"accounting,leadership,communication",Education,Kolkata,6.3,False
C4572,Yash Reddy,22,Male,General,Maharashtra,Nandurbar,False,True,B.Com,"digital-marketing,leadership,healthcare",Agriculture,Bangalore,8.0,False
C4573,Abhishek Rajan,20,Male,ST,Chhattisgarh,Sukma,False,False,B.Com,"marketing,graphic-design,critical-thinking,sql",IT,Coimbatore,8.1,False
C4574,Taylor Bose,25,Other,OBC,Karnataka,Bengaluru Urban,False,True,MBA,"mechanical,finance,supply-chain,machine-learning",Healthcare,Any,6.5,False
C4575,Aditya Chatterjee,20,Male,OBC,Andaman and Nicobar Islands,Nicobar,False,True,BA,"machine-learning,javascript,marketing,sql",IT,Noida,5.9,False
C4576,Rudra Mirza,20,Male,General,Ladakh,Kargil,False,True,B.Tech,"python,content-writing",IT,Jaipur,7.8,False
C4577,Meera Patel,25,Female,EWS,Karnataka,Tumakuru,False,False,B.Tech,"research,teamwork,data-analysis",Education,Hyderabad,8.0,False
C4578,Aanya Rao,23,Female,OBC,Punjab,Patiala,False,False,B.Com,"data-analysis,graphic-design",Education,Any,5.3,False
C4579,Ritu Shah,24,Female,EWS,Dadra and Nagar Haveli and Daman and Diu,Daman,False,False,BA,"mechanical,leadership",Education,Nagpur,6.5,False
C4580,Arjun Sharma,21,Male,EWS,Delhi,New Delhi,False,True,BA,"electrical,data-analysis",IT,Hyderabad,5.1,True
C4581,Anil Pillai,20,Male,OBC,Manipur,Chandel,True,False,B.Tech,"project-management,digital-marketing",IT,Delhi,5.8,False
C4582,Sunil More,24,Male,OBC,Uttarakhand,Dehradun,True,False,BSc,"supply-chain,communication",Healthcare,Chennai,8.9,False
C4583,Arjun Subramanian,25,Male,General,Uttarakhand,Pauri Garhwal,False,True,BSc,"problem-solving,marketing,machine-learning",IT,Any,5.9,False
C4584,Aarohi Reddy,22,Female,General,Manipur,Churachandpur,False,True,B.Tech,"excel,civil",Education,Kochi,8.8,False
C4585,Saanvi Jadhav,20,Female,General,Mizoram,Champhai,True,True,MCA,"excel,python",Finance,Coimbatore,8.7,False
C4586,Rahul Yadav,24,Male,General,Rajasthan,Bharatpur,False,False,BA,"sql,civil",Manufacturing,Any,9.4,False
C4587,Ira Nair,22,Female,General,Assam,Guwahati,False,False,B.Com,"marketing,critical-thinking,finance,hr-management,data-analysis",Manufacturing,Any,6.8,False
C4588,Karan Nair,23,Male,General,Mizoram,Mamit,False,True,B.Com,"communication,digital-marketing,civil",Healthcare,Coimbatore,6.5,False
C4589,Riya Menon,20,Female,SC,Karnataka,Kalaburagi,False,False,MBA,"healthcare,critical-thinking,electrical",Healthcare,Hyderabad,9.8,False
C4590,Pallavi Bose,24,Female,SC,Assam,Goalpara,False,True,BSc,"teamwork,marketing",Agriculture,Bangalore,5.6,False
C4591,Kabir Farooqui,20,Male,ST,Meghalaya,East Khasi Hills,False,False,MBA,"data-analysis,critical-thinking,c++",Energy,Jaipur,8.3,False
C4592,Ankit Ahmed,25,Male,OBC,Haryana,Faridabad,False,True,MCA,"agriculture,machine-learning",Education,Lucknow,5.4,True
C4593,Arjun Khanna,20,Male,OBC,Chandigarh,Chandigarh,False,True,B.Tech,"communication,accounting,critical-thinking",IT,Any,9.3,False
C4594,Ritu Menon,24,Female,OBC,Ladakh,Kargil,False,False,B.Tech,"finance,problem-solving,research",Healthcare,Kochi,6.4,False
C4595,Pari Pillai,22,Female,EWS,Delhi,New Delhi,False,False,B.Com,"javascript,hr-management,teamwork",IT,Ahmedabad,8.0,True
C4596,Jordan Yadav,21,Other,General,Chandigarh,Chandigarh,False,False,B.Com,"graphic-design,healthcare",IT,Any,6.3,False
C4597,Ritu Verma,20,Female,SC,Puducherry,Mahe,False,True,B.Com,"communication,finance,c++,project-management",Education,Any,7.0,False
C4598,Shaurya Khan,23,Male,SC,Dadra and Nagar Haveli and Daman and Diu,Dadra and Nagar Haveli,False,True,BA,"project-management,marketing,supply-chain",Healthcare,Hyderabad,8.8,False
C4599,Taylor Sen,23,Other,EWS,Chandigarh,Chandigarh,False,False,B.Tech,"sql,communication",IT,Any,5.6,False
C4600,Aditya Gaikwad,23,Male,EWS,Punjab,Firozpur,True,False,B.Tech,"javascript,mechanical,teamwork,supply-chain",Manufacturing,Any,6.6,False
C4601,Aarohi Shaikh,20,Female,ST,Ladakh,Leh,False,False,B.Tech,"problem-solving,c++,agriculture,project-management,leadership",IT,Any,7.2,False
C4602,Vandana Hussain,21,Female,General,Ladakh,Kargil,False,True,B.Tech,"c++,javascript",IT,Ahmedabad,6.7,False
C4603,Arjun Singh,20,Male,OBC,Jammu and Kashmir,Anantnag,False,True,B.Com,"sql,data-analysis,mechanical",IT,Ahmedabad,7.4,False
C4604,Aadi Patil,25,Male,General,Nagaland,Kiphire,False,True,BSc,"sql,problem-solving",Energy,Chandigarh,7.5,False
C4605,Laxmi Choudhary,25,Female,ST,Karnataka,Hubballi-Dharwad,False,True,B.Com,"teamwork,c++,machine-learning,sql",Finance,Any,7.6,False
C4606,Shalini Subramanian,20,Female,General,Himachal Pradesh,Kangra,False,False,MBA,"communication,teamwork,cad,project-management",Education,Chennai,7.6,False
C4607,Usha Banerjee,20,Female,OBC,Dadra and Nagar Haveli and Daman and Diu,Daman,False,False,B.Com,"machine-learning,finance,research,hr-management",Finance,Ahmedabad,7.7,False
C4608,Laxmi Dubey,25,Female,General,Assam,Cachar,False,True,B.Tech,"teamwork,teaching,healthcare",Agriculture,Pune,8.0,False
C4609,Anika Singh,21,Female,General,Bihar,Begusarai,False,False,BBA,"excel,cad,content-writing",Energy,Indore,8.3,False
C4610,Avni Choudhary,23,Female,OBC,Delhi,North Delhi,False,False,B.Tech,"healthcare,civil,communication,supply-chain,research",Finance,Any,8.1,False
C4611,Pari Yadav,23,Female,OBC,Telangana,Medchal,False,False,BSc,"teaching,hr-management,marketing",IT,Any,6.7,False
C4612,Navya Arora,21,Female,ST,Uttarakhand,Nainital,True,False,MBA,"accounting,finance,python,data-analysis,machine-learning",IT,Any,7.3,False
C4613,Karan Bhatia,25,Male,EWS,Assam,Udalguri,False,False,B.Tech,"excel,cad,graphic-design,digital-marketing,marketing",IT,Pune,7.3,False
C4614,Gaurav Mukherjee,20,Male,General,Punjab,Patiala,False,True,B.Tech,"machine-learning,critical-thinking,javascript",Education,Any,5.5,False
C4615,Divya Sharma,22,Female,General,Sikkim,South District,False,True,MCA,"excel,c++,mechanical",Healthcare,Pune,8.1,False
C4616,Pallavi Ansari,22,Female,General,Andaman and Nicobar Islands,South Andaman,False,False,BSc,"supply-chain,digital-marketing,cad,graphic-design,project-management",Agriculture,Kolkata,6.4,False
C4617,Gaurav Rao,23,Male,OBC,Arunachal Pradesh,Lower Subansiri,False,True,MCA,"javascript,excel",IT,Any,6.4,False
C4618,Dhruv Menon,25,Male,ST,Tripura,Gomati,False,True,MCA,"python,critical-thinking,leadership",Finance,Any,5.0,False
C4619,Ravi Mukherjee,23,Male,General,Puducherry,Yanam,False,True,BBA,"excel,critical-thinking,supply-chain,healthcare,civil",Finance,Delhi,8.6,False
C4620,Ritu More,21,Female,General,Delhi,Shahdara,False,False,B.Tech,"cad,marketing",Agriculture,Chennai,6.5,False
C4621,Manisha Ahmed,22,Female,SC,Haryana,Faridabad,False,True,BA,"marketing,java,electrical,graphic-design,excel",Finance,Any,7.7,False
C4622,Advik Thakur,22,Male,General,Chhattisgarh,Korba,True,True,BSc,"accounting,cad,digital-marketing,leadership",IT,Chennai,7.6,False
C4623,Aadhya Krishnan,25,Female,EWS,Rajasthan,Kota,False,True,B.Tech,"finance,project-management,teamwork,supply-chain",Agriculture,Any,6.7,False
C4624,Shalini Naidu,21,Female,OBC,Maharashtra,Ahmednagar,False,True,B.Com,"accounting,sql,content-writing,graphic-design",Energy,Hyderabad,6.3,False
C4625,Aryan Arora,20,Male,EWS,Punjab,Hoshiarpur,False,True,B.Tech,"hr-management,cad,content-writing,sql,excel",Healthcare,Any,5.4,True
C4626,Asha Singh,21,Female,General,West Bengal,Dakshin Dinajpur,False,False,BA,"hr-management,digital-marketing,accounting,teaching",IT,Any,7.3,False
C4627,Ishaan Reddy,21,Male,General,Tamil Nadu,Tirunelveli,False,True,BSc,"sql,excel,marketing,leadership,research",IT,Hyderabad,6.2,False
C4628,Meera Sen,23,Female,General,Telangana,Adilabad,False,False,B.Com,"graphic-design,python,supply-chain,healthcare,problem-solving",IT,Any,6.8,False
C4629,Nikhil Shetty,25,Male,OBC,Puducherry,Puducherry,False,False,BBA,"teamwork,finance,graphic-design,marketing,problem-solving",Energy,Chandigarh,7.7,False
C4630,Siddharth Ansari,21,Male,EWS,Jharkhand,Hazaribagh,True,True,MCA,"marketing,python,digital-marketing",Energy,Any,7.4,False
C4631,Rajesh Chopra,22,Male,EWS,Assam,Sonitpur,False,False,MBA,"project-management,mechanical,content-writing,critical-thinking,teaching",Healthcare,Ahmedabad,7.0,False
C4632,Rohan Reddy,25,Male,General,Jharkhand,Garhwa,True,True,MBA,"agriculture,supply-chain,communication",Education,Kochi,7.9,True
C4633,Rekha Mirza,22,Female,ST,Jammu and Kashmir,Baramulla,False,False,MBA,"python,cad,problem-solving",Manufacturing,Lucknow,7.7,False
C4634,Rohan Banerjee,20,Male,EWS,Jharkhand,Pashchimi Singhbhum,True,False,B.Tech,"electrical,teaching,accounting,project-management,hr-management",IT,Coimbatore,5.6,False
C4635,Vihaan Sharma,22,Male,General,Sikkim,North District,False,False,BSc,"cad,leadership,java,content-writing,excel",Healthcare,Ahmedabad,8.2,False
C4636,Tanvi Jadhav,22,Female,General,Maharashtra,Nashik,False,False,B.Com,"marketing,sql,problem-solving,teaching",Manufacturing,Any,7.9,False
C4637,Laxmi Sen,22,Female,SC,Kerala,Kollam,False,False,BA,"mechanical,content-writing",Energy,Mumbai,6.7,False
C4638,Karan Gaikwad,21,Male,General,Tripura,Unakoti,False,True,BSc,"supply-chain,civil,digital-marketing",Energy,Any,6.1,False
C4639,Rani Banerjee,22,Female,EWS,Puducherry,Karaikal,False,False,MCA,"project-management,data-analysis",IT,Ahmedabad,7.5,False
C4640,Diya Arora,25,Female,EWS,Odisha,Gajapati,False,True,BSc,"problem-solving,python,machine-learning,project-management",Energy,Any,7.4,True
C4641,Jyoti Shah,24,Female,ST,Puducherry,Yanam,True,True,BBA,"electrical,data-analysis,python,hr-management,civil",IT,Hyderabad,7.7,False
C4642,Pallavi Gupta,25,Female,OBC,Odisha,Cuttack,False,False,BSc,"civil,c++,project-management,research,javascript",Energy,Noida,8.0,True
C4643,Naveen Gaikwad,21,Male,General,Karnataka,Mysuru,False,True,BA,"teaching,python",IT,Kolkata,8.2,False
C4644,Asha Ali,21,Female,OBC,Goa,South Goa,False,True,B.Tech,"finance,research",Manufacturing,Coimbatore,7.7,False
C4645,Akash Banerjee,22,Male,OBC,Jammu and Kashmir,Srinagar,False,False,BA,"healthcare,research,teaching",Finance,Mumbai,8.1,False
C4646,Meera Roy,25,Female,EWS,Sikkim,East District,False,False,MBA,"data-analysis,supply-chain,problem-solving",Finance,Any,7.8,False
C4647,Riya Farooqui,21,Other,SC,Maharashtra,Nagpur,False,False,BBA,"civil,machine-learning",Finance,Vadodara,7.0,False
C4648,Sneha Hussain,20,Female,General,Punjab,Firozpur,False,False,BA,"java,sql,communication",Education,Any,7.3,False
C4649,Navya Roy,20,Female,EWS,Chandigarh,Chandigarh,False,False,B.Tech,"marketing,graphic-design",Manufacturing,Chandigarh,7.4,False
C4650,Kavya Kulkarni,24,Female,ST,Karnataka,Hubballi-Dharwad,True,False,BSc,"electrical,machine-learning,javascript,supply-chain",Manufacturing,Lucknow,7.0,False
C4651,Aarav Desai,23,Male,General,Himachal Pradesh,Kullu,False,True,BSc,"project-management,machine-learning",Finance,Lucknow,5.1,True
C4652,Bhavna Kumar,21,Female,OBC,Uttar Pradesh,Bahraich,False,False,B.Tech,"civil,mechanical,critical-thinking,teaching,leadership",IT,Any,8.1,False
C4653,Pankaj Iyer,21,Male,General,Ladakh,Kargil,False,False,B.Tech,"civil,healthcare,javascript,project-management",IT,Any,7.4,False
C4654,Pooja Malhotra,20,Female,ST,West Bengal,South 24 Parganas,False,True,BSc,"marketing,healthcare,problem-solving",IT,Gurgaon,7.5,True
C4655,Rohan Gupta,22,Male,OBC,Punjab,Moga,True,False,MBA,"digital-marketing,cad,content-writing,healthcare,agriculture",Education,Kochi,5.8,False
C4656,Kavya Jadhav,23,Female,OBC,Tripura,West Tripura,False,True,B.Tech,"data-analysis,teamwork,finance",IT,Gurgaon,5.7,False
C4657,Pari Iyer,21,Female,SC,Meghalaya,West Garo Hills,False,True,MCA,"graphic-design,excel,python",Education,Ahmedabad,8.3,False
C4658,Diya Arora,23,Female,ST,Madhya Pradesh,Vidisha,False,False,BA,"teamwork,marketing,hr-management",IT,Indore,6.6,False
C4659,Aarav Ali,22,Male,EWS,Lakshadweep,Kavaratti,False,True,B.Tech,"cad,problem-solving,critical-thinking",Healthcare,Hyderabad,7.3,False
C4660,Neha Sen,23,Female,General,Manipur,Ukhrul,False,False,B.Tech,"project-management,data-analysis,cad,machine-learning",Healthcare,Kochi,7.9,False
C4661,Atharv Sen,24,Male,General,Karnataka,Mangaluru,False,True,BA,"javascript,supply-chain",Manufacturing,Any,7.0,False
C4662,Arjun Khan,22,Male,EWS,Lakshadweep,Minicoy,False,True,B.Tech,"project-management,electrical",Finance,Kochi,7.7,False
C4663,Meera Choudhary,20,Female,OBC,Delhi,East Delhi,True,False,B.Tech,"supply-chain,teaching",Education,Bangalore,5.5,False
C4664,Pallavi Bhatia,21,Female,OBC,Puducherry,Mahe,False,False,MBA,"finance,teaching,project-management",Manufacturing,Kochi,5.0,False
C4665,Suresh Choudhary,25,Male,SC,Sikkim,South District,False,True,B.Com,"problem-solving,project-management,healthcare,java,c++",IT,Any,7.9,False
C4666,Jordan More,24,Other,SC,Assam,Goalpara,False,False,MCA,"sql,accounting,supply-chain,critical-thinking",IT,Coimbatore,7.0,False
C4667,Kabir Khanna,24,Male,EWS,Tripura,West Tripura,True,True,MBA,"data-analysis,agriculture",IT,Chennai,8.0,False
C4668,Veer Gupta,21,Male,General,Uttar Pradesh,Kanpur Nagar,False,False,BSc,"supply-chain,data-analysis,javascript,electrical",Energy,Ahmedabad,9.3,False
C4669,Sonal Pillai,20,Female,ST,Assam,Sonitpur,False,False,BA,"cad,machine-learning",Finance,Any,7.2,False
C4670,Veer Kumar,24,Male,General,West Bengal,Kolkata,False,True,MBA,"research,supply-chain,communication,hr-management,content-writing",Agriculture,Vadodara,6.9,False
C4671,Aryan Chatterjee,20,Male,OBC,Tripura,Gomati,False,False,BA,"civil,graphic-design,critical-thinking,communication",Agriculture,Any,9.0,True
C4672,Rohan Hegde,20,Male,OBC,Lakshadweep,Minicoy,False,False,BSc,"agriculture,content-writing,healthcare",Education,Any,5.0,False
C4673,Sara Verma,21,Female,SC,West Bengal,Howrah,False,False,BBA,"teamwork,machine-learning,excel",Education,Chandigarh,7.7,False
C4674,Arjun Hussain,21,Male,OBC,Chandigarh,Chandigarh,False,False,BSc,"sql,machine-learning,javascript,java",IT,Any,8.1,False
C4675,Divya Choudhary,22,Female,OBC,Tamil Nadu,Thanjavur,False,False,BBA,"cad,c++,python,healthcare",Finance,Hyderabad,7.9,False
C4676,Sonal Nair,24,Female,ST,Gujarat,Gandhinagar,False,True,B.Com,"supply-chain,communication",IT,Any,7.4,False
C4677,Suresh Das,22,Male,OBC,Uttar Pradesh,Meerut,False,False,BSc,"python,machine-learning,civil",Healthcare,Any,7.4,False
C4678,Kavita Shetty,25,Female,General,West Bengal,Kolkata,False,True,B.Com,"javascript,research,healthcare",Agriculture,Any,5.2,True
C4679,Akash Jadhav,25,Male,EWS,Delhi,New Delhi,False,False,B.Tech,"sql,communication",IT,Delhi,8.0,False
C4680,Vihaan Verma,25,Male,OBC,Andaman and Nicobar Islands,South Andaman,False,True,B.Tech,"mechanical,data-analysis,marketing,finance,healthcare",Manufacturing,Any,6.5,False
C4681,Aarohi Tiwari,24,Female,EWS,West Bengal,Darjeeling,False,False,B.Com,"cad,healthcare,python",Energy,Kolkata,6.4,False
C4682,Neha Das,20,Female,SC,Manipur,Bishnupur,False,False,B.Com,"sql,teamwork,javascript,hr-management",Finance,Coimbatore,7.2,False
C4683,Usha Kapoor,20,Female,ST,Andaman and Nicobar Islands,Nicobar,False,True,MBA,"excel,data-analysis,c++,electrical",Education,Chennai,7.7,True
C4684,Geeta Reddy,25,Female,ST,Maharashtra,Osmanabad,False,False,B.Com,"machine-learning,supply-chain,finance",Manufacturing,Kolkata,6.3,False
C4685,Ankit Thakur,20,Male,EWS,Ladakh,Kargil,False,True,BSc,"hr-management,problem-solving,communication",Healthcare,Chennai,6.9,False
C4686,Deepak More,23,Male,General,Madhya Pradesh,Ujjain,True,True,B.Tech,"civil,teamwork,marketing,cad",IT,Ahmedabad,7.2,False
C4687,Rudra Verma,20,Male,General,Gujarat,Gandhinagar,True,True,B.Com,"mechanical,digital-marketing",Manufacturing,Any,8.2,False
C4688,Ajay Malhotra,25,Male,ST,Tripura,Unakoti,False,True,B.Com,"digital-marketing,research,python",IT,Any,7.4,True
C4689,Suman Nair,23,Female,ST,Sikkim,West District,False,False,BA,"healthcare,leadership,excel,marketing,research",Agriculture,Pune,7.3,False
C4690,Asha Pillai,24,Female,General,Meghalaya,West Garo Hills,True,True,BA,"electrical,java,healthcare",Energy,Any,8.1,False
C4691,Deepak Patil,23,Male,SC,Himachal Pradesh,Mandi,False,False,B.Tech,"marketing,java,machine-learning",Manufacturing,Gurgaon,8.2,False
C4692,Anil Joshi,22,Male,ST,Puducherry,Yanam,False,False,B.Tech,"healthcare,accounting,excel",Agriculture,Any,7.5,False
C4693,Anika Menon,25,Female,OBC,Kerala,Alappuzha,False,False,B.Tech,"teamwork,content-writing,c++,graphic-design",IT,Any,8.8,False
C4694,Mohit Shah,20,Male,General,Sikkim,East District,False,False,B.Tech,"research,machine-learning",Agriculture,Indore,9.0,True
C4695,Manish Sharma,24,Male,General,Tripura,Dhalai,False,True,B.Tech,"mechanical,python,teamwork",IT,Any,9.1,False
C4696,Ravi Subramanian,21,Male,EWS,Delhi,South Delhi,False,False,BBA,"cad,problem-solving,communication,teamwork",Finance,Mumbai,7.7,False
C4697,Aditi Qureshi,22,Female,OBC,West Bengal,Howrah,False,True,BBA,"cad,javascript,communication,data-analysis",IT,Noida,7.0,False
C4698,Pari Pillai,25,Female,SC,Goa,South Goa,True,False,BSc,"project-management,research,data-analysis,teaching,agriculture",Finance,Noida,7.5,False
C4699,Varun Shaikh,23,Male,General,Lakshadweep,Minicoy,False,False,B.Tech,"hr-management,python",Finance,Any,7.7,False
C4700,Abhishek Ghosh,22,Male,SC,Jammu and Kashmir,Pulwama,False,False,B.Tech,"machine-learning,content-writing",Finance,Chandigarh,5.5,False
C4701,Mohit Desai,20,Male,General,Meghalaya,Jaintia Hills,False,False,B.Tech,"critical-thinking,teaching,supply-chain,graphic-design,javascript",Healthcare,Indore,8.7,False
C4702,Bhavna Ansari,23,Female,General,Karnataka,Bengaluru Urban,False,True,BA,"critical-thinking,supply-chain,sql,marketing,mechanical",IT,Any,8.0,False
C4703,Kabir Nair,22,Male,General,Delhi,North East Delhi,False,False,B.Tech,"communication,critical-thinking,marketing,java",IT,Any,5.7,False
C4704,Anil Sen,20,Male,General,Mizoram,Aizawl,False,False,B.Com,"excel,marketing,data-analysis",Agriculture,Any,8.1,False
C4705,Veer Shaikh,22,Male,OBC,Tamil Nadu,Tirunelveli,False,False,B.Tech,"research,data-analysis,supply-chain,machine-learning",Education,Kolkata,9.9,False
C4706,Geeta Pandey,25,Female,General,Manipur,Thoubal,False,True,BA,"marketing,cad,c++",Healthcare,Delhi,7.9,False
C4707,Suresh Das,21,Male,SC,Assam,Hailakandi,False,False,B.Com,"teaching,digital-marketing,java,agriculture",Energy,Any,8.0,False
C4708,Asha Reddy,23,Female,General,Dadra and Nagar Haveli and Daman and Diu,Diu,False,False,B.Tech,"accounting,finance,project-management,problem-solving,hr-management",IT,Kolkata,6.8,False
C4709,Rakesh Das,24,Male,SC,Kerala,Ernakulam,False,False,BBA,"graphic-design,mechanical,hr-management,excel,agriculture",Healthcare,Any,5.0,False
C4710,Aanya Ansari,23,Female,OBC,West Bengal,Kolkata,False,True,B.Tech,"hr-management,research",Manufacturing,Jaipur,7.8,False
C4711,Aanya Bhatia,23,Female,SC,Punjab,Jalandhar,False,False,MCA,"graphic-design,agriculture,electrical",Healthcare,Gurgaon,6.8,False
C4712,Myra Subramanian,22,Female,OBC,Haryana,Sonipat,False,False,BBA,"problem-solving,javascript,finance,machine-learning,healthcare",Healthcare,Nagpur,7.8,False
C4713,Ankit Desai,21,Male,General,West Bengal,North 24 Parganas,False,False,BSc,"machine-learning,digital-marketing,java",Manufacturing,Jaipur,7.3,False
C4714,Aadi Sen,24,Male,EWS,Punjab,Ludhiana,False,False,BBA,"data-analysis,javascript",Manufacturing,Any,7.2,True
C4715,Divya Kulkarni,22,Female,SC,Karnataka,Yadgir,True,True,BSc,"sql,leadership,marketing",Education,Any,5.8,False
C4716,Abhishek Roy,24,Male,SC,Gujarat,Rajkot,False,False,B.Tech,"teamwork,content-writing",Energy,Any,6.5,True
C4717,Aarav Chatterjee,21,Male,SC,Jharkhand,Godda,True,True,B.Tech,"cad,teaching,accounting,research",Education,Any,7.3,False
C4718,Akash Thakur,22,Male,General,Puducherry,Mahe,False,False,MBA,"research,project-management,communication,accounting,cad",Finance,Chennai,8.1,True
C4719,Amit Patil,22,Male,OBC,Telangana,Hyderabad,False,True,BSc,"communication,supply-chain",IT,Hyderabad,7.9,False
C4720,Tanvi Shah,22,Female,OBC,Puducherry,Karaikal,False,False,B.Tech,"electrical,c++,content-writing,graphic-design",Energy,Indore,8.5,False
C4721,Arjun Shaikh,24,Male,SC,Karnataka,Hubballi-Dharwad,False,False,BBA,"research,digital-marketing,finance,excel,python",Agriculture,Any,6.7,False
C4722,Advik Banerjee,25,Male,EWS,Arunachal Pradesh,Tawang,False,False,BA,"excel,hr-management,graphic-design",Manufacturing,Hyderabad,6.3,False
C4723,Pankaj Rajan,25,Male,General,Odisha,Khordha,False,False,BBA,"project-management,marketing,javascript,civil",Education,Any,7.5,False
C4724,Siddharth Bhatia,23,Male,SC,Dadra and Nagar Haveli and Daman and Diu,Daman,True,True,BSc,"machine-learning,javascript,cad,c++,electrical",Agriculture,Chandigarh,6.6,False
C4725,Vikram Dubey,21,Male,SC,Puducherry,Mahe,False,True,B.Tech,"mechanical,agriculture,teamwork,civil",Manufacturing,Any,8.4,False
C4726,Harsh Mishra,25,Male,OBC,Tamil Nadu,Coimbatore,False,True,BBA,"javascript,marketing,electrical,excel",Agriculture,Pune,8.7,False
C4727,Ira Kumar,25,Female,General,Andaman and Nicobar Islands,North and Middle Andaman,False,False,B.Tech,"civil,teaching",Education,Bhubaneswar,6.2,True
C4728,Ravi Ahmed,20,Male,General,Haryana,Sonipat,False,False,B.Tech,"civil,sql,data-analysis",Healthcare,Indore,7.7,False
C4729,Ajay Sen,22,Male,SC,Delhi,West Delhi,False,False,B.Com,"c++,research",Finance,Delhi,7.0,False
C4730,Rajesh Reddy,20,Male,General,Madhya Pradesh,Guna,True,False,MBA,"excel,civil,teaching,machine-learning",Education,Noida,8.1,False
C4731,Karan Kumar,22,Male,General,Andaman and Nicobar Islands,South Andaman,False,True,MBA,"finance,graphic-design,critical-thinking",Agriculture,Any,7.7,False
C4732,Rekha Joshi,24,Female,EWS,Kerala,Alappuzha,False,False,B.Tech,"sql,agriculture",Energy,Any,8.0,False
C4733,Karan Shaikh,25,Male,General,Ladakh,Kargil,False,False,MBA,"java,data-analysis,communication,excel",Manufacturing,Any,8.4,False
C4734,Sneha Mehta,20,Female,General,West Bengal,Maldah,False,False,B.Com,"content-writing,leadership,research,accounting",Finance,Any,6.4,False
C4735,Myra Jadhav,20,Female,General,Andhra Pradesh,Y.S.R. Kadapa,False,True,MCA,"critical-thinking,accounting,teaching,graphic-design,python",IT,Gurgaon,9.4,False
C4736,Sonal Arora,22,Female,General,Chandigarh,Chandigarh,False,True,B.Tech,"data-analysis,agriculture",Manufacturing,Any,8.5,False
C4737,Sanjay Patil,25,Male,ST,Madhya Pradesh,Ujjain,False,False,MBA,"content-writing,teaching,sql,graphic-design,research",Education,Delhi,6.6,False
C4738,Sanjay Iyer,25,Male,OBC,West Bengal,Nadia,True,False,B.Tech,"python,communication,machine-learning,sql,content-writing",Education,Ahmedabad,7.2,False
C4739,Taylor Joshi,21,Other,ST,Sikkim,South District,False,False,B.Tech,"mechanical,healthcare,content-writing,research,hr-management",Finance,Any,6.4,True
C4740,Atharv Rajan,21,Male,General,Nagaland,Tuensang,False,True,MBA,"finance,hr-management,mechanical",IT,Any,8.1,False
C4741,Karan Patel,24,Male,OBC,Arunachal Pradesh,Namsai,False,False,BBA,"communication,teaching,sql,electrical,c++",IT,Indore,7.5,False
C4742,Amit Sharma,20,Male,SC,Jammu and Kashmir,Pulwama,False,False,B.Com,"communication,graphic-design,problem-solving",Healthcare,Gurgaon,5.0,False
C4743,Vivek Desai,20,Male,ST,Gujarat,Jamnagar,False,False,B.Tech,"supply-chain,javascript,finance",Finance,Any,8.9,False
C4744,Avni Jadhav,20,Female,General,Karnataka,Mysuru,False,False,BSc,"communication,leadership",Education,Kochi,5.7,False
C4745,Manoj Chatterjee,22,Male,OBC,Lakshadweep,Minicoy,False,False,BSc,"data-analysis,java",Healthcare,Chennai,9.0,False
C4746,Akash Chopra,22,Male,OBC,Assam,Cachar,False,True,B.Tech,"content-writing,digital-marketing,finance,excel,electrical",Energy,Indore,8.3,False
C4747,Sneha Desai,22,Female,EWS,Manipur,Churachandpur,True,False,BSc,"sql,research,healthcare,marketing",Energy,Jaipur,6.2,True
C4748,Riya Ghosh,22,Female,EWS,Andhra Pradesh,Kurnool,False,False,B.Com,"teaching,mechanical",IT,Any,8.5,False
C4749,Arjun Singh,24,Male,OBC,Jammu and Kashmir,Kathua,False,True,B.Tech,"machine-learning,agriculture,hr-management,javascript",Energy,Mumbai,6.7,False
C4750,Aadi Qureshi,24,Male,General,Maharashtra,Washim,False,False,B.Com,"accounting,java,digital-marketing,mechanical",Finance,Any,5.1,False
C4751,Kabir Verma,21,Other,ST,Arunachal Pradesh,Papum Pare,False,True,BA,"excel,accounting,teamwork,healthcare",Healthcare,Any,5.3,False
C4752,Pari Khanna,23,Female,OBC,Puducherry,Mahe,False,False,BSc,"accounting,sql,supply-chain",Agriculture,Kochi,6.6,False
C4753,Rekha Pillai,24,Female,EWS,Nagaland,Kohima,False,True,MBA,"communication,accounting",IT,Any,8.0,False
C4754,Deepa Pandey,24,Female,OBC,Tamil Nadu,Coimbatore,False,True,B.Com,"project-management,leadership,machine-learning,data-analysis,electrical",Energy,Any,8.5,False
C4755,Sachin Ghosh,25,Male,General,Chandigarh,Chandigarh,False,False,BSc,"graphic-design,finance,leadership,data-analysis,content-writing",Agriculture,Any,7.7,False
C4756,Dhruv Ghosh,21,Male,OBC,Odisha,Kalahandi,False,False,BA,"content-writing,python",Education,Gurgaon,8.7,False
C4757,Manoj Sharma,20,Male,General,Uttarakhand,Udham Singh Nagar,True,False,BA,"research,finance,javascript,supply-chain",IT,Bhubaneswar,7.7,False
C4758,Rahul Dubey,23,Male,OBC,Chandigarh,Chandigarh,False,True,B.Com,"sql,communication,project-management",IT,Delhi,5.8,False
C4759,Vikram Shaikh,25,Male,OBC,Jammu and Kashmir,Pulwama,False,True,BBA,"data-analysis,project-management,electrical,excel",IT,Any,6.8,True
C4760,Sara Yadav,21,Female,ST,Rajasthan,Jaipur,False,False,BBA,"cad,machine-learning,agriculture",Energy,Chennai,7.0,False
C4761,Asha Sen,22,Female,SC,Sikkim,North District,True,False,BSc,"healthcare,mechanical,agriculture",Manufacturing,Any,5.9,False
C4762,Vihaan Malhotra,24,Male,General,Delhi,North Delhi,False,True,B.Com,"mechanical,research,critical-thinking,excel",Education,Jaipur,6.4,False
C4763,Reyansh Tiwari,20,Male,OBC,Maharashtra,Kolhapur,False,False,B.Tech,"excel,hr-management,finance,javascript",IT,Any,6.2,False
C4764,Rakesh Farooqui,20,Male,ST,Telangana,Rangareddy,False,True,MBA,"digital-marketing,finance,healthcare,supply-chain,agriculture",Healthcare,Nagpur,9.4,False
C4765,Geeta Siddiqui,23,Female,General,Himachal Pradesh,Kullu,False,False,MBA,"project-management,excel,sql,cad,marketing",IT,Any,8.0,False
C4766,Rahul Arora,22,Male,OBC,Tamil Nadu,Virudhunagar,True,False,B.Tech,"sql,machine-learning",Manufacturing,Pune,8.0,False
C4767,Riya Pillai,20,Female,OBC,Puducherry,Karaikal,False,False,BSc,"javascript,healthcare",Education,Delhi,8.1,False
C4768,Aryan Agarwal,21,Male,General,Uttarakhand,Dehradun,False,True,B.Com,"excel,research,communication,digital-marketing",Agriculture,Kolkata,7.6,False
C4769,Tanvi Pillai,21,Female,General,Kerala,Thrissur,False,True,BSc,"finance,excel,supply-chain,communication",IT,Any,6.4,False
C4770,Asha Khan,23,Female,SC,Jammu and Kashmir,Rajouri,True,True,B.Com,"supply-chain,digital-marketing,electrical,accounting,teaching",Energy,Any,9.2,False
C4771,Rekha Dubey,22,Female,OBC,Nagaland,Kohima,True,False,B.Tech,"project-management,marketing,accounting,python",IT,Noida,5.9,False
C4772,Rajesh Singh,21,Male,OBC,Andhra Pradesh,East Godavari,False,False,MCA,"communication,research,electrical,finance",Agriculture,Chennai,9.5,False
C4773,Ira Agarwal,21,Female,General,Haryana,Panipat,False,False,B.Tech,"c++,project-management",IT,Noida,8.6,False
C4774,Alex Ahmed,24,Other,General,Bihar,Bhagalpur,False,False,MBA,"supply-chain,problem-solving,python,leadership",Agriculture,Any,8.4,False
C4775,Nikhil Pandey,22,Male,General,Karnataka,Yadgir,True,True,B.Com,"civil,research,critical-thinking",Education,Noida,8.6,False
C4776,Manisha Mehta,22,Female,ST,Bihar,Purnia,True,False,MCA,"research,critical-thinking",Education,Any,7.5,False
C4777,Casey Menon,23,Other,General,Assam,Kamrup,False,False,B.Tech,"leadership,python,digital-marketing,healthcare,marketing",Finance,Noida,6.6,True
C4778,Neha Sharma,20,Female,OBC,Jharkhand,Palamu,False,True,BBA,"cad,healthcare,data-analysis,teaching,research",Agriculture,Hyderabad,7.7,False
C4779,Gaurav Arora,25,Male,SC,Odisha,Malkangiri,False,True,B.Tech,"sql,digital-marketing,supply-chain",Energy,Any,8.2,False
C4780,Reyansh Shaikh,21,Male,OBC,Dadra and Nagar Haveli and Daman and Diu,Daman,False,False,BA,"c++,content-writing",IT,Any,7.2,False
C4781,Casey Rao,24,Other,General,Telangana,Rangareddy,False,False,B.Tech,"c++,research,teaching,electrical,data-analysis",IT,Indore,7.2,False
C4782,Sanjay Farooqui,22,Male,OBC,Rajasthan,Karauli,True,False,BSc,"excel,marketing,content-writing,graphic-design,cad",Finance,Any,7.2,False
C4783,Pari Qureshi,24,Female,EWS,Andaman and Nicobar Islands,Nicobar,False,False,B.Tech,"healthcare,marketing",Healthcare,Bhubaneswar,8.3,True
C4784,Manish Siddiqui,22,Male,ST,Gujarat,Surat,False,True,BSc,"java,machine-learning",Healthcare,Noida,7.4,False
C4785,Aanya Pandey,20,Female,General,Uttarakhand,Champawat,True,True,BSc,"critical-thinking,agriculture",IT,Gurgaon,7.3,False
C4786,Shaurya Hegde,23,Male,OBC,Goa,North Goa,False,False,B.Tech,"data-analysis,supply-chain,communication,healthcare",Manufacturing,Any,5.3,False
C4787,Kavita Singh,25,Female,OBC,Meghalaya,Ribhoi,True,False,BBA,"excel,c++,machine-learning,finance",IT,Any,7.0,False
C4788,Kiara Jain,24,Female,ST,Mizoram,Champhai,False,True,MCA,"digital-marketing,leadership,electrical",Finance,Noida,8.1,False
C4789,Rohan Hussain,20,Male,General,Jharkhand,Simdega,False,True,BBA,"python,mechanical,javascript",Education,Any,6.4,False
C4790,Priya Bose,22,Female,ST,Jammu and Kashmir,Jammu,False,True,MCA,"java,accounting,civil,c++",Manufacturing,Any,8.0,False
C4791,Geeta Rajan,20,Female,General,Tamil Nadu,Salem,False,False,MBA,"sql,teamwork",IT,Any,7.2,False
C4792,Bhavna Naidu,20,Female,EWS,Bihar,Muzaffarpur,True,True,BA,"digital-marketing,content-writing,marketing,teamwork,agriculture",IT,Bhubaneswar,6.0,False
C4793,Varun Kapoor,23,Male,ST,Haryana,Yamunanagar,False,False,BA,"supply-chain,electrical,excel",Finance,Any,7.8,False
C4794,Laxmi Shah,24,Female,General,Goa,South Goa,False,False,BA,"civil,project-management,machine-learning,content-writing",Energy,Kolkata,5.1,False
C4795,Nisha Ansari,23,Female,EWS,Jammu and Kashmir,Srinagar,False,True,MCA,"supply-chain,teaching",IT,Indore,7.7,False
C4796,Komal Choudhary,24,Female,OBC,Delhi,West Delhi,False,False,B.Tech,"python,content-writing,mechanical",Energy,Chandigarh,5.9,False
C4797,Ananya Bhatia,24,Female,OBC,Nagaland,Kohima,False,True,B.Com,"electrical,excel,leadership",Education,Hyderabad,7.4,False
C4798,Riya Desai,24,Other,OBC,Tripura,Unakoti,False,False,MCA,"python,cad",Finance,Any,7.4,False
C4799,Sonal Verma,22,Female,OBC,Madhya Pradesh,Rewa,False,False,B.Tech,"accounting,communication,excel",Agriculture,Chandigarh,7.9,False
C4800,Swati Banerjee,24,Female,OBC,Jharkhand,Ramgarh,False,True,B.Tech,"digital-marketing,java,marketing",IT,Coimbatore,7.0,True
C4801,Vikram Subramanian,25,Male,OBC,Jammu and Kashmir,Anantnag,False,True,BBA,"cad,healthcare,research,machine-learning,problem-solving",Finance,Gurgaon,8.1,False
C4802,Pankaj Gupta,24,Male,General,Madhya Pradesh,Indore,False,False,B.Com,"research,mechanical",Energy,Any,5.5,False
C4803,Sai Mukherjee,20,Male,SC,Himachal Pradesh,Mandi,False,True,MCA,"hr-management,java,excel,communication,machine-learning",Finance,Jaipur,6.6,False
C4804,Yash Yadav,22,Male,OBC,Arunachal Pradesh,Lower Subansiri,False,True,BSc,"graphic-design,cad,teamwork,teaching,content-writing",IT,Noida,8.1,False
C4805,Ritu Ansari,21,Female,SC,Himachal Pradesh,Kullu,False,False,MBA,"java,electrical",Healthcare,Indore,7.1,False
C4806,Kabir Qureshi,24,Other,EWS,Chandigarh,Chandigarh,False,True,MCA,"project-management,data-analysis,javascript",IT,Noida,8.7,False
C4807,Laxmi Mehta,24,Female,General,Odisha,Puri,False,False,B.Com,"python,healthcare,hr-management",Energy,Any,8.0,False
C4808,Priya Iyer,24,Female,EWS,West Bengal,South 24 Parganas,False,False,BA,"leadership,accounting,critical-thinking,cad,excel",Agriculture,Coimbatore,6.2,False
C4809,Sneha Patel,21,Female,ST,Arunachal Pradesh,Changlang,False,True,B.Com,"excel,electrical,finance,mechanical,content-writing",Education,Ahmedabad,7.9,False
C4810,Pallavi Subramanian,25,Female,General,Rajasthan,Jaisalmer,False,False,MBA,"machine-learning,data-analysis,teamwork,teaching",Finance,Jaipur,7.3,False
C4811,Aryan Tiwari,25,Male,OBC,Haryana,Gurugram,False,False,BBA,"finance,mechanical,java,c++,digital-marketing",IT,Any,6.8,True
C4812,Manoj Rao,23,Male,General,Jharkhand,Hazaribagh,False,True,B.Tech,"critical-thinking,c++,research,data-analysis",IT,Pune,7.2,True
C4813,Krishna Banerjee,21,Male,SC,Maharashtra,Solapur,False,False,B.Tech,"research,civil,data-analysis,cad",Education,Hyderabad,6.4,False
C4814,Pranav Rajan,23,Male,General,Telangana,Khammam,False,False,MCA,"excel,communication,graphic-design,data-analysis,civil",Finance,Any,6.4,False
C4815,Manish Tiwari,24,Male,ST,Punjab,Bathinda,True,True,B.Com,"leadership,graphic-design,electrical,project-management",Energy,Bhubaneswar,5.0,False
C4816,Kiara Krishnan,25,Female,General,Nagaland,Dimapur,True,False,BBA,"civil,data-analysis",IT,Any,7.4,False
C4817,Sunil Shetty,20,Male,General,Jharkhand,Simdega,True,True,MCA,"data-analysis,project-management,cad,marketing,leadership",Finance,Any,7.2,True
C4818,Naveen Siddiqui,21,Male,General,Odisha,Dhenkanal,False,False,BSc,"java,accounting",Energy,Any,7.2,False
C4819,Suman Thakur,20,Female,General,Punjab,Ludhiana,False,False,BA,"teamwork,marketing,healthcare,research,mechanical",IT,Mumbai,7.1,False
C4820,Aadhya Agarwal,24,Female,OBC,Chhattisgarh,Durg,False,False,B.Com,"electrical,civil",Healthcare,Kochi,8.4,False
C4821,Sunita Ahmed,21,Female,ST,Maharashtra,Osmanabad,False,False,MBA,"data-analysis,leadership,finance,c++,electrical",Manufacturing,Kolkata,6.6,False
C4822,Kavita Subramanian,20,Female,General,Ladakh,Leh,False,False,B.Com,"mechanical,accounting,critical-thinking,civil,healthcare",IT,Nagpur,6.4,False
C4823,Riya Arora,25,Female,SC,Uttar Pradesh,Balrampur,False,False,B.Tech,"communication,agriculture,accounting,c++,mechanical",Finance,Delhi,6.2,False
C4824,Suman Gaikwad,21,Female,OBC,Maharashtra,Ahmednagar,False,False,MBA,"python,digital-marketing,communication",Energy,Vadodara,8.6,False
C4825,Anil Choudhary,24,Male,EWS,Tamil Nadu,Madurai,False,False,B.Com,"graphic-design,accounting",Manufacturing,Any,6.1,False
C4826,Mohit Arora,21,Male,OBC,Puducherry,Karaikal,False,False,BBA,"digital-marketing,hr-management,electrical,data-analysis,teaching",Energy,Nagpur,6.1,False
C4827,Deepa Reddy,22,Female,OBC,Rajasthan,Dholpur,False,False,MBA,"civil,teaching",Agriculture,Chennai,7.3,False
C4828,Rudra Siddiqui,22,Male,General,Goa,North Goa,False,True,B.Tech,"teamwork,hr-management",Finance,Any,5.9,False
C4829,Deepa Krishnan,20,Female,General,Ladakh,Kargil,False,False,MCA,"c++,java,hr-management",Healthcare,Any,6.1,False
C4830,Aryan Krishnan,20,Male,OBC,Haryana,Hisar,False,True,B.Tech,"python,leadership,graphic-design,critical-thinking",Manufacturing,Any,9.6,False
C4831,Manisha Sharma,25,Female,OBC,Odisha,Ganjam,False,True,B.Com,"digital-marketing,data-analysis,mechanical,javascript",Energy,Kochi,6.6,False
C4832,Asha Ali,21,Female,OBC,Telangana,Warangal,False,True,BBA,"supply-chain,teamwork,cad,communication",IT,Ahmedabad,8.1,False
C4833,Aadhya Mehta,21,Female,OBC,Lakshadweep,Agatti,False,False,BA,"critical-thinking,finance,healthcare,teaching,electrical",Education,Any,8.6,False
C4834,Rekha Choudhary,24,Female,SC,Uttar Pradesh,Noida,False,False,B.Tech,"civil,marketing,c++,digital-marketing",Healthcare,Mumbai,8.6,False
C4835,Advik Joshi,22,Male,OBC,Chandigarh,Chandigarh,False,False,BSc,"electrical,finance,hr-management",Finance,Any,7.7,False
C4836,Asha Jadhav,22,Female,SC,Odisha,Koraput,False,False,BA,"leadership,research,javascript,c++",IT,Ahmedabad,8.2,False
C4837,Rahul Hegde,20,Male,ST,Andaman and Nicobar Islands,North and Middle Andaman,False,False,BSc,"python,communication,teamwork,project-management",Agriculture,Any,5.6,False
C4838,Kabir Kapoor,22,Other,ST,Ladakh,Leh,False,False,BSc,"accounting,data-analysis,java",Manufacturing,Any,7.6,False
C4839,Divya Arora,22,Female,General,Manipur,Thoubal,False,False,BBA,"sql,accounting,electrical,machine-learning,digital-marketing",Agriculture,Kochi,5.7,False
C4840,Swati Sharma,24,Female,OBC,Manipur,Chandel,True,False,MBA,"research,javascript,civil,accounting,teaching",IT,Indore,6.4,False
C4841,Krishna Mukherjee,23,Male,General,Madhya Pradesh,Vidisha,True,True,BA,"hr-management,project-management,communication,marketing",Agriculture,Any,8.2,False
C4842,Sunita More,23,Female,OBC,Puducherry,Puducherry,True,False,BSc,"electrical,communication,supply-chain,teamwork",IT,Hyderabad,7.1,False
C4843,Pooja Shaikh,24,Female,OBC,Punjab,Moga,False,True,BSc,"excel,teaching,electrical,marketing,problem-solving",Education,Any,7.9,False
C4844,Sunita Chopra,21,Female,General,Andhra Pradesh,Anantapur,False,False,BSc,"graphic-design,leadership",IT,Any,6.7,False
C4845,Yash Gaikwad,23,Male,SC,West Bengal,Hooghly,False,False,B.Tech,"cad,digital-marketing",IT,Any,6.6,False
C4846,Taylor Chopra,22,Other,General,Meghalaya,East Khasi Hills,False,True,B.Tech,"mechanical,teamwork,python",Energy,Jaipur,5.0,False
C4847,Sachin Nair,20,Male,General,Madhya Pradesh,Damoh,False,True,BBA,"critical-thinking,civil,research",Energy,Any,8.3,False
C4848,Harsh Shah,25,Male,ST,Himachal Pradesh,Solan,False,False,MCA,"data-analysis,teaching,mechanical,accounting,cad",Healthcare,Any,7.9,True
C4849,Ira Naidu,20,Female,OBC,Telangana,Nizamabad,False,False,BBA,"data-analysis,critical-thinking,communication",Manufacturing,Any,7.1,False
C4850,Vivaan Hegde,22,Male,ST,Uttarakhand,Almora,False,True,B.Tech,"java,cad,teaching,machine-learning,accounting",IT,Bhubaneswar,8.2,False
C4851,Yash Das,25,Male,General,Dadra and Nagar Haveli and Daman and Diu,Dadra and Nagar Haveli,False,False,B.Tech,"graphic-design,mechanical,python",Agriculture,Indore,7.4,False
C4852,Vivek Joshi,24,Male,General,Rajasthan,Kota,False,True,MCA,"research,python,finance,electrical,supply-chain",Agriculture,Noida,6.6,False
C4853,Sunita Patil,23,Female,General,Maharashtra,Ahmednagar,False,False,B.Com,"healthcare,excel",Finance,Coimbatore,6.8,False
C4854,Aarohi Mehta,23,Female,OBC,Meghalaya,West Garo Hills,False,True,B.Com,"sql,teaching,critical-thinking,problem-solving,teamwork",Healthcare,Ahmedabad,5.9,False
C4855,Avni Malhotra,22,Female,OBC,Assam,Dhubri,True,False,B.Com,"data-analysis,javascript,leadership,finance",IT,Vadodara,7.2,False
C4856,Kiara Desai,25,Female,OBC,Manipur,Chandel,True,False,BSc,"finance,javascript,graphic-design,hr-management",Education,Any,6.8,False
C4857,Ajay Krishnan,20,Male,OBC,Arunachal Pradesh,Namsai,True,False,BSc,"machine-learning,python,teaching,leadership,problem-solving",Healthcare,Lucknow,6.9,False
C4858,Vivaan Kulkarni,20,Male,OBC,Andaman and Nicobar Islands,South Andaman,False,False,MBA,"marketing,problem-solving",Healthcare,Any,8.0,False
C4859,Abhishek More,22,Male,General,Uttar Pradesh,Sonbhadra,True,True,BA,"graphic-design,content-writing,communication,accounting",IT,Any,8.9,False
C4860,Sanjay Banerjee,20,Male,OBC,Jammu and Kashmir,Rajouri,True,False,B.Tech,"project-management,finance,supply-chain,teamwork,problem-solving",Agriculture,Any,6.4,False
C4861,Pooja Rao,25,Female,ST,Lakshadweep,Minicoy,True,True,MCA,"machine-learning,supply-chain",Healthcare,Vadodara,6.6,False
C4862,Shreya Krishnan,20,Female,OBC,Lakshadweep,Kavaratti,False,True,B.Com,"civil,electrical",Agriculture,Hyderabad,8.6,False
C4863,Manish Verma,21,Male,OBC,Delhi,South West Delhi,False,False,MBA,"healthcare,content-writing,civil,machine-learning",Healthcare,Kochi,7.2,False
C4864,Riya Roy,22,Female,General,Bihar,Muzaffarpur,True,True,MCA,"javascript,critical-thinking,healthcare",Energy,Lucknow,7.0,True
C4865,Vihaan Sen,25,Male,General,Chhattisgarh,Korba,True,False,B.Tech,"machine-learning,python,research,healthcare,teamwork",Manufacturing,Pune,5.8,False
C4866,Kavya Das,24,Female,SC,Rajasthan,Udaipur,False,False,B.Tech,"critical-thinking,supply-chain,mechanical",Agriculture,Any,8.8,False
C4867,Ravi Joshi,24,Male,ST,Karnataka,Mysuru,False,False,BSc,"python,c++",IT,Lucknow,8.2,False
C4868,Alex Desai,24,Other,ST,Sikkim,West District,True,False,BSc,"sql,finance,cad,digital-marketing,leadership",Energy,Chandigarh,8.6,False
C4869,Siddharth Mukherjee,20,Male,General,Kerala,Alappuzha,False,True,BA,"research,cad,graphic-design,electrical,communication",Finance,Indore,6.8,False
C4870,Preeti Farooqui,22,Female,General,Chandigarh,Chandigarh,True,False,B.Tech,"c++,data-analysis",Energy,Mumbai,6.6,False
C4871,Kavita Bose,24,Female,OBC,Punjab,Ludhiana,False,False,B.Tech,"teamwork,javascript",IT,Any,6.0,False
C4872,Abhishek Roy,23,Male,General,Haryana,Yamunanagar,False,False,BBA,"java,marketing",Healthcare,Any,6.5,False
C4873,Saanvi Mirza,25,Female,SC,Chandigarh,Chandigarh,False,False,BSc,"civil,graphic-design,excel,accounting",Finance,Kolkata,5.9,False
C4874,Aditya Rao,23,Male,OBC,Bihar,Khagaria,True,False,B.Tech,"mechanical,research",IT,Bhubaneswar,9.2,True
C4875,Pooja Tiwari,20,Female,OBC,Chhattisgarh,Narayanpur,True,False,B.Com,"digital-marketing,accounting,marketing",Healthcare,Jaipur,8.3,False
C4876,Aarav Sen,22,Male,General,Arunachal Pradesh,West Kameng,False,False,B.Tech,"research,machine-learning",Agriculture,Kochi,7.9,False
C4877,Meera Ansari,20,Female,EWS,Lakshadweep,Agatti,False,True,B.Com,"javascript,marketing,graphic-design,teaching,content-writing",IT,Pune,6.6,True
C4878,Isha Chatterjee,22,Female,OBC,Ladakh,Kargil,False,False,BBA,"marketing,data-analysis,healthcare,java",Manufacturing,Vadodara,5.8,False
C4879,Ayaan Mehta,22,Male,SC,Bihar,Nalanda,False,True,B.Com,"critical-thinking,digital-marketing,research,data-analysis",IT,Ahmedabad,6.5,False
C4880,Advik Farooqui,24,Male,OBC,Andaman and Nicobar Islands,South Andaman,False,False,B.Com,"project-management,electrical,supply-chain",Healthcare,Gurgaon,5.9,False
C4881,Aryan Krishnan,20,Male,SC,Arunachal Pradesh,East Siang,False,False,BA,"java,marketing,javascript",Healthcare,Hyderabad,6.4,False
C4882,Arjun Choudhary,21,Male,EWS,Arunachal Pradesh,Papum Pare,False,False,B.Tech,"electrical,python,leadership,hr-management",IT,Any,9.3,True
C4883,Laxmi Desai,22,Female,OBC,Assam,Dhubri,True,False,BA,"critical-thinking,javascript,c++,teaching,research",IT,Gurgaon,7.6,False
C4884,Nikhil Pandey,21,Male,General,Maharashtra,Nashik,False,False,B.Tech,"teamwork,javascript",Finance,Any,7.9,True
C4885,Asha Naidu,21,Female,SC,Bihar,Patna,True,False,B.Tech,"electrical,civil,healthcare,digital-marketing",Healthcare,Jaipur,6.8,True
C4886,Sachin Nair,22,Male,ST,Haryana,Gurugram,False,False,B.Com,"teamwork,python,communication,leadership",Energy,Hyderabad,5.8,False
C4887,Rahul Ali,24,Male,General,Odisha,Khordha,False,True,BBA,"teaching,mechanical",Finance,Coimbatore,6.5,False
C4888,Kiara Qureshi,22,Female,OBC,Odisha,Khordha,False,False,B.Tech,"data-analysis,marketing,teaching",Education,Any,7.9,False
C4889,Riya Desai,20,Female,General,Uttar Pradesh,Kanpur Nagar,False,False,B.Tech,"problem-solving,civil,leadership",IT,Chennai,7.8,False
C4890,Aadhya Pandey,21,Female,SC,Mizoram,Mamit,True,True,MBA,"digital-marketing,graphic-design",Finance,Vadodara,7.2,False
C4891,Vivaan Malhotra,20,Male,SC,Meghalaya,East Khasi Hills,False,True,BA,"java,data-analysis,digital-marketing,communication",IT,Mumbai,8.2,False
C4892,Veer Khanna,23,Male,General,Karnataka,Mysuru,False,False,BBA,"marketing,supply-chain,electrical",IT,Mumbai,7.0,False
C4893,Komal Banerjee,23,Female,General,Mizoram,Mamit,False,False,BA,"civil,python,mechanical,c++,teamwork",Education,Lucknow,7.3,False
C4894,Anita Khan,22,Female,SC,Meghalaya,West Garo Hills,False,True,B.Tech,"finance,project-management,critical-thinking",Education,Pune,7.2,False
C4895,Karan Pillai,21,Male,ST,Kerala,Palakkad,False,True,BSc,"critical-thinking,excel",Manufacturing,Any,6.6,False
C4896,Sunil Joshi,21,Male,EWS,Tamil Nadu,Thanjavur,False,False,BSc,"research,java,graphic-design",Finance,Kolkata,5.2,False
C4897,Deepak Roy,23,Male,SC,Himachal Pradesh,Shimla,True,True,B.Com,"teaching,teamwork,mechanical,javascript",IT,Any,8.0,False
C4898,Priya Shaikh,24,Female,OBC,Puducherry,Mahe,False,False,BSc,"supply-chain,sql,marketing",Finance,Bhubaneswar,9.2,False
C4899,Sonal Rao,24,Female,OBC,Arunachal Pradesh,Papum Pare,False,False,BSc,"content-writing,sql,cad,agriculture",IT,Any,8.8,False
C4900,Sunil Roy,20,Male,General,Kerala,Kannur,False,False,B.Com,"supply-chain,marketing,electrical",Agriculture,Any,6.3,True
C4901,Vivaan Khanna,25,Male,OBC,Chhattisgarh,Bilaspur,False,False,B.Com,"digital-marketing,finance,healthcare,mechanical,problem-solving",Energy,Any,7.4,False
C4902,Sunita Chopra,22,Female,SC,Dadra and Nagar Haveli and Daman and Diu,Diu,True,True,BSc,"excel,teamwork,critical-thinking",Finance,Chennai,9.6,False
C4903,Rani Joshi,25,Female,ST,Uttar Pradesh,Balrampur,False,True,MBA,"c++,project-management",Manufacturing,Any,6.7,False
C4904,Riya Sharma,22,Female,SC,Madhya Pradesh,Guna,False,True,BA,"healthcare,content-writing",Agriculture,Mumbai,8.6,False
C4905,Aadhya Verma,24,Female,General,Gujarat,Bhavnagar,True,True,B.Com,"machine-learning,critical-thinking,research",Education,Mumbai,9.4,False
C4906,Siddharth Verma,21,Male,OBC,Kerala,Wayanad,True,False,MBA,"agriculture,leadership,critical-thinking",Energy,Any,6.3,False
C4907,Sachin Reddy,23,Male,General,Tripura,South Tripura,False,False,B.Com,"teamwork,healthcare,hr-management,critical-thinking",Agriculture,Vadodara,6.6,False
C4908,Vivaan Qureshi,24,Male,SC,Goa,North Goa,False,False,MCA,"project-management,civil,c++,healthcare,accounting",IT,Kolkata,8.0,False
C4909,Ankit Chatterjee,22,Male,EWS,Mizoram,Lunglei,False,True,B.Com,"javascript,python,critical-thinking,problem-solving,sql",IT,Any,7.6,False
C4910,Shalini Jadhav,23,Female,EWS,Dadra and Nagar Haveli and Daman and Diu,Daman,False,True,BBA,"critical-thinking,civil,machine-learning,agriculture,cad",Education,Jaipur,7.4,False
C4911,Diya Chatterjee,23,Female,General,Uttar Pradesh,Gorakhpur,False,True,BA,"agriculture,python,finance,healthcare,civil",Finance,Coimbatore,6.1,False
C4912,Deepa Hegde,22,Female,ST,Kerala,Kozhikode,False,False,BSc,"content-writing,machine-learning,cad",IT,Any,6.9,False
C4913,Rekha Gaikwad,25,Female,EWS,Andaman and Nicobar Islands,Nicobar,True,False,B.Com,"sql,agriculture",IT,Any,7.6,False
C4914,Vandana Kapoor,20,Female,ST,Gujarat,Jamnagar,False,True,MBA,"mechanical,communication,project-management",Energy,Any,7.4,True
C4915,Asha Iyer,22,Female,EWS,Puducherry,Mahe,True,False,BBA,"graphic-design,leadership",Education,Kolkata,7.2,False
C4916,Amit Kapoor,21,Male,General,Mizoram,Champhai,False,True,BSc,"cad,problem-solving,java,accounting",Education,Kochi,7.8,False
C4917,Rudra Mishra,23,Male,OBC,Tripura,North Tripura,True,False,BBA,"python,project-management,problem-solving,java,excel",Healthcare,Gurgaon,8.7,False
C4918,Sunita Dubey,24,Female,OBC,Telangana,Hyderabad,False,False,MBA,"python,teamwork,content-writing",Energy,Indore,8.2,False
C4919,Kiara Malhotra,20,Female,General,Chandigarh,Chandigarh,False,False,MBA,"critical-thinking,sql,civil",IT,Any,7.5,False
C4920,Ayaan Rao,21,Male,OBC,Mizoram,Kolasib,False,True,B.Tech,"excel,hr-management",IT,Bangalore,6.8,False
C4921,Rudra Shetty,25,Male,SC,Manipur,Bishnupur,False,False,MCA,"machine-learning,project-management",IT,Nagpur,6.5,False
C4922,Shalini Nair,21,Female,SC,Karnataka,Ballari,False,True,BSc,"healthcare,problem-solving",IT,Mumbai,6.1,False
C4923,Taylor Krishnan,20,Other,OBC,Ladakh,Leh,False,True,B.Com,"javascript,hr-management",Agriculture,Any,8.3,False
C4924,Laxmi Naidu,21,Female,General,West Bengal,Dakshin Dinajpur,False,False,BSc,"sql,research,graphic-design,excel,agriculture",Healthcare,Any,5.4,True
C4925,Rakesh Kumar,25,Male,EWS,Mizoram,Lunglei,False,False,MCA,"supply-chain,finance,java",Agriculture,Bhubaneswar,5.1,False
C4926,Pari Rajan,21,Female,General,Manipur,Imphal West,False,True,BA,"java,electrical,marketing",IT,Any,6.6,False
C4927,Suresh Mishra,23,Male,General,Bihar,Jamui,False,False,BA,"cad,civil,critical-thinking,teaching",Energy,Any,7.0,False
C4928,Anil Subramanian,25,Male,SC,Himachal Pradesh,Shimla,False,False,BBA,"teamwork,problem-solving",Healthcare,Any,6.8,False
C4929,Gaurav Ghosh,20,Male,ST,Haryana,Gurugram,False,False,B.Tech,"c++,project-management,hr-management,java",IT,Delhi,6.0,True
C4930,Anika Hussain,25,Female,General,Tamil Nadu,Vellore,False,False,B.Tech,"graphic-design,cad,supply-chain,javascript",Education,Lucknow,8.2,False
C4931,Rekha Das,22,Female,OBC,Tripura,Gomati,False,True,BSc,"teamwork,problem-solving,mechanical,communication",Healthcare,Delhi,6.6,False
C4932,Veer Qureshi,21,Male,OBC,Gujarat,Ahmedabad,False,True,BSc,"problem-solving,java",IT,Any,5.5,False
C4933,Shalini Patil,25,Female,General,Rajasthan,Udaipur,False,True,B.Com,"excel,electrical,problem-solving,java",Education,Chandigarh,5.9,False
C4934,Divya Chopra,22,Female,EWS,Bihar,Khagaria,True,False,MBA,"python,mechanical",Energy,Any,7.3,False
C4935,Ritu Bose,24,Female,ST,Gujarat,Gandhinagar,False,True,B.Tech,"healthcare,civil,digital-marketing",IT,Hyderabad,6.7,False
C4936,Aadhya Bhatia,22,Female,SC,Kerala,Kannur,False,False,MBA,"project-management,graphic-design,leadership,research",Energy,Vadodara,8.7,False
C4937,Varun Khanna,25,Male,EWS,Uttarakhand,Haridwar,True,False,B.Com,"python,electrical,communication",IT,Any,7.0,False
C4938,Rudra Subramanian,22,Male,OBC,Rajasthan,Karauli,True,False,B.Tech,"data-analysis,content-writing,cad,project-management",IT,Any,7.6,False
C4939,Sunita Jadhav,22,Female,SC,Kerala,Thiruvananthapuram,False,True,MBA,"cad,sql",Manufacturing,Any,6.3,False
C4940,Abhishek Thakur,25,Male,OBC,West Bengal,Darjeeling,False,False,MCA,"data-analysis,python",Finance,Any,6.5,False
C4941,Shreya Siddiqui,22,Female,OBC,Manipur,Bishnupur,False,True,BA,"problem-solving,critical-thinking,hr-management,javascript",Finance,Kolkata,8.6,False
C4942,Dhruv Farooqui,22,Male,General,Bihar,Sheikhpura,True,False,BA,"digital-marketing,graphic-design,teamwork,problem-solving",IT,Any,9.0,True
C4943,Pranav Naidu,25,Male,OBC,Nagaland,Tuensang,False,False,BSc,"problem-solving,mechanical",Energy,Kochi,5.8,False
C4944,Laxmi Roy,23,Female,SC,Puducherry,Yanam,False,True,MBA,"electrical,leadership,research",Education,Chandigarh,5.6,False
C4945,Deepa Agarwal,24,Female,OBC,Tripura,North Tripura,False,True,B.Com,"agriculture,machine-learning,excel",Healthcare,Kolkata,7.8,True
C4946,Tanvi Mishra,25,Female,SC,Goa,South Goa,False,True,B.Com,"accounting,research,machine-learning,teaching,communication",Education,Ahmedabad,5.8,False
C4947,Anika Farooqui,23,Female,OBC,Madhya Pradesh,Singrauli,True,True,B.Com,"agriculture,data-analysis,communication",Healthcare,Vadodara,8.3,False
C4948,Ritu Hussain,25,Female,EWS,Odisha,Kandhamal,False,False,MCA,"teamwork,teaching,graphic-design,communication,project-management",Manufacturing,Gurgaon,7.8,False
C4949,Sneha Yadav,24,Female,OBC,Gujarat,Kutch,False,True,BA,"agriculture,python",IT,Kochi,7.8,False
C4950,Riya Mirza,20,Other,EWS,Tripura,Dhalai,True,True,BSc,"teaching,leadership,critical-thinking,python",IT,Ahmedabad,6.7,False
C4951,Amit Sharma,22,Male,SC,West Bengal,North 24 Parganas,True,True,MBA,"cad,healthcare",IT,Any,7.3,False
C4952,Veer Qureshi,22,Male,General,Uttarakhand,Nainital,False,False,B.Tech,"graphic-design,accounting",IT,Any,9.5,False
C4953,Asha Gaikwad,23,Female,SC,Jammu and Kashmir,Jammu,False,False,B.Tech,"teamwork,accounting,critical-thinking",Manufacturing,Ahmedabad,6.1,False
C4954,Pallavi Kumar,22,Female,OBC,Jammu and Kashmir,Srinagar,False,True,B.Tech,"teamwork,mechanical,agriculture",IT,Any,7.5,False
C4955,Rahul Ali,23,Male,General,Sikkim,Gangtok,False,True,B.Com,"mechanical,sql",Finance,Any,9.0,False
C4956,Nisha Qureshi,24,Female,General,Uttarakhand,Champawat,False,True,BBA,"javascript,finance,teamwork,research",Energy,Any,6.3,False
C4957,Nikhil Mukherjee,23,Male,OBC,Manipur,Churachandpur,False,False,B.Tech,"healthcare,project-management,hr-management",Finance,Jaipur,6.1,False
C4958,Komal Mehta,21,Female,SC,Andhra Pradesh,Kurnool,False,True,BSc,"data-analysis,research,critical-thinking,python,healthcare",IT,Any,5.6,False
C4959,Manish Shetty,22,Male,ST,Lakshadweep,Minicoy,False,True,BSc,"graphic-design,accounting",Education,Any,6.4,False
C4960,Amit Mehta,21,Male,ST,Punjab,Firozpur,False,True,BBA,"communication,marketing,cad,digital-marketing,hr-management",IT,Gurgaon,7.7,False
C4961,Anil Mirza,25,Male,OBC,Jammu and Kashmir,Baramulla,False,False,B.Com,"problem-solving,finance,teaching,javascript,excel",Finance,Hyderabad,8.2,False
C4962,Navya Shah,20,Female,ST,Tamil Nadu,Vellore,False,False,MBA,"communication,teaching,supply-chain",Manufacturing,Any,8.6,False
C4963,Anita Subramanian,20,Female,General,Manipur,Imphal West,False,False,BA,"content-writing,leadership,c++,electrical",Education,Coimbatore,6.9,True
C4964,Nikhil Sharma,25,Male,OBC,Sikkim,North District,False,False,MBA,"java,marketing,graphic-design,supply-chain",Finance,Any,5.0,False
C4965,Sachin Subramanian,20,Male,General,Goa,South Goa,False,False,B.Tech,"digital-marketing,excel,agriculture",Agriculture,Coimbatore,8.2,False
C4966,Dhruv Mukherjee,25,Male,OBC,Andhra Pradesh,Vizianagaram,False,False,B.Tech,"content-writing,electrical,cad",IT,Pune,7.9,False
C4967,Meera Rajan,23,Female,General,Sikkim,South District,False,False,MBA,"problem-solving,sql,excel",Education,Coimbatore,6.1,False
C4968,Sai Joshi,24,Male,General,Delhi,East Delhi,False,False,B.Com,"teaching,sql,communication,marketing",Agriculture,Any,7.6,False
C4969,Aadi Verma,24,Male,EWS,Mizoram,Aizawl,False,True,B.Tech,"supply-chain,agriculture,content-writing,leadership,problem-solving",IT,Chandigarh,7.9,False
C4970,Divya Shah,22,Female,OBC,Punjab,Ludhiana,False,True,MCA,"finance,problem-solving",Finance,Chandigarh,7.8,False
C4971,Anil Chatterjee,24,Male,ST,Goa,South Goa,False,False,BA,"critical-thinking,excel,python,teaching",Healthcare,Kolkata,8.3,False
C4972,Pallavi Patel,23,Female,ST,Delhi,East Delhi,False,True,B.Tech,"java,communication",Finance,Any,8.4,False
C4973,Nisha Mishra,20,Female,OBC,Dadra and Nagar Haveli and Daman and Diu,Daman,False,False,B.Tech,"graphic-design,data-analysis,mechanical,c++,excel",Manufacturing,Chennai,6.4,False
C4974,Anita Qureshi,20,Female,General,Jammu and Kashmir,Kathua,False,False,B.Tech,"java,python,project-management",IT,Any,7.2,False
C4975,Myra Rao,21,Female,OBC,Haryana,Yamunanagar,False,False,MBA,"excel,supply-chain,graphic-design,python",Education,Any,8.5,False
C4976,Vivek Subramanian,22,Male,General,Odisha,Puri,True,False,B.Com,"graphic-design,finance,sql",IT,Pune,6.9,False
C4977,Aditya Banerjee,21,Male,OBC,Telangana,Medchal,False,False,BA,"teamwork,graphic-design,critical-thinking",IT,Any,8.1,False
C4978,Geeta Gaikwad,25,Female,ST,Manipur,Ukhrul,True,False,B.Tech,"problem-solving,electrical",Education,Vadodara,8.2,False
C4979,Aditi Krishnan,24,Female,OBC,Puducherry,Yanam,False,True,MCA,"c++,java,civil,electrical,machine-learning",IT,Nagpur,5.3,False
C4980,Sara Bhatia,20,Female,OBC,Sikkim,South District,False,False,MCA,"mechanical,graphic-design,teaching,java",Education,Delhi,5.2,False
C4981,Priya Rao,20,Female,ST,Rajasthan,Udaipur,False,True,MBA,"civil,research,supply-chain,leadership,teamwork",Healthcare,Indore,7.0,False
C4982,Atharv Ali,25,Male,SC,Nagaland,Mokokchung,False,False,B.Tech,"accounting,research,excel",Manufacturing,Mumbai,6.5,False
C4983,Ira Qureshi,20,Female,General,Goa,South Goa,False,True,B.Com,"problem-solving,graphic-design,supply-chain",Finance,Ahmedabad,7.6,False
C4984,Aadhya Mehta,25,Female,General,Lakshadweep,Kavaratti,False,True,B.Tech,"electrical,supply-chain",IT,Chennai,8.1,False
C4985,Neha Verma,23,Female,ST,Puducherry,Mahe,False,False,B.Com,"critical-thinking,python,supply-chain",IT,Any,8.5,False
C4986,Tanvi Ansari,20,Female,General,Puducherry,Karaikal,False,True,BSc,"agriculture,java,electrical",Healthcare,Delhi,7.1,False
C4987,Vivaan Ansari,22,Male,SC,Chhattisgarh,Durg,False,False,B.Com,"agriculture,leadership,teamwork,python,java",Energy,Coimbatore,9.3,False
C4988,Pari Khanna,25,Female,ST,Sikkim,Gangtok,False,False,B.Com,"mechanical,communication,critical-thinking,teaching,research",Education,Bangalore,7.7,False
C4989,Vivek Ansari,20,Male,General,Lakshadweep,Kavaratti,False,True,BA,"critical-thinking,communication",Energy,Mumbai,5.0,False
C4990,Ira Sharma,24,Female,SC,Madhya Pradesh,Sagar,False,False,BA,"teamwork,python,civil,hr-management",IT,Any,6.5,False
C4991,Kavya Joshi,25,Female,SC,Manipur,Thoubal,False,True,BBA,"leadership,c++,mechanical,java",Education,Any,6.3,False
C4992,Ritu Jadhav,21,Female,OBC,Dadra and Nagar Haveli and Daman and Diu,Diu,False,False,B.Tech,"hr-management,mechanical,teamwork",IT,Ahmedabad,5.7,False
C4993,Suresh Shaikh,20,Male,General,Tripura,Dhalai,True,True,MCA,"mechanical,agriculture,machine-learning",Energy,Coimbatore,6.6,False
C4994,Sachin Kulkarni,20,Male,General,Tamil Nadu,Kanchipuram,False,True,MBA,"java,research",Manufacturing,Any,6.8,False
C4995,Yash Ansari,20,Male,OBC,Punjab,Amritsar,False,False,B.Tech,"graphic-design,java",IT,Any,9.3,False
C4996,Pari Malhotra,25,Female,ST,Odisha,Ganjam,False,True,BSc,"healthcare,c++",Healthcare,Any,7.8,False
C4997,Geeta Iyer,25,Female,General,Tripura,Gomati,False,True,BSc,"machine-learning,excel,data-analysis,digital-marketing,teamwork",Agriculture,Ahmedabad,5.7,False
C4998,Manoj Choudhary,21,Male,General,Chandigarh,Chandigarh,False,True,BBA,"supply-chain,leadership,excel",Healthcare,Any,7.6,False
C4999,Pooja Banerjee,25,Female,OBC,Kerala,Wayanad,True,True,MCA,"python,research,sql,teaching,data-analysis",IT,Delhi,8.1,False
C5000,Ira Shetty,23,Female,General,Ladakh,Leh,False,False,MCA,"data-analysis,digital-marketing,machine-learning,agriculture",Education,Gurgaon,7.2,False
